id;servicioId;nombre_hospedador;capacidad;comodidades;calificacion
8349;1808;Jared Chaney;2;"everyone;sure;actually;tell;claim";2.4
1094;1699;Holly Freeman;6;"maybe;type;run;concern;think";1.6
5567;2799;Rachel Bradley;1;"reach;present;sing;low;argue";3.2
1753;3000;Mark Taylor;6;"figure;or;painting;effect;professional";1.4
6091;434;Troy Henderson;1;"even;good;easy;provide;idea";2.7
4653;601;Robert Baker;6;"term;structure;Mrs;animal;include";1.1
120;3647;Andrea Hudson;10;"last;movie;report;agency;let";1.1
7303;1243;Sean Medina;2;"cut;relationship;city;son;parent";1.9
6126;1590;Douglas Johnson;4;"growth;behind;machine;national;continue";4.4
3478;4540;Michelle Park;1;"have;respond;beautiful;suffer;third";3.0
6388;1290;Julie Ali;3;"never;difference;event;project;medical";3.0
1848;4876;Jessica Aguilar;6;"hand;cell;democratic;read;pick";4.3
9473;4714;Francisco Mckenzie;9;"effort;magazine;identify;family;mention";4.3
3505;4692;Jay Phillips II;5;"share;soon;act;meeting;along";3.4
5621;3455;Brenda Herrera;4;"exactly;health;language;law;save";2.9
9573;4151;Aaron Scott;6;"far;let;inside;speech;rise";3.8
5593;1039;Ruth Garcia;1;"real;every;expert;occur;less";1.1
4320;1130;Sarah Bradshaw;5;"news;worker;mention;expert;write";3.0
4336;3852;Brian Hoover;10;"continue;feel;you;value;deep";1.7
3977;1659;Kathy Shea;1;"speak;bag;reason;participant;trouble";2.0
2374;4360;James Dominguez;9;"hour;left;little;campaign;record";2.8
615;1607;Tiffany Clayton;7;"sound;main;position;produce;stage";1.6
3898;3853;Nicholas Mays;8;"suffer;head;control;teach;few";4.9
6518;3048;Sierra Anthony;5;"use;century;window;lot;American";2.7
3454;3310;Steven Aguirre;4;"short;each;leg;catch;drive";1.4
6163;219;Robert Newman;5;"scientist;significant;go;how;present";4.3
6228;2962;Catherine Wilson;8;"doctor;more;machine;attorney;walk";3.5
6973;2852;Vincent Beasley;9;"left;war;over;thing;floor";2.7
2229;3368;Erin Torres;4;"every;my;answer;under;most";4.3
9157;4565;Dr. Michael Griffith;9;"clear;buy;work;say;PM";4.4
2919;4328;Patricia Mercer;8;"religious;air;as;event;simply";4.5
193;3320;Eugene Floyd;2;"market;wife;crime;help;mind";3.9
7808;3099;David Beasley;10;"great;method;off;friend;single";3.3
8315;3929;William Martin;10;"contain;above;build;care;enter";3.2
1044;4360;Mr. Ryan Hart;10;"hit;necessary;wall;I;marriage";2.1
4297;3158;Lance Ortiz;3;"center;himself;new;budget;there";1.8
3147;4813;Jennifer Rodriguez;3;"rather;accept;already;beat;entire";3.6
131;3035;Isabel King;3;"pull;director;cut;above;stock";1.1
7848;3775;Daniel Lee;7;"large;guy;off;car;until";2.8
4408;888;Mary Davis;4;"lead;officer;list;decide;chair";1.9
7939;3683;Jeffrey Jarvis;7;"discover;open;me;sell;smile";4.8
9555;1738;Christina Schmidt;5;"arm;run;bag;compare;this";3.1
4238;1179;Sean Wallace;6;"idea;any;street;interest;appear";1.0
1945;3562;Teresa Collins;10;"their;guy;public;fish;or";4.7
9786;4614;Peter Davis;5;"he;politics;where;piece;leader";3.0
6366;535;Dr. Wayne Lester;10;"true;wind;big;they;property";4.1
802;4302;Vickie Santana;4;"already;fast;father;check;soldier";1.8
9395;2074;Tiffany Johnson;1;"world;successful;then;authority;staff";4.6
6446;3892;Leslie Anderson;10;"science;matter;western;open;benefit";4.0
3257;4558;David Morgan;9;"protect;pass;key;side;instead";1.4
8009;2453;Miss Martha Johnson;6;"country;newspaper;successful;day;they";3.7
183;1070;Selena Holmes;4;"consider;nation;property;those;represent";3.4
6303;3985;Austin Kramer;7;"ever;oil;seat;set;word";3.9
1721;4049;Frank Mitchell;10;"whose;white;our;environmental;notice";3.3
2521;1715;Eric Lee;4;"teach;many;middle;past;hear";4.1
7045;2288;Frank Roberson;7;"sense;physical;set;administration;what";3.7
7231;2350;Richard Macias;4;"left;a;natural;Mrs;young";4.0
5535;3012;Catherine Lopez;2;"cost;room;include;green;specific";2.0
8864;4207;Donna Lee;6;"with;blue;then;sing;adult";4.6
6203;4571;Noah Wells;10;"computer;give;yourself;give;heavy";3.2
6263;4848;Lance Johnson;5;"air;agent;space;something;chair";3.4
3813;844;Monica Garcia;9;"know;expect;third;response;tell";3.7
1627;1732;Debra Hughes;5;"do;board;along;morning;production";4.7
9094;1947;Brett Brewer;10;"clear;movement;cold;church;less";1.2
5298;3747;Samantha Mahoney;3;"institution;our;benefit;blood;team";4.9
6152;1473;Hailey Wilson;6;"into;cost;degree;view;model";1.5
2832;2818;Bradley Thompson;5;"thought;arrive;admit;imagine;tough";2.0
5480;3733;Dawn Gonzalez;5;"resource;simply;raise;thank;happy";4.5
2707;1624;Kelly Bradley;4;"animal;mouth;professional;eight;audience";4.4
6799;4951;Debra Goodwin;8;"also;receive;ten;play;opportunity";2.7
8932;1695;Christine Smith;7;"world;cover;enough;middle;organization";3.0
4739;2629;Christopher Jackson;4;"across;plant;point;fish;better";2.6
601;2671;Carol Morales;7;"level;oil;knowledge;every;real";1.8
4948;1859;Alexis Boyle;3;"kid;less;part;fill;bag";4.2
455;43;Eric Hill;5;"want;piece;indeed;you;life";4.7
6241;2671;Gabriel Jarvis;8;"dinner;prepare;development;huge;night";4.4
1616;1034;Michael Martinez;4;"avoid;another;technology;tough;million";2.9
8664;3989;Alicia Martin;9;"air;beautiful;serious;surface;cause";1.3
1449;121;Robert White;2;"computer;far;man;enough;remember";2.7
7109;3774;Jaime Ramirez;7;"know;add;improve;travel;sport";1.3
950;2069;Tina Tran;10;"spring;scene;almost;summer;number";3.0
1265;2260;Carol Burton;2;"executive;section;then;white;hour";3.5
2329;2291;Jaime Lloyd;6;"by;generation;believe;weight;stage";3.5
4451;3580;Paul Anderson;6;"area;raise;recent;each;amount";3.7
8782;4167;Melanie Roberts;2;"note;few;stay;answer;he";3.4
2954;2453;Vicki Baker;8;"sit;high;language;meeting;start";3.8
3986;2776;Michelle Collins;9;"develop;kind;culture;street;stuff";2.1
622;4743;Russell Williams;10;"job;hot;week;again;from";2.8
6424;4059;Phillip Hart;3;"tree;mind;have;avoid;woman";2.5
2496;3005;Patty Johnston;5;"mouth;ago;character;risk;far";5.0
5831;1018;Johnny Leonard;4;"listen;somebody;bar;upon;series";2.9
3480;3817;Timothy Wiggins;5;"option;approach;world;street;player";3.5
2979;708;Douglas Johnson;4;"throw;cause;contain;Democrat;important";4.5
6756;3253;Margaret Perkins;6;"government;movie;share;fall;two";1.7
3387;2773;Matthew Zavala;4;"police;up;across;inside;vote";4.4
5949;1048;Marissa Hubbard;10;"authority;develop;whole;ask;section";1.4
1789;716;Brian Stanley;4;"smile;different;hotel;draw;may";3.5
5067;3449;Eric Long;6;"case;conference;room;cost;across";1.2
1018;1755;Jose Hardin;6;"control;next;long;create;send";2.1
7224;1902;Seth Davenport;4;"through;expect;charge;start;these";1.8
5445;347;Denise Gordon;1;"fire;tell;too;challenge;people";3.0
9383;3679;Gabriel Smith;7;"save;crime;beyond;support;example";4.4
7704;1745;Caitlyn Werner;4;"continue;doctor;ready;establish;evening";1.3
1725;3711;Kenneth Curtis;6;"minute;matter;term;want;hospital";2.3
1901;3525;Willie Owens;9;"very;gun;foot;concern;type";4.8
2230;4777;Mark Jones;7;"live;against;pass;audience;state";3.9
4900;3186;Benjamin Campbell;4;"television;certainly;cup;decade;test";2.6
25;2404;Deborah Thomas;8;"turn;book;film;spend;she";3.6
9979;3187;Karen Hughes;7;"dream;method;thousand;rich;partner";1.8
4705;2888;Cynthia Roberts;9;"different;city;ball;leader;interview";2.3
7677;2041;Jacob Walters;8;"voice;skill;new;protect;effect";4.7
294;4333;Jonathan Brooks;9;"marriage;series;series;your;professor";3.2
5782;3268;Brittany Garrett;4;"international;across;listen;your;serious";4.1
337;1475;Eric Clark;10;"about;staff;compare;operation;room";1.8
7040;1787;Diana Thompson;3;"toward;skin;name;worry;fund";3.5
9842;1375;Barry Rangel;1;"claim;degree;politics;recent;couple";3.1
675;188;Connie Thomas;8;"senior;bank;through;billion;team";4.2
3788;106;Lee Lopez;2;"product;hand;story;agent;outside";4.5
7850;4214;Savannah Cruz;3;"require;several;guy;several;foreign";1.3
2182;1365;Benjamin Sloan;1;"live;might;work;yet;understand";1.2
8174;2231;Deborah Robinson;3;"or;key;probably;whether;design";4.0
9619;3645;Vincent Anderson;5;"scene;scientist;leg;military;create";4.7
5969;2420;Amy Butler;10;"fine;save;other;involve;direction";4.6
2457;1397;Jessica Murphy;10;"somebody;buy;must;same;within";2.3
6445;2704;Grant Gray;10;"skin;imagine;late;window;whole";4.1
9818;3695;Tracy Bruce;10;"weight;move;through;poor;short";3.6
9871;1185;Jessica Moyer;7;"water;land;ball;man;data";4.0
2506;1321;Nicole Baker;7;"dream;area;computer;too;budget";4.2
57;1783;Faith Estes;7;"order;security;same;reason;almost";1.7
1453;2231;Steven Lawrence;7;"own;bill;cost;expect;space";3.4
1249;4204;Robert Hudson;8;"large;vote;many;wife;send";3.7
2733;2085;Katrina Rangel;5;"fight;forget;specific;meet;office";1.4
4173;3209;Jasmin Schneider;6;"carry;establish;word;product;want";1.0
3678;1863;Taylor Shelton;3;"bank;face;area;would;over";4.3
1875;3787;Joshua Reyes;2;"set;pull;ground;resource;middle";2.2
4401;246;Mary Mata;8;"when;fear;own;believe;produce";2.1
6868;4393;Michael Bowers;5;"myself;poor;decade;represent;security";1.3
5078;1983;Kevin Swanson;8;"language;color;off;above;service";2.5
4786;3246;Sheena Ross;2;"drug;star;father;all;join";1.8
5152;235;Jeremy Lang;3;"some;floor;chair;identify;fact";1.6
3189;3800;Lynn Taylor;3;"anyone;receive;option;pick;day";4.4
610;2860;Melissa Wilson DVM;1;"young;story;area;she;idea";3.5
522;965;Shelby Oconnell;4;"design;pull;feel;one;everyone";4.0
8294;2100;Maria Chen;5;"note;and;wall;without;talk";1.5
1341;2107;Amy Johnson;10;"scene;second;born;score;weight";4.2
9830;4300;Victoria Brown;1;"they;six;story;north;indeed";2.1
6826;4002;Kelly Nichols;8;"knowledge;since;culture;low;right";4.8
3117;2789;James Nelson;9;"sure;together;left;range;box";3.8
5938;1525;Jenna Mcintosh;9;"morning;mother;five;beyond;individual";3.8
1635;3588;Christine Walker;4;"smile;one;off;begin;Congress";4.4
5540;3190;Mark Williams;3;"heart;money;attention;draw;by";3.8
9108;4030;Steve Hernandez;3;"identify;success;somebody;be;among";2.5
7798;2841;Alicia Jackson;4;"front;attention;hospital;key;know";3.0
8124;3630;Kelly Thomas;9;"teach;bed;detail;particular;art";4.1
9437;2260;Alexander Butler;7;"class;suffer;environmental;data;stock";3.6
8306;1624;Heather Hess;4;"guess;avoid;peace;partner;rest";1.0
6685;302;Frances Espinoza;3;"region;prepare;three;visit;join";1.9
1525;4832;Melody Graham;8;"size;compare;animal;realize;reach";1.3
7778;601;Amy Christensen;5;"movie;somebody;pay;piece;animal";5.0
3020;3747;Jessica Faulkner;10;"will;chance;in;region;least";3.9
1932;4110;Dorothy Guerra;8;"program;deal;offer;business;civil";4.6
2888;70;Mason Hill;8;"believe;article;ability;analysis;party";1.2
7225;1276;Daniel Warren;7;"support;throw;put;ago;although";1.5
6432;1386;Tina Lucas;7;"during;so;lead;rather;each";4.2
3323;2061;Anthony Ibarra;8;"ok;business;people;gun;no";2.5
6610;1621;Anne Robles;4;"summer;number;condition;camera;beyond";1.0
8682;554;Amber Pruitt;7;"nothing;cultural;interesting;strategy;consumer";4.3
1919;1688;Terry Anderson;8;"task;result;someone;wear;air";1.6
7381;1695;Arthur Barry;5;"full;couple;week;capital;much";2.2
1724;750;Charles Bradley;9;"toward;similar;fall;edge;song";1.4
8760;4694;Nicholas Jimenez;8;"teach;performance;still;set;why";2.3
7733;1950;William Caldwell;9;"participant;suffer;mouth;mention;head";4.6
9532;512;John Davis;1;"organization;from;shake;citizen;teacher";2.8
5440;811;Kylie Park;1;"ten;sell;group;type;wide";3.8
6531;1225;Amy Brown;9;"century;weight;seven;issue;peace";3.4
6912;302;Jessica Cervantes;5;"ten;interview;nor;mention;capital";1.3
4635;4627;Brian Daniels;2;"skin;final;small;wrong;anyone";3.8
7871;2812;Andrew Hayes;2;"bar;trouble;and;after;almost";2.3
541;3548;Roberto Whitaker;9;"throw;up;arm;article;man";3.0
9588;76;Robert Spence;5;"although;base;after;others;able";4.4
5005;1979;Anna Martin;5;"ok;speak;dark;trouble;claim";4.3
7727;2375;Steven Hampton;7;"blood;condition;not;time;go";2.3
2853;4832;David King;4;"interest;feel;design;case;friend";2.2
1808;4181;Jesse Martin;9;"may;home;scene;history;station";2.8
1553;38;Jennifer Fischer;10;"return;book;tell;present;season";4.7
1956;305;Teresa Smith;6;"on;rate;crime;job;write";4.3
8131;1966;Melissa Lopez;5;"yes;different;food;writer;everything";2.7
5716;3907;Kevin Powers;1;"letter;become;body;avoid;magazine";3.2
3969;1321;Wayne Maxwell;3;"population;account;yes;sound;federal";1.7
8717;2404;Jason Bell;3;"drive;idea;billion;after;animal";2.7
6034;1696;William Frost;7;"left;keep;age;everyone;enough";1.3
2149;3588;Randy Jensen;8;"best;understand;buy;past;space";3.0
6087;1621;Patrick Mccoy;1;"one;American;hair;something;pattern";4.1
3290;3911;Dennis Jackson;1;"environmental;no;whatever;student;good";2.4
8433;4017;Melissa Case;2;"past;through;school;quality;religious";3.8
5829;1276;Tiffany Doyle;4;"sign;according;seven;about;get";2.6
8201;1875;Amanda Hurley;7;"rate;because;various;attorney;purpose";3.3
7537;2855;Julia White;3;"because;its;herself;note;human";1.1
2648;613;Justin Park;9;"floor;coach;bill;because;TV";3.1
4882;942;Victoria Howard;8;"information;identify;religious;citizen;make";4.4
59;2397;Greg Fisher;6;"particularly;tend;add;pressure;instead";4.5
2908;2564;Troy Banks;6;"consider;several;summer;mother;shoulder";1.1
9629;4849;Cynthia Jenkins;2;"produce;popular;teach;realize;choose";1.9
7070;2449;Krista Reed;1;"drop;decision;news;despite;Democrat";1.8
6754;73;Andrea Livingston;10;"seven;him;girl;it;week";3.2
1992;3586;Gary Tyler;5;"also;south;expert;soldier;take";3.6
7628;497;Dana Garza;4;"training;member;possible;while;garden";4.2
2060;57;Jeremy Gonzalez;4;"purpose;bad;challenge;participant;friend";1.6
2201;3749;Jennifer Anderson;6;"fall;by;back;against;whole";2.3
9672;3425;Allison Hunter;1;"stuff;lose;city;sport;author";2.0
6533;1477;Tiffany Peters;3;"south;talk;reduce;theory;because";2.7
5313;115;Terri Wilson;4;"bring;especially;anything;animal;both";3.9
8923;1401;Kimberly Miller;10;"approach;training;particular;election;partner";1.2
325;2077;Krista Dawson;8;"same;environmental;even;meet;central";3.1
8784;1697;Dustin Giles;8;"act;including;drop;describe;free";2.1
7081;1808;Jeffrey Cox;5;"beautiful;Mrs;himself;leg;attack";3.4
9133;3874;Erin Smith;1;"door;former;why;president;every";1.2
3345;3450;Jeremiah Murray;6;"sure;science;team;nor;morning";4.6
1437;166;Kathy Sanchez;9;"sometimes;city;sort;church;politics";2.3
9246;3904;Katie Myers;4;"capital;rise;field;finally;culture";1.1
1255;3835;Joseph Robertson;10;"already;board;charge;none;out";4.9
9817;2855;Melvin Turner;6;"rise;huge;despite;learn;recently";4.4
767;347;Lisa Ramos;4;"task;somebody;begin;build;send";1.5
4422;1970;Summer Wilson;6;"on;he;put;contain;site";4.6
9289;302;Jessica Smith;2;"wall;also;effort;writer;blood";3.1
5890;471;Renee Randall;4;"fact;name;best;simple;man";1.4
8476;2923;Kathleen Taylor;10;"impact;at;ever;some;report";3.7
9746;967;Tyler Ortiz;8;"source;modern;call;full;economic";1.2
6267;2865;Jason Hayes;9;"middle;machine;young;site;career";3.0
2333;1695;James Small;5;"station;both;arm;up;skin";1.2
1108;4641;John Jones;5;"protect;development;take;already;defense";3.1
3726;930;Elizabeth Lewis;8;"book;member;space;life;wish";4.2
353;2292;Brian Jensen;5;"draw;interest;pay;debate;character";4.2
5653;3044;Felicia Collins;2;"quickly;local;once;drop;region";3.7
1494;3340;Destiny Jones;4;"true;class;draw;area;law";4.2
790;3218;Brandy Hill;7;"participant;note;color;family;officer";4.4
1075;1276;Megan Holt;5;"while;myself;ground;trouble;after";2.6
7981;2930;Robert Tate;8;"key;computer;somebody;number;now";3.7
8269;4577;Jennifer Bright;10;"each;plant;expect;nation;do";3.2
1868;2226;James Edwards;9;"account;create;together;safe;save";3.6
4967;3147;Brian Davis;10;"know;support;participant;send;it";4.8
9568;77;Travis Dawson;8;"note;dream;around;start;unit";4.0
1834;1696;Jason Adkins;7;"of;people;let;expert;must";4.5
9031;1688;Diane Shaw;7;"military;when;including;once;however";2.8
8877;2621;Chad Harris;2;"short;quite;time;man;become";2.6
5360;2499;Aaron Butler;4;"everything;friend;out;water;then";4.0
4784;3450;Gloria Burnett;3;"fill;dinner;within;easy;speech";4.0
8881;4675;Luis Bush;3;"marriage;practice;wall;marriage;you";4.3
5823;2463;Mathew Hughes;3;"growth;image;business;red;decision";4.1
8341;3472;Marie Spencer;2;"later;maybe;board;experience;peace";3.1
2870;2812;Michael Barr;9;"his;push;imagine;send;threat";1.9
3951;2877;Victor Oneill;6;"sure;thus;describe;decision;leg";3.9
5598;2794;James Ellis;1;"career;particularly;soon;because;us";3.6
9314;1995;Paul Meadows;9;"listen;newspaper;keep;myself;our";3.5
3759;2397;James Ryan;2;"such;understand;responsibility;foreign;popular";3.1
2353;1902;Daniel Malone;3;"wear;brother;source;performance;speech";4.0
2851;2742;Joseph Price;1;"interesting;too;lose;realize;everyone";3.4
5609;1179;Donna Jimenez;3;"none;wrong;lead;test;they";4.2
7762;1117;Kristy Francis;9;"couple;stuff;lawyer;per;heavy";1.6
9443;1750;Samuel Williams;2;"pick;identify;democratic;choice;hot";4.4
7968;4568;Stacy Wheeler MD;6;"wear;wear;base;happy;tax";3.4
1222;112;Paul Pacheco;10;"simply;ok;hope;actually;success";2.8
9663;3042;Christopher Wheeler;7;"shoulder;no;section;animal;well";4.7
4926;1909;Timothy Martin;7;"will;from;happy;attorney;five";4.0
1524;2671;George Carney;9;"somebody;country;big;hand;heavy";1.5
9913;3277;Jennifer Lopez;1;"someone;news;serve;degree;visit";3.4
1172;3586;John Carpenter;10;"miss;happy;marriage;agree;scene";3.9
1109;775;Julie Kane;9;"your;recently;receive;we;shake";4.2
7588;2283;Patrick Johnston;10;"environment;through;word;even;campaign";4.9
523;1697;Erica Nelson;10;"general;size;officer;data;program";1.4
5292;1665;Alexandria Choi;5;"meeting;would;plan;direction;daughter";1.1
3676;1550;Michael Ryan;8;"around;offer;road;oil;although";4.0
8392;2085;Cynthia Williams;7;"three;find;pass;relationship;director";3.2
4170;4358;Patricia Barber;10;"while;trial;professional;top;contain";3.0
8310;1047;Victoria Blair;10;"brother;answer;threat;meet;fire";4.8
669;4092;Leroy Edwards;8;"dinner;garden;tree;every;amount";4.2
2906;4540;Marcus Nunez;1;"community;particular;strategy;technology;great";3.7
4733;4410;Courtney White;1;"visit;style;minute;believe;behavior";2.2
6950;2848;Steven Johnson;8;"action;most;much;television;behind";3.6
3408;1185;Andrew Arias II;9;"glass;science;concern;toward;candidate";2.8
8925;3047;Gary Caldwell;7;"continue;understand;fire;available;wife";3.5
3434;4141;David Trevino;8;"something;land;happen;next;out";4.3
1100;4202;Andrew Moore;9;"network;generation;government;claim;five";4.7
5728;1531;Brad Lee;2;"pattern;growth;action;maybe;artist";1.1
9102;4457;Michael Thompson;4;"marriage;challenge;kind;threat;follow";3.1
8633;1267;James Cooper;5;"admit;power;two;amount;say";3.3
8768;2398;Jennifer Velazquez;1;"usually;interest;sing;financial;special";2.5
3245;1526;Jennifer Castro;8;"do;group;of;quite;second";1.9
5216;2818;Darrell Hill;3;"case;baby;now;certain;job";4.7
1038;4110;Samantha Smith;4;"main;child;garden;international;mission";1.5
4986;4787;Jason Martin;3;"me;however;four;fill;book";1.4
3941;3054;Ricardo Rhodes;9;"general;blood;stand;research;record";2.4
858;2768;Susan Brown;3;"chance;mean;watch;maybe;challenge";3.5
5163;3497;Daniel Mills;6;"up;business;miss;environment;street";3.2
9516;3009;Alicia Hall;1;"cost;shoulder;protect;rather;forward";2.3
5238;1856;Joshua Kim;2;"in;our;plan;evidence;green";3.2
9800;1625;Jennifer Henderson;1;"theory;race;part;follow;goal";4.8
3167;1995;Leonard Crawford;6;"reach;guy;deep;break;so";3.2
5305;3779;Brittany Hernandez;4;"investment;of;approach;task;pull";4.9
261;940;James Peterson;1;"lot;trip;interview;participant;student";1.1
683;1699;Angela Smith;4;"population;property;set;reveal;mother";2.5
6781;3559;Brittany Burton;10;"themselves;popular;what;letter;thousand";1.0
1292;2226;Colton Rice;6;"structure;perform;side;bank;wait";3.4
9509;4176;Sara Alexander;10;"artist;indeed;article;explain;item";2.4
9753;2172;David Brown;10;"before;expect;ok;out;decade";3.1
3066;7;Justin Johnson;4;"similar;performance;pressure;off;base";1.8
5727;2390;Robert Morris;4;"near;or;meeting;partner;yeah";2.9
1293;3277;Kimberly Everett;6;"about;laugh;near;edge;include";3.9
4208;117;Cristian Torres;6;"bed;effort;build;require;weight";3.2
6994;305;Steven Reeves;1;"thus;sit;difference;whole;trade";3.2
7611;1034;Patrick Fisher;9;"art;language;reason;woman;film";1.2
5079;3397;Ronald Brown;1;"there;cover;size;could;decision";1.2
6186;4473;Melissa Wilkinson;6;"country;style;better;body;rise";1.1
1503;711;Kendra Patel;8;"early;policy;during;example;help";4.2
2675;2039;Emily Andrews;8;"sort;agency;federal;star;actually";4.2
2750;293;Nicole Wolfe;2;"politics;thus;maintain;hand;arm";3.3
3918;3767;Samuel Holt;6;"resource;forward;night;exist;you";3.3
3432;2041;Mark Bond;8;"place;south;shoulder;view;author";4.1
2547;4085;Ashley Williams;2;"itself;able;remain;store;reach";2.5
572;3228;Kelly Perez;7;"born;able;land;despite;my";3.0
9547;956;Gary Morris;2;"miss;seven;international;phone;the";1.5
4253;305;Justin Hall;10;"nor;structure;success;everyone;least";3.0
4775;3892;Brenda Williamson;9;"wonder;wrong;line;society;attack";4.9
292;70;William Murphy;4;"fill;other;seven;century;Democrat";1.1
8758;1286;Harold Nelson;2;"determine;bar;week;forget;expect";3.6
7132;3083;Jennifer Sanders;6;"officer;dinner;minute;tough;figure";4.0
7455;3481;Anthony Meza;10;"purpose;organization;language;deal;include";5.0
3032;3014;William Vazquez;10;"enter;customer;real;doctor;movie";2.8
2190;1891;Sandra Wilson;1;"give;professor;realize;member;they";4.4
748;3186;Carrie Wilson;6;"city;tough;somebody;that;realize";4.7
889;2007;Kelly Robertson;7;"simple;get;argue;rate;only";3.7
1481;1784;Katelyn Smith;8;"often;indeed;strategy;space;enjoy";1.6
7376;2740;Elizabeth Carey;5;"little;woman;degree;national;attorney";4.8
5088;2458;Eric Hughes;9;"beat;artist;pretty;eat;why";3.5
7630;2922;Chad Jenkins;10;"say;baby;section;at;message";2.6
7878;3787;John Brown;4;"prevent;learn;answer;local;cultural";2.9
7201;860;Kenneth Walker;5;"most;east;poor;everyone;wonder";2.6
9852;968;Todd Mcconnell;2;"story;prepare;year;our;administration";3.5
8581;293;Mike Warren;1;"dinner;single;so;attack;and";1.6
9278;3525;Andrea Burton;8;"fear;you;million;southern;they";3.2
4854;1745;Alicia Davis DVM;7;"it;act;pattern;point;social";4.5
8853;4787;Chris Kaufman;5;"success;into;foot;also;ground";3.0
3005;4811;Kelly Fuller;7;"exactly;alone;cold;song;season";1.9
9359;1074;Stacy Good;9;"risk;head;form;gas;section";4.4
2781;4167;Derrick Rivas;8;"follow;contain;report;though;song";4.5
8259;4002;Jennifer Perry;5;"between;painting;miss;alone;institution";1.2
1303;3299;Rachel Reed;8;"bit;president;between;feeling;forget";2.4
3329;3218;Michael Griffin;10;"notice;edge;analysis;it;list";3.7
3095;1108;Nicholas Parks;9;"final;career;clear;onto;owner";4.1
8318;356;Alejandra Adams;5;"begin;something;rate;power;happy";1.6
9494;1973;Elizabeth Turner;3;"sign;tough;book;purpose;rise";2.2
9402;4452;Vanessa Walker;1;"soldier;score;million;town;player";2.8
8309;1613;Daniel Bond;6;"safe;brother;clear;paper;here";4.3
9059;3295;Melvin Reese;8;"south;example;buy;guess;government";2.4
682;859;Roger Johnson;4;"ground;leader;firm;word;work";3.6
1301;2466;Jodi Morgan;1;"campaign;majority;song;market;would";3.7
5820;161;Tina Rangel;3;"sound;consumer;hold;live;career";4.2
9129;4058;Catherine Ramirez;7;"rise;particularly;station;artist;stop";4.9
1659;708;Francisco Harding;8;"international;avoid;employee;lead;my";3.1
7408;2096;Collin Austin;2;"behavior;important;discover;foot;expect";1.4
1290;3490;Lori Lynn;5;"strategy;weight;physical;free;would";2.0
5676;1966;Colin Bradley;4;"against;debate;another;fly;tough";1.6
13;3542;Stephanie Barton;2;"difference;baby;season;few;who";4.6
6448;2941;Meghan Thompson;7;"thing;east;onto;vote;prove";1.4
1982;4014;Nicholas Huffman;2;"field;any;Congress;more;stand";3.6
7367;2529;Derrick Mclean;10;"threat;mission;know;purpose;arrive";1.4
6761;1742;Jennifer Bradford;6;"how;far;shake;fast;be";4.2
7133;1613;William Olsen;2;"carry;really;process;interest;field";3.4
363;2226;Christopher Schaefer;10;"Democrat;must;language;hospital;learn";2.1
2738;4317;John Brooks;3;"class;land;election;quickly;memory";4.0
8185;860;Lauren Velazquez;4;"after;same;discuss;can;social";1.2
9318;193;James Kemp;7;"wall;data;total;soldier;manager";4.9
6402;4571;Carlos Griffin;4;"sense;those;director;market;along";2.4
8479;4522;Melissa Brewer;6;"let;range;debate;agency;conference";4.3
8705;2691;Stephen Parsons;6;"whether;report;religious;nice;word";4.3
9712;3802;Seth Jones;1;"wait;hand;cold;during;resource";3.5
5877;537;Leah Juarez;2;"police;car;quality;boy;her";1.5
2138;3054;Luis Carey;2;"agreement;my;chance;nature;cell";2.2
6766;4603;Brian Romero;7;"strong;interest;everybody;cause;everyone";1.6
5324;4276;Stacey Powell;10;"exactly;born;few;study;few";1.4
899;2231;Andrew Davis;6;"of;stop;know;run;either";2.6
1949;3130;Shannon Campbell;8;"truth;I;much;dog;company";2.8
8228;3358;Sarah Gay;3;"establish;growth;arrive;during;read";1.4
3666;2069;Rodney Sutton;7;"build;benefit;theory;why;why";2.8
7216;2053;Christina Hopkins;6;"would;open;method;fill;onto";2.1
3522;4092;Ricardo Fuller;9;"particular;financial;recently;drop;research";2.9
771;3894;Joseph Perry;3;"similar;election;teach;nature;help";4.4
8233;4849;Karen Ali;4;"statement;forward;summer;voice;more";1.4
6146;963;Patricia Brock;10;"price;plant;claim;more;building";1.6
374;4457;Robert Martinez;4;"range;nature;real;ask;everyone";3.6
8840;560;Jennifer Leblanc;1;"capital;must;century;year;program";1.3
4222;1972;Donna Hess;2;"age;beautiful;learn;treat;vote";2.7
6170;2111;Aaron Wilson;10;"fight;against;attorney;later;agreement";2.2
8827;206;Michael Davis;8;"determine;hit;hand;world;near";4.4
7739;3471;Tiffany Walker;9;"program;specific;open;price;pick";3.4
2775;166;Scott Anderson;7;"significant;factor;run;outside;indeed";3.1
3650;888;Laura Moore;4;"huge;night;outside;many;indicate";2.5
4743;1783;Thomas Lee;3;"check;increase;where;too;season";2.5
9949;1641;Katrina Church;4;"down;number;his;traditional;seek";3.3
1737;3228;Justin Smith;1;"yard;Mr;nation;economic;down";4.5
7603;3014;Angela Brown;10;"mention;product;choice;one;government";3.9
6755;4126;John Williamson;2;"environmental;author;fact;speak;consumer";3.2
1135;2773;Mary Reyes;9;"language;late;view;other;indeed";3.4
3051;2855;Courtney Wood;6;"pretty;if;several;group;protect";2.0
4857;4681;Susan Johnson;4;"respond;child;read;speak;bring";2.4
6595;1385;Wendy Rivera;1;"toward;machine;entire;imagine;I";1.3
6853;4447;Scott Huff;5;"indeed;public;him;home;house";4.0
3596;298;John Johnson;5;"throughout;sister;new;state;young";2.0
2823;1972;Heather Butler;4;"several;street;leave;dinner;usually";1.9
9309;4787;Ashley Leon;1;"according;however;so;federal;technology";3.6
2774;1227;Jenna Stephens;5;"should;quality;card;over;benefit";2.3
7533;1863;Crystal May;5;"director;ago;nice;position;serious";1.3
8669;2453;Jordan Holmes;4;"art;natural;later;sit;happen";2.4
5328;851;Robert Smith;5;"very;hear;away;necessary;raise";3.7
9570;2283;Eric Jenkins;3;"join;box;foot;process;week";1.5
931;1475;Jonathan Perez;5;"so;follow;box;the;visit";3.5
1560;4176;Scott Hamilton;9;"smile;happen;peace;often;down";2.3
7822;3169;David Miller;7;"doctor;start;my;lot;tonight";3.7
6338;2398;Jaime Dunlap;7;"reach;like;hot;trip;office";1.6
1971;2093;Lisa Taylor;2;"six;no;meet;price;career";4.2
7883;1333;Lisa Henderson;3;"with;chance;fund;goal;operation";2.1
19;3048;Mark Medina;9;"than;know;view;energy;weight";3.0
3552;1863;Christine White;5;"finally;class;contain;drive;tough";4.6
7377;4075;Dylan Thompson;3;"rather;home;newspaper;thus;may";4.4
1;3630;Deborah Horton;2;"room;meeting;cultural;real;billion";4.7
4232;2085;Heidi Whitaker;4;"someone;leg;bit;man;material";4.8
148;1607;Sarah Alexander;10;"development;couple;control;draw;watch";3.5
1386;26;Dana Weber;4;"season;nice;newspaper;theory;method";4.8
8942;1820;Sheryl White;10;"across;form;effect;mind;then";3.4
9279;2703;Charles May;6;"school;value;blood;market;travel";3.1
3812;3196;Lisa Mack DVM;8;"still;defense;cut;word;foot";4.9
5089;1092;Rachel Cohen;1;"term;nature;something;program;provide";3.0
3378;161;Lori Warren;1;"industry;fly;notice;per;similar";2.0
7278;1185;Jack Bautista;4;"me;family;heavy;threat;campaign";1.4
4318;4157;Carla Brown;2;"toward;type;yourself;claim;security";4.9
8420;2792;Justin Frank;4;"current;TV;space;represent;table";1.6
4304;4489;Amber Mcneil;6;"as;glass;responsibility;concern;discuss";3.4
1016;2941;Scott Conway;4;"fill;skin;he;without;loss";3.6
5655;3048;Omar Chen;2;"range;activity;example;crime;color";1.7
6012;4986;Jason Jackson;5;"animal;late;follow;four;by";2.9
5940;2333;Henry Morales;9;"against;trip;sure;environment;few";3.1
4388;2150;Zachary Barry;4;"plan;Mr;source;mean;behind";1.1
8537;2085;Mrs. Jessica Martinez;9;"image;generation;grow;right;woman";1.5
1377;4577;Megan Black;1;"use;during;interview;gun;down";2.3
1537;716;Jason Salazar;1;"accept;stop;east;Mr;national";3.8
1331;2344;Ruben Boyd;6;"heart;college;campaign;score;fly";3.2
4972;1966;Alexander Garcia;6;"exactly;several;member;professional;Mrs";1.6
5069;2163;Kimberly Roach;6;"include;thing;protect;no;middle";1.6
9963;276;Paul Gonzalez;7;"life;great;fire;about;recent";4.5
3680;2291;Zachary Alvarado;10;"pattern;get;whatever;arm;leg";3.8
6862;414;Thomas Mcdonald;4;"trouble;back;receive;other;ability";1.5
4338;2062;Paige Thomas;1;"chair;again;whose;whose;husband";2.6
9084;3455;Patrick Manning;9;"police;green;message;sell;director";1.7
3785;4333;Pamela Compton;8;"land;available;shake;player;half";1.4
7116;2634;David Ferrell;1;"indeed;identify;time;country;lawyer";4.5
3450;982;Jeffrey Richmond Jr.;8;"pretty;against;listen;figure;support";2.0
6274;232;Norma Lewis;1;"property;perhaps;others;let;top";3.3
259;3282;Beverly Williams;9;"under;sport;somebody;eight;minute";1.6
8047;4804;April Hill;10;"program;this;wrong;interest;return";4.3
227;601;William Burton;6;"parent;issue;never;something;fill";1.1
6773;1659;Renee Mendez;2;"force;green;billion;I;cultural";1.2
6741;3911;Ashley Brown;8;"member;each;car;newspaper;perform";2.3
8639;4636;Jessica Wade;5;"ball;standard;including;peace;send";1.2
8345;4300;Robert Morris;8;"develop;manage;exist;him;family";3.6
5139;445;Erika Adams;5;"summer;option;cause;practice;become";2.3
8536;484;Samantha Taylor;6;"now;learn;read;ground;fact";2.3
7916;3830;Victor Arnold;2;"quite;word;factor;like;significant";3.1
372;900;Deborah Henderson;8;"image;weight;her;manager;they";3.7
4662;3775;Tracy Mcdonald;9;"member;magazine;pay;kind;factor";1.4
1388;4128;Joshua Arnold;4;"such;their;writer;letter;owner";2.8
8839;4402;Vickie Odonnell;7;"team;green;eye;be;particularly";5.0
1214;3042;Vincent Steele;5;"would;their;address;ahead;gas";1.9
2855;2742;Lisa Clark;1;"strong;poor;cell;relate;already";3.2
8819;4843;Jonathan Patton;6;"rest;because;market;president;join";4.0
2561;3508;Elizabeth Gonzalez;2;"skill;which;everybody;increase;activity";2.0
156;414;Michael Diaz;6;"safe;marriage;company;effect;age";1.8
3492;1122;Melissa Chambers;10;"out;simply;run;history;standard";4.3
4249;3722;Mr. Michael Green;9;"top;benefit;perform;drive;without";4.6
636;1875;Ryan Hernandez;8;"activity;morning;our;foreign;ever";2.3
192;3586;Alexis Rodriguez;10;"marriage;together;up;computer;back";2.7
9592;2962;Sheila Johnson;7;"memory;music;item;share;top";1.2
4270;4802;Wendy Santos;1;"where;technology;surface;evidence;continue";3.3
3847;3706;Danielle Rose;2;"stock;bar;exactly;difficult;make";1.3
9193;2917;Ashley Burnett;1;"peace;of;sing;one;address";2.7
3910;1909;Melissa Brown;3;"nothing;member;wind;bag;upon";4.2
3577;1401;Juan Morales;2;"environmental;town;pull;represent;authority";5.0
4981;1636;Richard Wright;4;"language;reduce;half;hold;middle";4.9
4684;4885;Adrian Dunlap;5;"mention;clear;deep;but;that";4.7
5545;4827;Melissa Glass;9;"stay;indeed;test;live;be";4.9
2568;4519;Jenna Davis;6;"tonight;notice;fight;west;five";2.4
6803;1187;Eric Rivera;10;"road;culture;movement;figure;party";1.9
4144;1483;Dennis Richards;4;"character;party;claim;from;car";1.9
9965;2093;James Jones;8;"military;public;almost;our;decide";4.0
8273;1335;Nicholas Gardner;8;"just;science;attack;south;enjoy";2.0
9662;2507;Amber Holmes;1;"heart;hear;us;attention;about";3.9
7010;2621;Katherine Munoz;4;"to;long;into;wide;something";4.1
8398;3681;Wayne Garrett;2;"present;fund;mind;side;political";1.8
1261;3319;Shelley Williamson;8;"different;team;across;agent;note";1.9
7785;1891;Molly Johnson;4;"eight;dog;thus;never;late";1.4
5756;2799;Jessica Nguyen;6;"debate;education;especially;stock;before";3.3
1042;223;Mark Brown;3;"born;professor;from;improve;room";4.5
8560;484;Mr. Joseph Kelly;1;"spring;ten;where;her;line";1.7
7113;4813;Ronnie Washington;2;"military;under;again;risk;left";1.8
8812;4163;Melanie Rose;6;"sister;speak;administration;nice;interest";3.3
2347;2100;Calvin James;3;"time;out;oil;respond;hold";3.0
5285;73;Melissa Salazar;3;"white;close;senior;fire;increase";4.3
4933;2703;David White;7;"world;customer;not;and;hope";2.5
9273;3112;Andrew Rios;10;"evening;crime;light;dog;would";4.1
9370;1732;Heather Cunningham;4;"impact;necessary;environment;high;ten";4.8
8365;1787;Mr. Ronald Caldwell;7;"news;name;reduce;always;part";3.3
7090;4646;Kayla Johnson;6;"economy;everything;site;whole;effect";4.9
4708;117;Margaret Porter;10;"hope;most;feeling;buy;among";3.4
2461;4636;Diane Gordon;7;"skin;our;society;tend;forget";3.3
5429;1750;Jeremy Miller;9;"gas;wide;onto;rich;loss";2.1
6680;4141;James Dunn;8;"particularly;political;wrong;wide;particularly";4.2
2713;2773;Sharon Kim;6;"strong;rule;agency;her;also";4.7
3856;4241;Lisa Francis;10;"kind;walk;arrive;begin;trade";3.8
5790;2888;Angela Mccarthy;2;"key;experience;front;choose;challenge";3.3
6315;2191;Mark Watkins;5;"crime;meet;significant;future;art";4.9
9249;3548;Eric Montes;3;"soldier;thank;war;development;pull";2.3
6243;1750;Cynthia Lynch;10;"life;yard;support;present;number";3.4
3126;115;Matthew Duran;3;"center;former;consider;list;guy";1.4
5875;1560;Ashley Gregory;8;"citizen;term;bank;mother;bank";1.3
5825;1736;Michael Beasley;5;"life;but;machine;economic;force";2.5
1370;1360;David Parsons;4;"enough;point;put;certain;any";4.4
1727;1560;Madison Walker;3;"page;air;almost;miss;ability";3.9
8457;1161;Christopher Haney;6;"school;common;audience;listen;foreign";2.1
5051;2260;Ryan Diaz;5;"between;sort;eye;water;though";1.4
6656;4151;Kayla Perez;4;"north;name;marriage;economic;behavior";5.0
3927;3054;Emily Wilson;9;"capital;chance;late;speech;campaign";4.1
2655;3594;Kristin Evans;4;"edge;suffer;win;car;probably";1.1
1542;3218;Jason Whitaker;2;"another;forward;institution;shoulder;hair";1.5
6324;2789;James Rogers;6;"health;citizen;stage;again;nation";2.1
757;302;Nathan Howe;8;"however;voice;weight;detail;food";1.7
4335;4950;Jessica Page;7;"voice;Mrs;party;water;happy";4.0
8667;287;Janice Montes;8;"move;while;decide;when;election";1.1
9884;3359;Theresa Smith;10;"wish;war;participant;according;evidence";2.1
4158;1783;Cindy Carlson;10;"speak;wife;power;good;skill";4.4
6622;3524;Jenna Carlson;2;"north;add;stay;where;century";1.1
3866;3723;Melanie Baird;6;"take;property;system;child;west";2.1
8425;2435;Brent Dillon;6;"now;certainly;use;three;walk";4.5
3285;1339;Dan Simpson;10;"need;detail;pattern;century;pattern";4.4
9214;992;Michael Smith;2;"share;quite;become;group;think";4.6
4801;3877;Jeremy Butler;6;"attack;recognize;central;series;only";4.4
6329;2825;Randy Lopez;2;"real;institution;car;despite;call";2.1
3585;4085;Ashley Dorsey;5;"find;daughter;success;focus;agree";1.3
180;1403;Erik Taylor;7;"now;better;health;interview;shake";4.2
7679;3038;Stacy Shepherd;10;"pressure;already;list;season;issue";1.9
2043;2053;Dana Jenkins;5;"affect;put;tax;heart;yet";1.5
9069;3709;Edwin Smith;2;"rise;current;the;great;fill";4.7
5550;4291;Dana Costa;1;"drug;mean;improve;program;thought";2.6
2350;702;Matthew Luna;2;"audience;international;painting;never;meeting";2.1
153;1750;Peggy Bartlett;3;"between;rich;standard;win;major";1.4
5462;2000;Christian Myers;4;"ask;environmental;what;face;exactly";2.4
504;1863;Dean Davis;3;"offer;have;tend;white;so";2.0
5759;2582;John Walker;8;"prove;most;on;continue;type";4.9
3950;3129;Brandon Nunez;4;"pattern;lot;your;middle;court";4.7
9840;2156;Mary Montoya;5;"listen;green;political;them;similar";1.9
9393;3641;Matthew Peters;3;"thought;information;fill;black;traditional";3.7
5357;2582;Tanya Lewis;4;"responsibility;any;loss;team;information";3.6
9777;3486;Eduardo Walker;5;"official;daughter;public;design;collection";4.8
6283;4092;Wayne Buck;2;"yes;teacher;federal;book;or";1.4
7364;1593;Sabrina Harris;7;"training;talk;entire;report;any";4.6
727;1625;Hannah Graves;2;"hundred;help;assume;plant;after";1.6
909;835;Christopher Barrett;3;"radio;value;door;development;economic";3.2
8226;305;Elizabeth Rose;7;"option;college;or;learn;foot";1.7
3631;1711;Lisa Alexander MD;7;"teacher;here;become;want;condition";2.8
3280;1123;Michael Johnson;2;"light;quality;before;east;old";3.9
1471;4362;Joshua Hopkins;2;"quite;technology;carry;heart;foreign";1.2
3593;2799;Ashley Scott;7;"television;claim;voice;live;our";1.0
283;855;Wendy Mccormick;4;"stay;rich;power;partner;sometimes";1.9
6344;1629;Stephanie Robinson;4;"sound;key;tonight;property;scientist";2.4
8085;2107;Matthew Davis;9;"resource;score;hope;assume;partner";1.9
698;986;Rodney Harper;8;"everything;crime;health;state;human";2.9
4326;1415;Jennifer Powell;1;"likely;single;radio;because;member";2.2
5482;3902;Alicia Patterson;9;"who;Republican;check;ago;deal";3.6
4135;2922;Miguel Anderson;7;"establish;Republican;movement;institution;always";2.0
6689;3777;Michael Page;1;"of;trip;interview;maintain;election";3.2
8048;4386;Catherine Mendoza;9;"town;yard;could;probably;grow";5.0
3795;4906;Gregory Gonzalez;3;"expert;collection;adult;win;crime";2.3
8227;855;Nancy Garcia;6;"under;receive;environmental;light;air";4.3
3537;1583;Dawn Lopez;3;"enjoy;rule;party;paper;cell";1.1
7610;3711;Lori Rice;8;"guess;watch;store;few;receive";3.5
3979;4350;Debbie Leonard;1;"analysis;fear;know;huge;none";3.4
8982;926;Bradley Medina;3;"join;what;degree;carry;evening";2.2
2014;2930;Sarah Smith;5;"trade;generation;just;eye;do";2.2
6360;3853;Jacqueline Ali;2;"today;wide;official;remain;single";3.2
4421;4324;Timothy Wolfe;10;"husband;art;ground;million;stand";2.7
4021;4687;Heather Williams;3;"Mrs;thing;visit;administration;would";3.6
1713;1902;Renee Alvarez;9;"represent;people;ready;maintain;meet";2.8
471;1985;Nicole Orr;1;"reduce;simply;this;oil;attention";1.7
5415;1207;Erin Garcia;1;"light;between;other;both;prevent";1.3
2668;4906;Douglas Huynh;6;"idea;a;ball;mind;prove";4.4
2565;3213;Autumn Boyle;5;"media;degree;various;wide;local";4.3
2762;2941;Scott Parsons;7;"glass;some;blood;establish;laugh";4.2
9680;4571;Dr. Molly Meyer;3;"child;act;deep;happen;card";4.8
7406;4568;Joseph Chung;10;"scene;home;television;writer;stop";3.2
4746;1711;Patricia Martin;7;"level;show;nor;current;structure";4.9
1433;2746;Christian Hayden;1;"anyone;expert;police;industry;movement";3.2
7755;811;Jorge Webb;7;"speak;attack;development;score;entire";2.0
9500;947;James Nunez;5;"personal;modern;stuff;future;manage";3.6
6341;465;John Ortiz;7;"nice;rate;face;at;thing";3.1
8383;1695;Mrs. Samantha Lee;8;"could;writer;skin;fish;family";2.7
3814;3471;John Long;1;"citizen;consider;order;include;camera";4.1
1264;434;Kevin Young;2;"city;anything;best;information;matter";5.0
3803;4085;Mark Bender;7;"test;we;thus;statement;fly";1.2
171;3438;Devin Bradford;5;"continue;true;score;large;argue";2.1
8279;1187;Mr. Joshua Evans Jr.;1;"number;top;guess;unit;over";4.1
2420;1185;Tim Stone;10;"media;company;wonder;decide;stock";2.3
8248;4263;Michael Wells;4;"but;Mrs;similar;election;network";4.8
5156;2095;Dominique Brown;5;"human;wait;magazine;technology;carry";2.3
4535;2093;Douglas Leon;9;"down;beautiful;report;think;certain";3.3
6576;2463;Gina Nicholson;7;"dinner;thing;brother;stage;serve";3.1
8894;860;Jesse Houston;1;"international;soldier;fill;but;project";1.3
1072;3559;Jonathan Morton;7;"bit;use;peace;bill;teacher";3.2
8887;2498;Angela Melton;7;"hotel;yet;staff;democratic;reach";4.1
1315;1236;Terry Moore;6;"sense;if;laugh;she;network";4.5
9382;1414;Morgan Rodriguez;10;"themselves;certainly;central;myself;station";2.7
18;2453;Denise Roberson;5;"foot;eat;support;sell;chair";4.0
7862;3681;Rick Peterson;9;"young;economy;improve;place;hundred";3.8
3100;1188;Kimberly Williams;1;"military;imagine;network;various;adult";1.1
7646;1711;Janet Perez;8;"number;choose;president;room;movement";2.7
4641;4955;Mary Edwards;10;"particular;result;manage;try;crime";3.2
9029;4457;Rachel Jones;5;"present;miss;others;probably;toward";3.2
5232;3180;Amy Ellis DDS;3;"change;analysis;woman;knowledge;without";3.8
350;2054;Scott Hunter;2;"team;us;our;society;feeling";4.8
4413;1624;Joseph Glover;10;"wear;relate;billion;real;today";1.6
5433;74;Danny Wilson;10;"he;spring;quite;choice;hear";2.9
8478;4566;Sarah Craig;10;"meet;last;similar;camera;decision";1.9
3197;4362;Stephen Jones;7;"open;reach;site;hope;take";1.1
9433;4636;Anne Castillo;3;"present;degree;eight;son;one";4.4
1438;4636;Kevin Gonzales;2;"already;central;international;Mrs;detail";1.4
5106;4272;Jesus Oneill;6;"huge;detail;budget;herself;should";4.3
1894;3299;Carl Davis Jr.;4;"fear;leg;interest;those;board";4.0
6907;4831;Rebecca James;2;"trouble;nation;democratic;among;its";4.3
3111;3497;Sarah Johnson;4;"wall;necessary;different;suddenly;because";3.1
6380;1475;Jacqueline Smith;6;"see;fish;apply;learn;some";3.9
4741;2621;Mason Brown;9;"follow;member;sport;bank;find";1.8
7988;1902;Christopher Brooks;1;"organization;rule;plan;short;improve";2.1
1342;3907;Donald Russell;4;"open;newspaper;practice;area;contain";5.0
291;2466;Christina West;4;"doctor;well;reflect;professor;school";2.4
1364;434;Katherine Phillips;8;"half;news;prove;hit;word";3.9
9774;3165;Jocelyn Cannon;1;"ready;over;room;they;might";4.2
8869;564;Kevin Martinez;2;"level;feeling;administration;poor;realize";4.5
3271;3907;Robin Hart;6;"arrive;camera;game;five;kid";1.9
575;2922;Amy Mcdowell;1;"bed;example;these;start;goal";1.7
3687;2061;Karen Cruz;2;"indicate;reach;boy;modern;ready";1.0
7276;1380;Natalie Berry;3;"success;nation;meet;store;young";1.9
9531;2466;Nathan White;10;"site;feel;each;car;figure";1.1
3330;851;Robert Whitehead;7;"drop;media;certain;contain;professor";4.2
7863;1047;Aaron Harvey;5;"him;writer;reflect;defense;body";1.5
4293;1077;Heather Lane;6;"bill;past;truth;who;bank";2.5
996;156;Eric Keller;7;"administration;next;buy;model;force";4.4
4557;3042;Richard Ayala;8;"down;rock;enough;notice;stand";3.2
4342;3559;Daniel Dunn;8;"when;out;government;goal;instead";4.3
9338;1397;Whitney Hutchinson;3;"along;few;fall;bag;by";2.8
1758;4474;Madison Charles;7;"party;population;man;order;size";2.3
2811;1123;Robert Gray;4;"knowledge;occur;fine;unit;ready";4.3
5319;1979;Phyllis Murray;6;"reveal;store;economic;source;book";2.7
6637;38;Kenneth Dudley;3;"bad;describe;speech;concern;thing";3.0
3720;4986;Stuart Adams;4;"out;here;occur;day;as";1.4
4883;121;Hailey Hernandez;6;"should;put;argue;side;join";2.6
5895;2203;Brian Rivera;6;"blood;treatment;company;way;suggest";3.5
1444;1660;Melissa Pace;3;"bed;summer;above;tend;officer";3.8
1575;4581;Kathleen Jones;1;"under;you;kitchen;generation;nature";3.2
77;2119;Jonathan Williams;3;"her;often;plan;argue;give";4.8
3727;404;David Humphrey;3;"down;care;many;president;program";1.7
5804;775;Brenda Martin;2;"marriage;guess;decision;great;good";1.4
4489;3213;Russell Davis;4;"book;skill;college;bad;second";1.2
6830;1184;James White;9;"item;bag;shoulder;dinner;protect";1.1
7724;1621;Jeff Ross;4;"individual;north;rule;life;risk";4.3
2974;1108;Kelly Frederick;7;"character;early;Mr;present;whole";4.2
3125;943;Jeffery Martin;3;"away;several;where;man;ever";4.2
1528;3830;Keith Anderson;6;"family;garden;establish;since;mother";3.4
6384;847;Dr. Tyler Silva;3;"nation;nearly;piece;arm;important";4.7
545;4031;Kimberly Lewis;2;"blood;whom;behind;have;either";1.3
4363;3393;Manuel Boone;10;"together;hundred;ask;safe;remain";4.3
937;748;Patricia Smith;2;"people;bad;add;hotel;simple";4.2
2889;478;Jose Jones;5;"blue;form;take;language;population";1.9
8255;900;Cheryl Wilson;5;"or;main;five;story;majority";1.5
7705;2445;Maria Washington;7;"these;establish;she;pressure;stop";3.4
339;38;Scott Gonzalez;5;"series;special;follow;light;add";2.7
6805;4976;Melanie Roberts;2;"of;forward;central;feeling;offer";1.7
4346;4163;Mary Mills;5;"fine;him;bed;near;direction";3.9
9474;2276;Ryan Butler;1;"matter;president;federal;campaign;office";4.4
4931;4181;Sean Chung;8;"since;election;agreement;technology;analysis";3.7
4613;4516;Joseph Sanchez;5;"relationship;prove;dinner;maybe;case";2.8
8789;3009;Angela Delacruz;9;"issue;probably;position;rate;true";4.6
5894;2836;Lisa Davis;10;"do;provide;air;language;left";1.1
1376;2797;Lori Turner;1;"exactly;front;international;mouth;case";3.5
4011;2871;Shannon Potter;2;"Democrat;agency;television;peace;dream";1.6
6340;2397;Garrett Smith;7;"side;radio;scene;apply;heart";3.9
6647;2812;Angela Banks;5;"this;guess;up;left;talk";2.6
355;1893;Tami Walker;10;"simple;meeting;film;owner;position";2.6
9530;456;Samuel Hunter;8;"drop;summer;red;next;stop";4.7
2254;3536;Joshua Bishop;6;"item;reach;allow;senior;actually";3.8
7463;2196;Mrs. Amy Shields MD;1;"seat;miss;whether;face;yes";4.1
2397;389;Colleen Roberts;7;"husband;beyond;machine;identify;out";1.7
2921;2799;Mindy Wilson;4;"power;size;listen;hair;increase";1.6
9602;3733;Christine Lozano;6;"live;let;space;administration;expect";3.9
1335;1333;Brian Cruz;4;"environmental;hundred;ago;prove;sister";1.4
8117;4262;Sharon Marshall;6;"heart;do;across;nice;store";1.8
1447;4581;Daniel Jones;8;"per;cut;marriage;man;stuff";2.2
403;220;Anna Schultz;8;"pull;surface;necessary;those;positive";1.4
2989;3450;Matthew Hernandez;2;"plan;stand;evening;dog;class";3.2
2970;2745;Adam Williams;2;"grow;relate;address;environment;impact";2.6
608;4833;Jennifer Meadows;10;"individual;week;hot;cost;concern";4.0
6319;4272;Jennifer Mathews;2;"first;least;card;simply;per";4.8
8948;2080;Karen Williams;6;"player;improve;work;enjoy;determine";1.1
1837;2959;Thomas Meyer;2;"start;culture;list;design;moment";3.5
8373;471;Ashley Griffin;3;"these;degree;consider;score;window";1.3
1770;1687;Casey Mercado;6;"of;win;none;plan;Mrs";2.1
806;4473;James Cox;2;"environmental;develop;such;security;federal";2.5
3183;2768;David Bailey;3;"where;challenge;system;boy;part";4.3
8170;3190;Amy Richardson;6;"could;positive;certainly;officer;develop";1.8
6493;3877;Jennifer Frye;10;"good;doctor;response;everything;floor";4.5
1678;1909;Ms. Sherry Dorsey DDS;9;"high;final;account;particularly;series";2.5
4935;4986;Elizabeth Cooper;8;"just;agreement;catch;general;my";4.0
4595;1403;Dr. Alyssa Perez;10;"join;wear;wrong;serve;great";4.0
2634;1117;Rachel King;2;"institution;lead;main;computer;measure";1.2
2163;1433;Stephen Blackwell;8;"debate;especially;model;amount;town";4.2
7678;1496;Ashley Patterson;4;"decide;coach;term;too;including";3.6
8556;1362;Michael Matthews;4;"community;piece;party;require;can";3.6
6614;775;George Robinson;4;"arm;school;leave;character;firm";3.8
947;1687;Jared Ferguson;2;"explain;billion;agent;any;administration";1.4
1152;565;Jon Meyer;3;"past;real;my;possible;great";3.6
5874;2601;Mr. Ronnie Ayala;9;"power;Republican;star;respond;special";1.1
7595;3368;Michael Bishop;3;"fund;list;reason;rock;such";2.3
6555;1426;Daniel Li;4;"hot;benefit;different;story;among";4.3
3437;1209;Tony Navarro;3;"after;region;even;husband;water";4.2
257;1553;Alicia Barnes;4;"always;new;term;father;rock";2.6
3354;115;Jodi Baker;6;"over;run;herself;plan;those";3.2
9440;3586;Kathleen Wallace;5;"like;toward;partner;good;meet";2.7
5814;1299;Wayne Weaver;2;"sell;sit;but;majority;travel";1.5
6789;2794;Erica Stanley;2;"body;west;happen;poor;read";1.7
4441;4977;Stephen Mcdonald;3;"cost;question;there;strong;thus";4.7
518;813;Duane Henderson;2;"still;figure;in;commercial;quality";1.4
50;1867;Cynthia Campbell;2;"hotel;factor;yet;bar;enjoy";5.0
4119;1132;Mrs. Rachel Brandt MD;8;"one;act;recognize;major;pretty";2.1
5640;4522;Donald Reyes;10;"hotel;wear;fact;day;leader";1.1
6136;1736;Stephanie Wright;9;"carry;great;believe;forward;he";4.5
6475;4950;Nicole Walker;9;"few;man;pressure;black;in";2.1
6147;347;Judith Sweeney;3;"fine;section;race;edge;book";1.6
9933;3165;Melissa King;7;"car;instead;cold;sister;employee";2.7
8130;907;Jeffrey Ward;4;"general;live;thus;remember;bit";3.4
6617;2855;Sharon Mitchell;6;"send;put;individual;place;real";3.5
2928;1490;Michael Herman;7;"throw;first;whom;late;hope";1.2
7260;772;Jennifer Gibson;4;"here;own;company;generation;point";2.0
6814;965;Brandon Ward;2;"reveal;defense;behavior;soldier;college";3.5
7969;3220;Mario Griffith;7;"area;land;another;suffer;protect";2.7
7434;377;Steven Salazar;4;"commercial;find;he;new;live";4.4
5230;3681;Douglas Hines;7;"technology;back;third;Mr;rock";4.3
1988;2954;Erin Wiley;9;"response;service;keep;language;time";3.1
3176;4995;Tanya Lucero;8;"million;brother;notice;develop;meet";4.7
8856;4978;Daniel Smith;9;"watch;always;step;we;exist";3.5
537;3130;James Lloyd;6;"young;line;suffer;shoulder;whatever";3.0
8743;497;Tina Garcia;10;"scientist;case;themselves;war;spring";4.6
3511;232;William Brown;3;"world;standard;hour;you;me";3.6
8740;2537;Mr. Matthew Cox;6;"condition;peace;expect;her;even";1.6
400;2825;Jason Wilson;7;"inside;positive;film;across;artist";1.8
7156;1360;Anna Brown;6;"out;its;per;institution;yeah";3.0
1796;961;Kathy Collins;2;"college;activity;choice;site;wear";1.9
2512;3014;Courtney Thompson;9;"author;teacher;push;election;out";4.0
618;4804;Caleb Owens;2;"buy;officer;time;risk;kind";1.9
3810;2871;Daniel Waters;7;"economic;born;water;hard;since";4.0
2087;3396;Nicole Gutierrez;1;"represent;on;democratic;create;whatever";3.5
3576;3249;Melissa Harris;9;"least;culture;memory;child;start";1.7
9406;3647;Brenda Jenkins;9;"ago;lay;myself;go;race";2.2
2335;666;Kenneth Johnson;5;"prove;guy;consider;beyond;open";1.1
3602;3524;Donald Morris;2;"gas;base;dream;ability;heart";2.5
7155;619;Ricardo Kramer;1;"identify;account;order;surface;the";3.9
7365;4141;Ryan Khan;4;"degree;job;another;what;wish";3.2
7149;1560;Catherine Flynn;1;"discussion;perhaps;product;produce;someone";1.3
6019;3512;Kelly Mccoy;8;"note;add;term;water;behavior";4.6
8555;1490;Ashley Bailey DDS;1;"cost;measure;participant;mother;hope";5.0
941;1995;Douglas Vaughn;5;"newspaper;beautiful;him;arm;measure";2.8
3517;3038;Elizabeth Freeman;8;"ago;born;whatever;worker;ground";3.3
1830;407;Joshua Krueger;4;"himself;care;a;never;might";3.5
3575;2074;Steven Mendoza;3;"rich;control;eye;within;art";2.6
9335;907;Ashley Sharp;10;"event;field;sister;all;one";1.3
5359;4986;Bryan Shaw;4;"him;student;degree;better;leave";4.5
4152;2703;Kristina Johnson;6;"like;worker;with;four;miss";4.2
7526;1047;David Reed;2;"city;trouble;career;community;picture";3.6
7723;4646;Donald Flores;7;"operation;game;but;woman;take";1.3
8725;2674;Carla Brooks;2;"remember;once;seem;travel;notice";2.6
2322;907;Sherry Mueller;10;"significant;determine;development;key;reveal";3.7
1774;1947;Deborah Green;5;"fall;necessary;live;pass;serve";3.6
9235;3777;Michael Garrett;1;"morning;control;able;born;fly";3.7
4506;2344;Stephanie Page;7;"continue;meeting;measure;feeling;two";2.9
9148;2662;Thomas Rogers;7;"never;form;miss;source;fill";3.4
1319;4076;Cynthia Cochran;8;"newspaper;piece;amount;yourself;give";1.2
2464;2523;Sean Flynn;1;"news;still;red;writer;play";1.2
8482;860;Dr. Gabriella Gordon;3;"seat;miss;ago;evening;team";2.1
2766;4558;Terri Walker;5;"history;year;wear;hot;operation";3.7
9508;2984;Haley Jimenez;10;"daughter;Mr;goal;choice;local";2.2
6482;2214;Anthony Lowe;4;"face;future;toward;quite;of";3.0
1407;2000;Alex Nelson;6;"live;new;direction;I;former";4.4
781;989;Jamie Malone;3;"town;those;present;car;past";4.0
9038;1553;Kelly Jones;4;"provide;eight;learn;whom;bring";3.9
3574;2127;Mary Guerrero;4;"low;step;name;laugh;sell";3.9
4567;305;David Richmond;5;"upon;some;lose;understand;evening";3.3
3562;3490;Debra Santiago;1;"traditional;worker;computer;need;current";1.6
694;682;Vanessa Flores;7;"Democrat;treatment;in;mean;like";1.8
7117;1108;Jane Santana;3;"learn;market;his;expect;day";2.3
237;2797;Dr. Vincent Roberson;2;"rest;least;very;power;water";3.4
9928;3559;Mark Mosley;10;"behind;art;read;plan;month";2.1
7416;3083;Andrea Ruiz;5;"talk;than;serve;soon;right";4.2
9231;1397;Kelly Young;6;"Democrat;send;maintain;responsibility;become";1.3
1147;4739;William Hayes;5;"reflect;your;tree;son;while";1.0
4858;3299;Connor Park;7;"exactly;look;suffer;cut;save";5.0
3701;4026;Michelle Lawrence;9;"value;early;recognize;almost;carry";1.6
9580;3542;Linda Shields;9;"save;begin;music;seat;fill";1.6
5348;1028;Caroline Martinez;5;"ahead;side;carry;describe;fine";4.8
6840;38;Victoria Hill DDS;3;"test;number;throw;understand;analysis";2.2
723;1732;Kristina Oconnell;9;"start;PM;chair;worry;fear";4.4
268;3376;Tammy Jones;10;"exactly;social;property;price;own";2.4
3721;803;Walter Bowers;9;"year;lead;form;whom;impact";3.0
8241;3101;Michael Jones;2;"model;side;arrive;well;lead";3.3
2814;4262;Sharon Sweeney;7;"particularly;table;some;specific;reveal";3.1
4973;1163;Amanda Lopez;5;"capital;find;adult;sell;as";2.1
86;2962;Dorothy Calderon;3;"outside;law;close;wrong;address";3.4
8140;2276;Jason Price;9;"study;official;friend;catch;interesting";2.2
4617;1380;Luis Jackson;10;"pick;around;executive;with;wife";3.2
4663;1504;Juan Diaz;4;"its;stop;through;material;specific";2.4
5090;577;Emily Mitchell MD;2;"Mr;itself;recent;direction;significant";1.3
1898;1504;Amanda Morrow;1;"nature;site;give;catch;admit";1.8
9796;1028;Jenny Myers;1;"Congress;professor;else;organization;wall";1.6
101;4603;Tara Clark;3;"religious;lawyer;event;goal;control";3.3
2867;59;Nicholas Wallace;9;"great;soon;task;but;teacher";4.1
9254;2683;Kimberly Martin;2;"only;level;light;music;town";2.5
8574;877;Jennifer Thomas;7;"share;save;need;interview;together";3.0
5975;26;Bradley Sanders;2;"man;standard;relate;heavy;he";3.8
66;4522;Richard Fowler;10;"author;every;practice;later;consider";2.3
3561;1972;Shannon Gonzalez;9;"other;hand;social;among;direction";2.2
2203;3038;Paul Murphy;5;"true;hard;begin;better;coach";3.6
367;1589;Shannon Hill;5;"lot;happen;technology;responsibility;produce";2.9
660;281;Cassie Thomas;9;"reach;property;reduce;difficult;long";4.4
7330;2107;Angela Henson;7;"life;oil;where;important;adult";5.0
7527;3032;Peter Johnston;3;"such;player;coach;budget;social";4.3
3926;1207;Jesse Blair;10;"loss;contain;our;hotel;state";4.7
8890;4362;Randall Cruz DDS;1;"them;walk;first;dark;compare";2.9
9456;1108;Erin Montgomery;3;"window;per;us;customer;year";1.8
6450;1122;Benjamin Jackson;9;"TV;recent;civil;traditional;into";1.1
7702;3605;Erin Love;5;"road;mention;student;soldier;audience";2.6
4351;4788;Angela Bell;7;"blue;natural;level;least;program";1.9
3589;2231;Stephanie Gilbert;3;"similar;quality;feel;issue;teacher";3.4
347;4698;Eugene Moore;3;"summer;our;century;game;among";1.7
4698;2582;Brenda Terry;5;"top;red;girl;charge;morning";4.0
2966;4049;Robert Perez;7;"speak;reality;increase;raise;win";1.4
6224;2334;Sylvia Brooks;5;"care;line;art;she;wide";1.7
8656;3647;Daniel Hayes;7;"play;mouth;low;remain;believe";2.1
2932;2629;Katie Barrett;10;"perform;east;ball;score;including";1.5
539;4045;Kevin Gibson;6;"view;something;could;Mr;more";1.8
1404;2407;Diane Hall;1;"happen;act;show;generation;left";3.9
4945;711;Benjamin Myers;2;"ball;culture;visit;personal;television";2.7
4105;4317;Gabrielle Dillon;9;"media;but;camera;throw;on";2.8
3754;3387;Julie Christensen;7;"product;research;those;operation;tough";3.9
2451;224;Ronald Smith;7;"medical;since;husband;reality;memory";1.8
4964;2634;Troy Glass;1;"fill;continue;attorney;follow;camera";2.5
1878;554;Robert Reyes;6;"discover;evidence;party;easy;north";4.1
4365;2119;Amy Smith;8;"everybody;record;development;although;quality";2.2
7122;1130;Justin Rodriguez;5;"know;perhaps;community;everyone;tonight";2.3
1266;1188;Amanda Castro;3;"artist;happy;election;really;indicate";1.5
2740;2183;Adrian Barnes;4;"music;of;admit;truth;to";1.7
7932;1295;Rachel White;9;"first;anything;it;program;shake";4.6
6128;2994;Erica Duke;1;"anyone;understand;next;military;item";3.5
1818;1659;Madison Dixon;2;"stand;few;billion;measure;they";4.3
8109;4302;Lauren Welch;4;"number;dog;summer;wish;everybody";1.7
2937;4402;Jill Miller;4;"technology;ago;together;dream;including";4.5
2277;2855;Patricia Simmons;10;"certain;much;really;hand;doctor";1.3
2140;1360;Christina Jones;10;"campaign;possible;see;race;region";3.6
333;1231;Timothy Perez;9;"future;fear;finish;old;occur";3.9
3518;3600;Theresa Garcia;8;"plant;increase;respond;plant;reason";3.2
5153;2291;Erin Luna;9;"away;effort;share;eye;point";3.8
3208;2100;Rachel Green;9;"beautiful;determine;short;life;until";2.9
4774;1727;Justin Garza;6;"group;throughout;indeed;not;remember";3.4
3794;1415;Casey Fitzpatrick;9;"bring;face;both;case;same";1.2
854;3645;Mark Jackson;9;"safe;tough;tax;argue;total";3.2
8493;1034;Erik Costa;10;"change;machine;particularly;product;sense";4.6
9233;3605;Holly Chapman;3;"information;station;participant;so;between";3.9
3886;2420;Diana Kim;4;"also;be;road;note;federal";1.5
6976;4698;Meagan Bauer;8;"fear;page;daughter;without;direction";4.0
2555;589;Jennifer Garcia;7;"true;up;allow;explain;how";3.5
9556;2167;Dr. Dale Reed;7;"why;bar;side;possible;federal";3.1
7405;4901;Jennifer Jimenez;8;"place;reveal;friend;time;maybe";3.3
4792;3450;Diane Williams;3;"only;quality;remain;accept;room";1.7
6336;3425;Linda Sanchez;7;"fine;great;develop;really;ever";3.8
4923;3892;Randy Bradley PhD;3;"policy;writer;environmental;station;reason";2.1
4269;1859;Angela Griffith;3;"situation;look;cut;again;land";2.7
5024;4577;Jessica Frazier;6;"institution;live;then;lot;decide";3.3
348;3253;John Boyer;9;"become;purpose;money;author;road";3.0
8180;235;Donna Adams;5;"alone;single;score;oil;everyone";3.0
2435;367;Tim Donaldson;6;"position;material;recognize;herself;able";4.7
1579;4440;Stacey Wood;4;"run;spend;trade;account;hold";2.1
4560;4154;Julie Cooper;10;"fund;shake;animal;grow;report";4.5
3202;4231;Laura Wilson;9;"simple;throughout;matter;attack;light";1.1
7252;3411;Vickie Pratt;6;"walk;receive;film;participant;point";3.4
9981;4950;Jillian Miller DDS;1;"after;difference;since;property;data";3.5
8778;2888;Arthur Johnson;7;"prevent;reduce;you;throughout;type";5.0
4327;2226;Megan Mendez;9;"cut;less;activity;its;down";3.5
7448;4516;Jason Holt;5;"magazine;scene;trial;he;sometimes";2.4
438;2033;Adam Woodward;5;"next;whether;add;drive;road";4.5
3702;2268;Deborah Conley;4;"child;early;amount;others;per";2.4
3718;4225;Theresa Ramos;7;"million;wonder;particularly;all;rich";1.2
6021;2984;Carol Peterson;8;"hit;during;modern;say;not";4.8
2682;4181;Darren Gross;9;"reduce;business;skill;administration;here";4.1
3157;1283;Richard Rodgers;1;"perhaps;her;letter;put;score";1.1
3822;1384;Cindy Gilbert;7;"experience;address;learn;deal;if";4.7
7764;4144;Thomas Howe;9;"wait;offer;here;walk;talk";3.9
3019;1185;Alice Nguyen;7;"rate;it;else;group;employee";4.6
6473;3282;Anna Rangel;7;"director;newspaper;set;him;officer";1.8
5006;338;Melissa Williams;6;"style;drop;end;school;room";1.7
8429;3295;Joshua Rhodes;1;"dinner;test;art;plan;want";4.4
866;813;Mr. Thomas Holmes;2;"buy;treatment;morning;participant;huge";1.5
2959;156;Shannon Diaz;3;"hear;century;hair;control;bit";2.0
2443;2043;Paul Carter;6;"word;place;throughout;whole;though";4.7
8061;1711;Linda Small;7;"often;increase;concern;create;pull";1.9
8041;4832;Kenneth Carter;6;"half;line;daughter;we;Mr";2.6
5718;1621;Larry Parks;1;"rock;husband;red;and;itself";2.9
8322;4399;Jeffrey Black;7;"man;treatment;long;any;suddenly";3.8
8254;2420;Renee Buckley;2;"white;rule;finally;body;north";4.8
8749;2292;Ryan Holloway;8;"pressure;quickly;respond;voice;present";3.6
9900;2827;Hannah Marquez;2;"structure;challenge;professor;college;such";4.9
5958;1641;Desiree Blackwell;4;"item;do;see;social;foreign";3.8
3371;82;Jerry Carter;7;"big;white;their;mouth;parent";1.8
8350;1956;Chelsea Henderson;4;"professional;world;much;indeed;movement";4.4
5155;4163;Robyn Jones;5;"idea;people;page;decision;through";3.7
116;547;Jeffrey Mitchell;3;"strategy;scientist;religious;note;likely";3.2
7387;1863;Jason Mccarty;5;"fact;right;ten;sell;similar";2.7
617;3495;Danny Church;8;"your;learn;any;him;sister";2.2
915;2860;Julie Medina;1;"range;board;high;today;parent";3.2
8186;2674;Russell Munoz;5;"stuff;Congress;forget;artist;hundred";4.5
1416;1783;James Davis;10;"region;force;who;if;want";3.5
176;2792;Lisa Butler MD;8;"member;environment;response;case;analysis";1.0
8484;4636;Cory Johnson;5;"among;about;manage;yeah;both";1.3
1800;3787;Mark Edwards;3;"ball;during;this;him;know";4.9
8042;1360;Mary Patel DVM;3;"ability;painting;vote;answer;store";4.0
4924;4743;Mrs. Megan Richard;4;"message;believe;nice;phone;quite";2.9
3760;3830;Colleen Diaz;6;"each;also;real;report;car";1.2
6029;2959;Randall Werner;7;"pay;senior;visit;soon;size";3.5
3879;1827;Eric Bishop;4;"ever;lot;human;simple;camera";3.4
7115;2930;Deborah Huerta;8;"system;specific;item;tend;whose";4.1
4992;1185;Kathy Taylor;8;"happy;though;pick;suggest;they";4.8
4989;3486;Gary Ross;7;"together;rather;change;speech;provide";1.5
6720;4724;Michelle Smith;2;"so;within;until;spend;teacher";4.8
2362;1291;Nicole Alexander;6;"role;human;easy;beat;out";1.2
1912;2812;Angie Smith;9;"treatment;those;agreement;write;participant";4.0
4061;1231;Andrew Shah;8;"suggest;first;yet;break;whatever";1.4
8793;4163;Melinda Lewis;6;"rock;ask;offer;as;arm";4.6
3610;4657;Kevin Marsh;10;"within;idea;new;doctor;meeting";4.5
4051;2888;Matthew Jackson;10;"than;anyone;change;prove;rather";2.3
9475;3725;Eric Pittman;2;"speech;already;everybody;pick;mention";1.6
6616;3215;Monica Parker;7;"natural;him;thing;consider;medical";3.0
4691;1593;Adam Hill;5;"activity;reach;heart;ten;system";3.0
4493;1138;Brittney Henson;9;"expert;court;south;people;bag";2.8
7053;3038;Gregory Collier;8;"spend;magazine;pull;find;likely";4.1
7306;1820;Dustin Bradley;10;"hit;organization;experience;own;they";4.2
2686;4266;Alexander Lewis;5;"oil;happy;between;time;doctor";2.3
4419;3800;Robert Peters;10;"performance;particular;few;need;discuss";2.4
2787;3130;Mary Harris;4;"water;maintain;real;send;see";4.2
1505;1550;Richard Morris;6;"better;individual;center;current;cause";1.2
329;2156;Jesus Leblanc;2;"figure;away;PM;recent;person";1.4
3414;775;Shannon Brown;2;"her;today;mention;head;black";2.0
2411;3985;Leonard Ortiz;8;"product;own;total;city;accept";4.1
5864;999;Jenna Gibson;5;"nearly;compare;prevent;morning;boy";3.5
5537;4045;Jessica Mack;2;"hair;nothing;husband;left;second";1.5
7982;2745;Robert Kim;1;"apply;town;many;measure;firm";2.5
8579;3196;Michael Li;1;"base;some;seven;not;force";1.4
6064;2855;Jack Moreno;3;"walk;thing;any;church;car";4.3
2552;678;Kyle Stokes;1;"space;cultural;join;speech;capital";3.3
8352;2794;Grace Brown;4;"miss;last;catch;best;set";2.2
1550;4608;Gina Smith;5;"politics;notice;apply;or;property";3.2
4516;478;Scott Hall;9;"recognize;international;along;social;sit";2.4
8514;1787;Wesley Rivera;10;"PM;yeah;data;matter;step";2.8
850;3059;Phillip Rodriguez;9;"game;pretty;not;piece;culture";1.6
6731;2074;Lauren Obrien;1;"yard;animal;job;modern;partner";1.7
2629;940;Mitchell Calhoun;9;"cost;improve;hot;scientist;really";4.0
5291;3989;Patrick Atkinson;5;"let;you;letter;management;carry";2.2
8603;1688;Joshua Mckinney;8;"thank;able;positive;such;part";1.5
3222;4692;Jessica Mann;6;"always;who;turn;single;then";1.9
5766;414;Anthony Smith;4;"some;fire;Mr;perform;place";4.6
1121;4735;William Cantu;8;"partner;with;travel;box;size";1.6
7930;2566;Ronald Wells;9;"term;third;early;charge;these";2.9
5508;3462;Nathan Garza;9;"always;clear;garden;great;relationship";1.0
5614;3647;Daisy Friedman;6;"ability;daughter;smile;behavior;arm";2.7
8027;4288;Connie Brown;5;"college;single;not;trade;especially";5.0
9422;4788;Frank Gutierrez;10;"recognize;right;whole;structure;main";1.3
6310;3165;Elizabeth Morton;9;"decide;suddenly;human;peace;seven";3.3
4380;4231;David Lee;1;"no;accept;maintain;partner;life";1.8
427;28;Antonio Williams;4;"represent;able;reality;participant;lawyer";2.7
7728;2962;Anthony Collins;5;"eat;environment;only;ability;structure";4.3
4325;1738;Mark Wright;10;"draw;happy;however;trouble;media";2.0
4379;2190;Lisa Hodges;6;"society;whether;keep;entire;manager";2.1
2757;4885;Katherine Cummings;2;"hot;off;fund;same;blood";1.4
7971;3268;Alexandra Hull;4;"skill;notice;clearly;group;plant";3.6
3110;2634;Melanie Welch;3;"per;difference;three;set;significant";1.5
6927;1952;Nicholas Davis;2;"product;lawyer;certain;training;including";1.9
5788;1866;Kevin Sanchez;3;"final;method;professor;report;west";2.3
5520;1633;Kathryn Aguilar;4;"bag;movement;type;realize;of";2.6
4837;3376;Jessica Blake;7;"record;direction;arm;again;pick";1.1
