nombre,run,dv,correo,telefono_contacto,jornada,isapre,contrato,fecha,monto,cantidad_personas,numero_viaje,lugar_origen,lugar_llegada,capacidad,tiempo_estimado,precio_asiento,empresa,tipo_de_bus,comodidades,escalas,clase,paradas
"Lilia Gracia Vega",99.999.999-K,3,hector_feeney@viajes.cl,"\+56 9 3429 3695",Nocturno,Fonasa,"Full time",2025-09-25,809000,-6,90629,Palencia,"Torrejón de Ardoz",70,1492,125000,"LNER (London North Eastern Railway)",,"{""Aire acondicionado"",Wifi,Baño,Comida}",{},,"{""Palma de Mallorca"",Palencia,Valdemoro,Burgos}"
"Jorge Luis Monroy Arguello",1170830,7,correo_sin_arroba.com,"\+56 9 2617 5846",,,,2025-07-28,18/5/2023,-3,99333,Estepona,Estepona,37!!!,181,41000,Plusmar,Normal,"{Comida,Wifi,""Asientos reclinables""}",{},,{}
"Susana Lovato Valdés",99.999.999-K,5,wilmer.ohara@viajes.cl,"\+56 9 3881 0044",,,,2025-03-22,25/9/2027,-3,94416,"Alcalá de Henares",Avilés,92!!!,791,101000,"TransPennine Express",,"{Comida,Baño,Wifi}",{},,"{Linares,Paterna,Calahorra}"
"Francisca Agosto Salgado",99.999.999-K,3,amy_carter@viajes.cl,"\+56 9 1053 9950",,,,2025-12-04,441000,-9,78561,Tarragona,Málaga,46!!!,206,49000,"ETN Turistar",Normal,"{Comida,Wifi,TV}",{},,{}
"Pablo Reyes Juárez",99.999.999-K,7,nicolle@outlook.com,"\+56 2 2348 6713",,,,2025-12-04,441000,9,57948,Gandía,alcoy#,44!!!,3352,186000,"All Nippon Airways (ANA)",,{},"{""El Ejido""}","Clase ejecutiva",{}
"César Nazario Casillas",99.999.999-K,0,correo_sin_arroba.com,"\+56 2 7429 9329",,,,2025-09-16,6/9/2022,-5,13344,Calahorra,Palencia,85!!!,871,147000,"Great Western Railway (GWR)",,"{TV,Baño,Comida}",{},,{}
"Daniela Elizondo Carrillo",26124656,6,correo_sin_arroba.com,"\+56 2 4403 8026",Nocturno,"Más vida","Part time",2025-09-07,913000,-10,53156,Salamanca,"san fernando#",31!!!,132,42000,"Primera Plus",Normal,"{TV,Wifi,""Aire acondicionado""}",{},,{}
"Hugo Palacios Ozuna",99.999.999-K,8,correo_sin_arroba.com,"\+56 9 4354 1540","56 2 1109 2865",,,2025-09-07,17/9/2025,-10,75159,Alcoy,leganés#,84,1001,120000,"KTX (Corea del Sur)",,"{Calefacción,Agua,Baño}",{},,{}
"Roberto Gonzales Rosario",20389762,0,cassandra@viajes.cl,"\+56 9 8633 6826",,,,2025-11-28,6/2/2028,8,36506,Logroño,Málaga,17,3340,315000,"Air Canada",,{},"{Rivas-Vaciamadrid,Algeciras}","Clase ejecutiva",{}
"Cristian Merino Toro",99.999.999-K,7,correo_sin_arroba.com,"\+56 9 5841 5020",,,,2025-07-11,747000,-3,59247,Almería,Tarragona,36,174,19000,Megabus,Normal,"{Agua,TV,Baño}",{},,{}
"Laura Colunga Crespo",17990423,2,joanna.cartwright@turket.com,"\+56 9 7893 0255",,,,2025-08-17,9/11/2022,2,42327,Gandía,Marbella,39,421,71000,"ETN Turistar",Cama,"{""Asientos reclinables"",""Aire acondicionado"",TV}",{},,{}
"Sr. Guillermina Hernández Alemán",99.999.999-K,0,zelda@outlook.com,"\+56 9 5626 7706",,,,2026-05-02,22000,1,35237,Sagunto,"pozuelo de alarcón#",49,582,141000,"Southwest Airlines",,{},{},"Clase económica",{}
"Sta. Lola Santiago Martínez",23502347,6,maxwell_beatty@outlook.com,"\+56 9 8210 4644","56 4 5854 9879",,,2026-09-22,559000,8,47340,León,Badalona,77,2418,131000,"TGV (SNCF)",,"{Comida,Wifi,""Aire acondicionado"",Baño,TV}",{},,"{Logroño,Mérida,""Alcalá de Guadaira""}"
"Estela Barraza Osorio",3646364,5,correo_sin_arroba.com,"\+56 2 0676 5108",,,,2026-06-15,27/7/2021,-8,39929,"Roquetas de Mar",Gecho,80,2162,205000,"LATAM Airlines",,{},"{Algeciras,Torrevieja,Mérida,Alcobendas}","Primera clase",{}
"Clara Montes Rodríquez",99.999.999-K,1,dexter@turket.com,"\+56 9 5410 5096",,,,2025-12-09,7/4/2025,8,72941,Marbella,Málaga,70!!!,818,80000,"JR Central",,"{Baño,Agua,Comida}",{},,"{Guadalajara,""La Línea de la Concepción"",""Chiclana de la Frontera""}"
"Roberto Centeno Menchaca",22938559,3,correo_sin_arroba.com,"\+56 2 5925 8448","56 9 1978 4554",,,2026-08-07,645000,3,39236,Alcorcón,Sevilla,36,544,99000,"El Rápido Internacional",Semi-cama,"{TV,Comida,Agua}",{},,{}
"Clemente Caballero Alanis",99.999.999-K,7,correo_sin_arroba.com,"\+56 2 5584 3054","56 5 4951 1323","Más vida","Full time",2026-08-29,30/9/2025,-2,85752,Arrecife,málaga#,10!!!,2317,182000,EasyJet,,{},"{Málaga,Cuenta,""Collado Villalba"",Rivas-Vaciamadrid}","Primera clase",{}
"Sr. Sergio Torres Nevárez",99.999.999-K,3,agueda_prohaska@viajes.cl,"\+56 9 3192 5011",,,,2026-03-28,890000,1,98286,Almería,"San Fernando",41!!!,184,38000,ADO,Normal,"{Baño,TV,Calefacción}",{},,{}
"Cristina Montes Arreola",99.999.999-K,6,correo_sin_arroba.com,"\+56 9 6469 3013","56 5 6294 5717",,,2025-04-21,24/1/2020,3,22638,Getafe,"Torrejón de Ardoz",81!!!,2574,178000,"Air France",,{},"{""Talavera de la Reina""}","Clase ejecutiva",{}
"Sr. Barbara Zúñiga Ruiz",99.999.999-K,6,kirby@marmol.com,"\+56 2 8768 6857","56 5 8399 9015",,,2025-11-14,774000,8,48080,Benidorm,arrecife#,10!!!,3564,258000,"Great Western Railway (GWR)",,"{Baño,Agua,Wifi,""Aire acondicionado"",Comida,TV}",{},,"{Coslada,Majadahonda,Torrevieja,Orense,Fuengirola}"
"María Eugenia Aranda Dávila",99.999.999-K,3,jewel_heller@turket.com,"\+56 9 9056 3380","56 8 4660 1856",,,2025-11-03,515000,-9,27248,"Mollet del Vallés",gerona#,45,647,113000,FlixBus,Cama,"{""Aire acondicionado"",Calefacción,Baño}",{},,{}
"Josefina Badillo Anguiano",671890,5,correo_sin_arroba.com,"\+56 9 6702 0780",,,,2025-10-06,14/2/2023,2,63955,"Pozuelo de Alarcón","torrejón de ardoz#",31,305,65000,Plusmar,Normal,"{Calefacción,""Asientos reclinables"",""Aire acondicionado""}",{},,{}
"Jesús Escamilla Ornelas",99.999.999-K,7,correo_sin_arroba.com,"\+56 9 6354 4471",,,,2026-08-31,866000,7,7449,"Cornellá de Llobregat",Coslada,42!!!,313,71000,"Buses Ahumada",Normal,"{""Asientos reclinables"",Comida,TV}",{},,{}
"Mario Nájera Niño",99.999.999-K,7,correo_sin_arroba.com,"\+56 2 4427 9931",,,,2025-03-16,674000,5,22086,Pontevedra,Benidorm,18!!!,2773,102000,Vueling,,{},"{Lérida,Fuengirola,Málaga,""Torrejón de Ardoz"",Lorca}","Primera clase",{}
"Sr. José Tello Terrazas",14726212,9,dennis.wuckert@waldo.com,"\+56 9 1588 4817","56 6 9180 9413",,,2025-01-28,16/4/2023,3,75735,Linares,"Mollet del Vallés",40!!!,239,45000,Monbus,Normal,"{Comida,Wifi,Agua}",{},,{}
"Ramona Orta Castro",99.999.999-K,6,zack@viajes.cl,"\+56 9 5131 0051",,,,2026-10-29,3/7/2023,8,42202,Zaragoza,tarragona#,33!!!,4118,246000,"Rocky Mountaineer",,"{Calefacción,Baño,""Asientos reclinables"",Agua,Comida,TV,""Aire acondicionado""}",{},,"{Ferrol,""San Cristróbal de la Laguna"",Almería,Oviedo,Mataró}"
"Dorotea Bonilla Delgadillo",2871045,8,rashad@outlook.com,"\+56 2 3020 3162","56 1 8991 5700",,,2026-10-24,91000,-10,86727,"Molina de Segura",Guadalajara,34,411,46000,"Estrella Roja",Cama,"{Calefacción,Baño,""Asientos reclinables""}",{},,{}
"Victoria Leiva Villagómez",20190870,5,correo_sin_arroba.com,"\+56 9 8301 8394","56 2 4377 9552",Fonasa,"Full time",2025-01-08,29/2/2028,-10,14602,Coslada,benalmádena#,62!!!,744,36000,"Air Canada",,{},{Móstoles},"Clase económica",{}
"Guillermina Becerra Valadez",11553964,0,qiana_ullrich@turket.com,"\+56 9 9557 2805",,,,2025-04-26,9/12/2022,5,19625,León,alcorcón#,61!!!,2290,169000,"Great Western Railway (GWR)",,"{Agua,Comida,""Aire acondicionado"",""Asientos reclinables"",Calefacción}",{},,{Mérida}
"Sr. Manuel Márquez Contreras",28060698,7,foster_monahan@viajes.cl,"\+56 2 4492 5577",Diurno,Colmena,"Part time",2026-10-03,300000,-7,17964,Guadalajara,zaragoza#,52!!!,1403,63000,"Wizz Air",,{},"{Torrelavega,""La Línea de la Concepción"",Sabadell}","Clase económica",{}
"Arturo Ballesteros Frías",99.999.999-K,6,gino_williamson@waldo.com,"\+56 9 5726 8163","56 3 3620 4122",,,2026-05-06,31/11/2025,-10,12805,Puertollano,orihuela#,36!!!,479,61000,"ETN Turistar",Semi-cama,"{Agua,Baño,""Asientos reclinables""}",{},,{}
"Sr. Eva Camacho Jurado",29663197,9,correo_sin_arroba.com,"\+56 2 5572 9074",,,,2026-06-09,11/10/2020,-9,40693,"Cornellá de Llobregat",Mérida,30,613,89000,Alsa,Cama,"{Comida,Wifi,""Asientos reclinables""}",{},,{}
"Sta. Ramiro Colunga Pizarro",99.999.999-K,5,vanesa.schultz@viajes.cl,"\+56 9 1542 5130","56 6 7020 4173",Fonasa,"Full time",2025-01-18,19/3/2028,-3,55672,Albacete,vitoria#,31!!!,432,38000,"EME Bus",Semi-cama,"{""Aire acondicionado"",Comida,Calefacción}",{},,{}
"Benjamín Bernal Badillo",99.999.999-K,0,cyril.torphy@waldo.com,"\+56 9 0278 1523","56 7 7439 8252",,,2025-01-18,22/3/2026,3,54116,Cuenta,Alcorcón,39!!!,605,187000,JetSur,Cama,"{""Aire acondicionado"",Agua,Calefacción}",{},,{}
"Ignacio Elizondo Burgos",99.999.999-K,2,correo_sin_arroba.com,"\+56 9 5228 6119",,,,2025-06-11,339000,-6,12328,Cartagena,manresa#,34!!!,317,29000,BoltBus,Normal,"{TV,""Asientos reclinables"",Agua}",{},,{}
"Daniela Carrasquillo Maya",8158009,7,carroll_robel@turket.com,"\+56 2 7899 3740","56 2 7684 2874",,,2025-03-03,29/8/2028,6,20698,Guadalajara,calahorra#,33,155,11000,Futura,Normal,"{""Aire acondicionado"",""Asientos reclinables"",Agua}",{},,{}
"Jorge Luis Lomeli Avilés",20046705,0,adalberto_lindgren@turket.com,"\+56 9 7382 7544","56 9 9178 2016",,,2025-12-03,276000,6,76607,"Santa Cruz de Tenerife",tarrasa#,69,1109,78000,"Delta Air Lines",,{},{Málaga},"Clase económica",{}
"Sara Aguilera Velázquez",23053956,4,correo_sin_arroba.com,"\+56 9 7994 3431",Nocturno,Banmédica,"Full time",2025-10-27,26/12/2026,-2,21649,Leganés,albacete#,35!!!,574,47000,BoltBus,Semi-cama,"{TV,Comida,""Asientos reclinables""}",{},,{}
"Gustavo Barraza Bueno",6452972,6,jason@viajes.cl,"\+56 2 1901 2485","56 5 5112 7999",,,2025-08-02,533000,4,73935,"Ciudad Real","molina de segura#",48,257,75000,Megabus,Normal,"{Wifi,TV,Baño}",{},,{}
"Clemente Muro Terrazas",20267067,2,logan_hudson@viajes.cl,"\+56 2 4840 0535","56 5 9818 6348",Colmena,"Part time",2026-02-27,2/12/2026,-9,42727,Zamora,Burgos,27,2163,101000,"China Railway",,"{""Asientos reclinables"",Baño,""Aire acondicionado"",TV,Agua}",{},,"{Manresa,Salamanca}"
"María del Carmen Véliz Rendón",99.999.999-K,8,correo_sin_arroba.com,"\+56 9 1420 0211",,,,2025-02-05,14/8/2028,-3,52240,León,Alcoy,61,1332,55000,"United Airlines",,{},"{""Sanlúcar de Barrameda"",""Roquetas de Mar""}","Clase económica",{}
"Rocio Sáenz Escobar",19751196,0,correo_sin_arroba.com,"\+56 2 8154 5915",Nocturno,Consalud,"Part time",2026-04-23,556000,3,60742,Valladolid,Gandía,32,349,46000,"Condor Bus",Normal,"{Calefacción,Comida,TV}",{},,{}
"Sara Aguilera Velázquez",99.999.999-K,4,aisha.dickinson@viajes.cl,"\+56 9 7994 3431","56 5 9274 7861",Banmédica,"Full time",2026-07-15,30/11/2026,-7,98876,Sagunto,cuenta#,34!!!,2689,298000,"Deutsche Bahn (DB)",,"{Comida,Wifi,Agua,Baño,""Asientos reclinables""}",{},,{Badalona}
"María Elena Peña Juárez",13912654,0,correo_sin_arroba.com,"\+56 9 7545 3522",,,,2026-07-15,803000,7,57785,Orense,puertollano#,28,4156,231000,"Frontier Airlines",,{},{Irún},"Primera clase",{}
"Elsa Rael Gaitán",1106248,0,genevie@viajes.cl,"\+56 2 7731 4218",,,,2025-07-19,10/7/2022,-6,34101,Mataró,manresa#,30!!!,389,36000,"El Rápido Internacional",Cama,"{""Asientos reclinables"",TV,Wifi}",{},,{}
"Sofia Delarosa Tejeda",99.999.999-K,5,correo_sin_arroba.com,"\+56 9 2482 4566",,,,2026-10-12,303000,-9,64771,Granada,Lérida,85!!!,3252,387000,"Delta Air Lines",,{},{},"Clase ejecutiva",{}
"Sra. Andrea Magaña Collado",99.999.999-K,6,remona.murazik@waldo.com,"\+56 9 4974 8276",,,,2026-02-15,488000,4,82086,Fuenlabrada,gandía#,36,272,67000,"Buses Romani",Semi-cama,"{Agua,Comida,Wifi}",{},,{}
"Rosario Negrón Vargas",99.999.999-K,8,lee_walsh@outlook.com,"\+56 2 2374 9435","56 8 5008 7661",,,2026-02-15,25/8/2024,-4,61181,Zaragoza,linares#,44!!!,432,74000,"Flecha Bus",Cama,"{TV,""Aire acondicionado"",Comida}",{},,{}
"Octavio Irizarry Noriega",25323342,4,kandice.wehner@viajes.cl,"\+56 9 0935 6788","56 4 9076 5930",Consalud,"Part time",2025-01-26,18/9/2025,-1,36755,Ferrol,"Palma de Mallorca",98,1415,85000,Lufthansa,,{},{Huelva},"Clase económica",{}
"Julio Rodarte Toledo",22884887,4,wendy@viajes.cl,"\+56 9 3769 3031","56 4 1360 2684",Banmédica,"Part time",2025-01-20,23/10/2029,4,841,Fuengirola,"La Coruña",44,541,130000,JetSur,Cama,"{TV,""Aire acondicionado"",Calefacción}",{},,{}
"Ignacio Arteaga Figueroa",22608346,6,correo_sin_arroba.com,"\+56 9 0618 4655",,,,2025-06-15,29/3/2026,1,28770,"Ciudad Real",Torrelavega,20!!!,3930,277000,Thalys,,"{Comida,Agua,Wifi,""Aire acondicionado"",TV,Baño,""Asientos reclinables""}",{},,"{Murcia,Ponferrada}"
"Elsa Alvarez Camacho",21175719,3,huong.feeney@outlook.com,"\+56 2 0357 9468",,,,2026-09-27,62000,-9,43830,Segovia,oviedo#,48!!!,3246,366000,"Air France",,{},"{Irún,Madrid}","Primera clase",{}
"José Eduardo Escobedo Gracia",99.999.999-K,5,correo_sin_arroba.com,"\+56 9 9357 1117","56 4 7565 6026",,,2026-05-31,254000,-7,98360,Alicante,Orihuela,97,3952,194000,"Copa Airlines",,{},"{Gecho,Zamora,Paterna,Madrid,Málaga}","Primera clase",{}
"Rafael Carmona Magaña",99.999.999-K,4,inez.nicolas@waldo.com,"\+56 9 1919 0846","56 3 9125 4291",,,2026-06-17,3/9/2027,-6,96165,"El Ejido",orihuela#,85,3061,134000,"Alaska Airlines",,{},{},"Primera clase",{}
"Julia Pabón Rodrígez",18311350,8,correo_sin_arroba.com,"\+56 2 8457 6460",,,,2025-03-12,1/4/2023,-7,74533,Segovia,Pontevedra,40!!!,252,38000,Socibus,Semi-cama,"{Agua,""Aire acondicionado"",Baño}",{},,{}
"Luis Galván Badillo",27898254,2,breana.swift@outlook.com,"\+56 2 8376 9097",,,,2025-03-12,359000,7,47414,"Sanlúcar de Barrameda",salamanca#,37!!!,212,22000,"El Rápido Internacional",Normal,"{Agua,Calefacción,Wifi}",{},,{}
"José Luis Carrasquillo Garica",99.999.999-K,9,dwight_hagenes@viajes.cl,"\+56 2 9873 0077","56 5 3568 5038",,,2025-02-24,2/8/2027,-5,28656,Reus,Motril,78!!!,503,190000,"Brightline (EE.UU.)",,,{},,"{Benidorm,Almería,Getafe}"
"Sr. Barbara Zúñiga Ruiz",3125362,6,correo_sin_arroba.com,"\+56 2 8768 6857","56 6 7759 2115",,,2025-02-24,29/12/2020,-5,6010,Getafe,viladecans#,38,531,65000,Monbus,Semi-cama,"{Calefacción,Agua,Comida}",{},,{}
"Víctor Galindo Muñiz",11806200,5,tiny@waldo.com,"\+56 2 6394 6474",,,,2025-03-16,2/8/2029,10,94816,Arrecife,"dos hermanas#",44,203,35000,"Buses Romani",Normal,"{Baño,TV,Agua}",{},,{}
"Sra. Andrea Magaña Collado",16434021,6,correo_sin_arroba.com,"\+56 9 4974 8276",,,,2026-12-02,11/9/2026,1,8850,Toledo,"palma de mallorca#",57,3079,295000,"Southwest Airlines",,{},"{Avilés,""La Línea de la Concepción"",Almería,Pamplona}","Primera clase",{}
"José Emilio Armijo Iglesias",99.999.999-K,5,correo_sin_arroba.com,"\+56 2 9115 9663","56 5 7497 5403",,,2025-09-09,6/3/2021,-4,50984,"San Sebastián",Valladolid,45,649,101000,Turbus,Cama,"{Wifi,Comida,Baño}",{},,{}
"Ana Luisa Rodríquez Marrero",99.999.999-K,6,correo_sin_arroba.com,"\+56 9 3138 9431","56 4 8894 8193",Colmena,"Part time",2025-04-12,19/11/2030,-4,19559,Alicante,Irún,16!!!,1963,119000,"TransPennine Express",,"{Comida,""Asientos reclinables"",Baño,Calefacción}",{},,{Benalmádena}
"Sr. Bernardo Llamas Correa",99.999.999-K,3,santo@waldo.com,"\+56 9 1137 0575",,,,2026-08-16,12/6/2022,2,67449,Benalmádena,almería#,31!!!,289,69000,JetSur,Normal,"{""Aire acondicionado"",""Asientos reclinables"",TV}",{},,{}
"María Eugenia Aranda Dávila",1421904,3,correo_sin_arroba.com,"\+56 9 9056 3380","56 6 2124 3500",,,2025-11-24,15/5/2028,5,24330,"Hospitalet de LLobregat",ceuta#,35!!!,688,56000,Greyhound,Cama,"{""Aire acondicionado"",Calefacción,Wifi}",{},,{}
"Mateo Montaño Reyna",99.999.999-K,8,alaina@turket.com,"\+56 9 1240 4865",,,,2025-02-21,257000,-4,52061,Algeciras,"Collado Villalba",20,430,159000,Vueling,,{},{},"Clase ejecutiva",{}
"Julia Escobedo Olivas",99.999.999-K,1,correo_sin_arroba.com,"\+56 9 4749 5771",,,,2025-07-10,228000,-2,7864,Benidorm,inca#,98!!!,1514,98000,"TGV (SNCF)",,"{Agua,Wifi,""Asientos reclinables"",""Aire acondicionado""}",{},,"{Orense,Alicante,Segovia,Granollers}"
"Fernando Casanova Centeno",99.999.999-K,3,dorethea_adams@marmol.com,"\+56 9 3892 3030","56 2 7638 9805",,,2026-09-21,25/10/2027,7,11545,Rivas-Vaciamadrid,Almería,81!!!,2919,190000,"Virgin Trains",,"{Baño,Wifi,""Aire acondicionado"",""Asientos reclinables"",Agua,TV}",{},,"{Vigo,Coslada,Inca,Elche,Rivas-Vaciamadrid}"
"Sr. Gustavo Ureña Cabrera",27715675,2,correo_sin_arroba.com,"\+56 9 1567 0048","56 1 2054 4276",,,2026-09-03,164000,-10,18105,"Molina de Segura",torrelavega#,48!!!,338,46000,Megabus,Semi-cama,"{Calefacción,""Aire acondicionado"",Comida}",{},,{}
"Ana Luisa Sanabria Salinas",99.999.999-K,6,correo_sin_arroba.com,"\+56 2 8186 4238",,,,2025-07-09,712000,4,70279,Cádiz,Paterna,36,296,68000,"Via Bariloche",Semi-cama,"{TV,Wifi,""Aire acondicionado""}",{},,{}
"Sra. Tomás Treviño Sedillo",99.999.999-K,9,correo_sin_arroba.com,"\+56 2 4842 0872",,,,2025-07-03,39000,-9,3847,Rubí,rivas-vaciamadrid#,49!!!,429,52000,"Estrella Roja",Cama,"{""Asientos reclinables"",Baño,Agua}",{},,{}
"Sta. María Teresa Ybarra Gaytán",99.999.999-K,7,rochel@waldo.com,"\+56 9 9327 8556",,,,2026-05-21,30/11/2021,-5,41172,Benidorm,benalmádena#,26!!!,330,27000,Ryanair,,{},"{Viladecans,""Cornellá de Llobregat""}","Clase económica",{}
"Susana Blanco Tovar",10190607,6,yong@viajes.cl,"\+56 2 9354 3127","56 2 5992 4035",,,2025-12-14,26/3/2027,-10,97587,"Jerez de la Frontera",Sevilla,45!!!,455,35000,"Primera Plus",Cama,"{""Asientos reclinables"",TV,""Aire acondicionado""}",{},,{}
"Diana Arriaga Pineda",21505142,9,correo_sin_arroba.com,"\+56 2 6555 7567","56 9 3166 9078",Colmena,"Full time",2026-06-23,962000,7,26014,Gecho,Lérida,17!!!,1992,69000,Emirates,,{},"{Valencia,""San Cristróbal de la Laguna"",Rubí,Mijas}","Clase ejecutiva",{}
"Tomás Hidalgo Zepeda",8228851,2,correo_sin_arroba.com,"\+56 2 7575 0203","56 4 6916 3159",,,2026-05-21,314000,7,91167,Badajoz,"Alcalá de Guadaira",96,2086,123000,"China Railway",,"{Agua,""Aire acondicionado"",Comida,Wifi}",{},,"{""Talavera de la Reina"",Pontevedra}"
"Josefina Olivares Ozuna",99.999.999-K,5,correo_sin_arroba.com,"\+56 2 2505 2893",,,,2026-10-30,953000,-7,90190,"Chiclana de la Frontera",irún#,38!!!,557,50000,JetSur,Semi-cama,"{Agua,Calefacción,Comida}",{},,{}
"Lucia Jiménez Navarrete",99.999.999-K,7,roxana@waldo.com,"\+56 9 9324 2794","56 3 4462 2966",,,2026-01-10,299000,-9,20626,Reus,Vigo,48!!!,490,128000,Plusmar,Semi-cama,"{Calefacción,Baño,Wifi}",{},,{}
"Daniel Aguilera Saldivar",99.999.999-K,1,correo_sin_arroba.com,"\+56 2 1012 7799",,,,2026-05-16,468000,-5,60189,"Alcalá de Guadaira",Benidorm,59,1058,119000,Emirates,,{},"{Gandía,Algeciras}","Clase económica",{}
"Luis Miguel Acuña Valdés",99.999.999-K,8,correo_sin_arroba.com,"\+56 9 7605 2832",Nocturno,Colmena,"Full time",2025-05-17,902000,-2,69117,Calahorra,"El Prat de LLobregat",47,3242,373000,Italo,,"{TV,Agua,Calefacción,""Asientos reclinables"",""Aire acondicionado"",Baño}",{},,"{Linares,Irún,Inca,Elche}"
"Olivia Olivas Almaraz",99.999.999-K,0,glendora@viajes.cl,"\+56 9 9018 6451","56 4 8670 1581",,,2025-03-18,2/6/2020,10,30864,"Cornellá de Llobregat",Leganés,43!!!,254,20000,Avanza,Semi-cama,"{TV,""Asientos reclinables"",""Aire acondicionado""}",{},,{}
"Sra. Víctor Alvarez Flórez",19063283,8,correo_sin_arroba.com,"\+56 2 4296 7473","56 2 8765 6858",,,2025-07-09,31/5/2025,-9,81784,Cádiz,"Jerez de la Frontera",57!!!,3439,272000,"ÖBB (Austria)",,"{Calefacción,""Asientos reclinables"",Wifi,Agua,TV,Comida}",{},,"{Parla,Bilbao,Benidorm,Arrecife}"
"Marisol Mayorga Piña",7848975,2,correo_sin_arroba.com,"\+56 2 6854 1963","56 9 2811 8587",,,2025-05-22,147000,8,44541,Almería,"Collado Villalba",30,202,29000,"Condor Bus",Normal,"{""Aire acondicionado"",Baño,TV}",{},,{}
"Sra. María del Carmen Banda Laboy",99.999.999-K,9,correo_sin_arroba.com,"\+56 9 2289 0056","56 8 1865 3998",,,2026-11-16,822000,-4,85360,Gerona,Orihuela,56!!!,3693,394000,Emirates,,{},"{Cartagena,Madrid,Gijón,Lugo}","Primera clase",{}
"Sr. Emilia Sotelo Zavala",15963548,5,correo_sin_arroba.com,"\+56 9 4610 6970",,,,2026-03-05,3/2/2028,7,68198,"Sanlúcar de Barrameda","Dos Hermanas",67,3332,149000,Thalys,,"{Calefacción,""Aire acondicionado"",Baño,Comida,TV,Agua}",{},,{}
"Anita Toro Colunga",99.999.999-K,6,correo_sin_arroba.com,"\+56 2 7235 9556",,,,2026-08-01,280000,-9,37781,Alcorcón,Lugo,28!!!,939,146000,EasyJet,,{},"{Cartagena,""Jerez de la Frontera"",Barcelona,Málaga}","Clase económica",{}
"Armando Castro Tirado",99.999.999-K,7,tama.runte@turket.com,"\+56 9 5906 5762","56 9 4962 8702",,,2025-03-04,4/6/2020,-3,6,"Cornellá de Llobregat",Motril,9,455,112000,"Brightline (EE.UU.)",,,{},,"{Bilbao,Cáceres,Burgos,Málaga,""Mollet del Vallés""}"
"Marilu Pantoja Ceballos",99.999.999-K,7,jonathan@turket.com,"\+56 2 0004 8195",,,,2025-08-31,21/7/2023,-3,76021,Zamora,ceuta#,31,216,17000,"Buses Romani",Normal,"{TV,Baño,Agua}",{},,{}
"Raúl Zelaya Perea",21814820,4,zane.mosciski@marmol.com,"\+56 2 0882 7810","56 5 9032 5938",,,2026-03-30,179000,7,51666,"Alcalá de Guadaira",Orihuela,49,480,79000,Andesmar,Cama,"{Agua,TV,Baño}",{},,{}
"Gilberto Pineda Robledo",8420616,6,linwood@viajes.cl,"\+56 2 9843 0950",,,,2026-02-01,515000,-5,82251,Zaragoza,viladecans#,56,2991,289000,"SBB (Suiza)",,"{Agua,TV,Comida,Calefacción,""Aire acondicionado"",Wifi}",{},,"{""Santa Coloma de Gramanet"",Mérida,Huelva}"
"Victoria Leiva Villagómez",99.999.999-K,5,correo_sin_arroba.com,"\+56 9 8301 8394",Nocturno,Fonasa,"Full time",2026-06-28,687000,3,19777,"El Ejido",badalona#,48!!!,466,66000,Damas,Cama,"{Baño,""Aire acondicionado"",TV}",{},,{}
"Gregorio Vera Echevarría",99.999.999-K,9,correo_sin_arroba.com,"\+56 2 6223 6388","56 3 5397 7994","Más vida","Full time",2026-06-06,738000,-9,12917,Irún,Mataró,83,2798,95000,WestJet,,{},"{Mérida,Madrid}","Primera clase",{}
"Ariadna Bermúdez Arce",99.999.999-K,0,noelle@turket.com,"\+56 2 7051 9054",,,,2026-10-15,366000,7,67858,"Mollet del Vallés","Alcalá de Guadaira",30!!!,379,91000,"EME Bus",Cama,"{Baño,Wifi,Agua}",{},,{}
"Sta. Vicente Hernández Terán",99.999.999-K,8,tosha@viajes.cl,"\+56 2 1005 6652",Nocturno,Fonasa,"Part time",2025-10-04,1/4/2025,5,67558,Majadahonda,Sabadell,10!!!,2747,250000,"Brightline (EE.UU.)",,"{Calefacción,Baño,Wifi,Comida,""Aire acondicionado""}",{},,"{Orihuela,Gandía,""Ciudad Real"",""Santa Coloma de Gramanet"",Sabadell}"
"Dorotea Guevara Carreón",14205613,8,correo_sin_arroba.com,"\+56 9 2694 8166",,,,2026-11-20,21/11/2023,-8,6534,Alcoy,Marbella,98!!!,693,187000,"TGV (SNCF)",,,{},,"{Estepona,Valdemoro,Jaén,""Santa Coloma de Gramanet"",Ferrol}"
"Benjamín Velásquez Mena",6704651,6,hisako@waldo.com,"\+56 2 1853 3069","56 8 2849 8918",,,2025-01-28,7000,-8,83341,"Jerez de la Frontera",badajoz#,42,314,38000,Plusmar,Semi-cama,"{Baño,Agua,""Asientos reclinables""}",{},,{}
"Anita Carrillo Roybal",99.999.999-K,1,danny@viajes.cl,"\+56 9 8875 4782","56 3 5185 1730",,,2026-01-28,4/3/2020,-2,38577,Motril,estepona#,97!!!,2268,159000,Renfe,,"{""Aire acondicionado"",Calefacción,Comida,Agua,Wifi}",{},,"{Burgos,Lugo,Baracaldo}"
"Andrea Águilar Flórez",99.999.999-K,4,correo_sin_arroba.com,"\+56 2 9911 5921","56 2 5608 9241",,,2026-07-22,16/3/2030,-2,54625,"La Línea de la Concepción",alcoy#,44,289,44000,"Estrella Roja",Normal,"{Baño,Agua,""Asientos reclinables""}",{},,{}
"Javier Carrero Parra",99.999.999-K,6,correo_sin_arroba.com,"\+56 2 9274 6304","56 4 1476 1029",,,2025-09-16,13/2/2020,7,27797,Torrelavega,Leganés,13,266,141000,"Southwest Airlines",,{},"{Fuengirola,""Las Palmas de Gran Canaria"",Majadahonda}","Clase económica",{}
"Lola Fernández Aranda",5303377,9,reginia@viajes.cl,"\+56 9 7289 6639","56 9 9966 4014","Más vida","Part time",2026-05-30,10/4/2029,9,72230,"San Sebastían de los Reyes",Zaragoza,47!!!,432,74000,Megabus,Cama,"{Agua,Baño,Calefacción}",{},,{}
"Sra. Rosario Cortés Abrego",24910267,4,correo_sin_arroba.com,"\+56 9 2690 9594","56 1 9547 9719",,,2025-11-05,823000,-8,62101,Barcelona,"talavera de la reina#",36,555,139000,"El Rápido Internacional",Semi-cama,"{Comida,Agua,""Asientos reclinables""}",{},,{}
"Claudia Mondragón Casares",99.999.999-K,6,correo_sin_arroba.com,"\+56 9 2792 7065",,,,2026-08-09,18/1/2020,-6,92388,Torrevieja,getafe#,89!!!,3094,279000,Vueling,,{},"{""Torrejón de Ardoz"",""Santa Lucía de Tirajana"",""La Línea de la Concepción"",Elda,Jaén}","Clase ejecutiva",{}
"Agustín Trejo Melgar",99.999.999-K,8,edgar_okuneva@viajes.cl,"\+56 9 6005 3683","56 4 3583 9655",,,2025-09-13,772000,-3,53684,Valencia,gijón#,71!!!,1995,157000,"JR Central",,"{TV,Agua,""Aire acondicionado"",Baño}",{},,"{Lugo,""Hospitalet de LLobregat"",Toledo,Huelva,Viladecans}"
"Clemente Muro Terrazas",99.999.999-K,2,logan_hudson@viajes.cl,"\+56 2 4840 0535","56 8 6830 8949",Colmena,"Part time",2025-02-15,2/2/2027,1,79009,Algeciras,Gecho,48,410,61000,"EME Bus",Semi-cama,"{""Aire acondicionado"",Baño,Agua}",{},,{}
"Gabriela Flores Jasso",99.999.999-K,3,correo_sin_arroba.com,"\+56 2 3617 3589","56 4 4245 1339",,,2025-11-09,370000,-4,71048,Madrid,ponferrada#,30,704,124000,"El Rápido Internacional",Cama,"{Wifi,Baño,Comida}",{},,{}
"Hernán Gamez Luevano",99.999.999-K,4,correo_sin_arroba.com,"\+56 9 4471 3695",Nocturno,Fonasa,"Full time",2026-06-14,653000,-8,98556,Zaragoza,"roquetas de mar#",38,522,101000,JetSur,Cama,"{""Asientos reclinables"",Comida,TV}",{},,{}
"David Cavazos Fernández",16982588,9,correo_sin_arroba.com,"\+56 2 5609 1006","56 3 2971 8853",Fonasa,"Part time",2026-08-08,275000,7,73114,"Jerez de la Frontera",parla#,82,3548,172000,"JR Central",,"{TV,Comida,Calefacción,Wifi,Baño,""Aire acondicionado""}",{},,"{Estepona,Cartagena,""San Fernando"",""Las Palmas de Gran Canaria""}"
"Andrea Solorzano Vela",99.999.999-K,5,dallas@viajes.cl,"\+56 2 0575 6477",Nocturno,Consalud,"Full time",2026-09-24,218000,1,52278,"San Sebastían de los Reyes","las palmas de gran canaria#",48!!!,334,25000,"Pullman Bus",Semi-cama,"{""Aire acondicionado"",Agua,TV}",{},,{}
"Jacobo Cotto Irizarry",27874742,3,correo_sin_arroba.com,"\+56 2 2751 3714",,,,2026-06-02,16/8/2026,5,65575,"El Puerto de Santa María","santiago de compostela#",40!!!,178,12000,ADO,Normal,"{Baño,Comida,Wifi}",{},,{}
"Sta. Blanca Lira Arenas",99.999.999-K,2,kory_schinner@outlook.com,"\+56 9 7775 6838",,,,2025-04-21,967000,5,58994,Pontevedra,"castellón de la plana#",90,382,27000,Lufthansa,,{},{},"Clase económica",{}
"Ester Collado Parra",99.999.999-K,5,correo_sin_arroba.com,"\+56 2 1825 8177","56 7 6173 7516",,,2026-09-19,505000,10,17005,Algeciras,león#,37!!!,460,50000,"United Airlines",,{},"{""San Cristróbal de la Laguna"",Badajoz,""Ciudad Real"",Salamanca}","Clase económica",{}
"Laura Calderón Matos",99.999.999-K,4,correo_sin_arroba.com,"\+56 9 7271 8880","56 6 8590 3443",,,2025-11-26,8/9/2027,1,80513,Lugo,Estepona,30!!!,148,8000,Futura,Normal,"{Wifi,""Asientos reclinables"",Calefacción}",{},,{}
"Elisa Rosario Bustos",99.999.999-K,8,yasmin@turket.com,"\+56 9 3702 4729","56 9 2132 6709",,,2025-11-06,22/11/2023,-6,71937,Mijas,Orihuela,37!!!,439,90000,"Buses Bio Bio",Semi-cama,"{Agua,Wifi,""Aire acondicionado""}",{},,{}
"Sonia Mascareñas Alvarez",99.999.999-K,6,correo_sin_arroba.com,"\+56 2 7953 4773","56 3 1768 5155",Colmena,"Part time",2025-12-21,17/5/2030,-10,62452,Motril,segovia#,31!!!,2196,249000,"China Railway",,"{Baño,TV,""Asientos reclinables"",Agua,Wifi}",{},,"{""Collado Villalba"",Cádiz,Almería}"
"Ana Juárez Vallejo",10635368,8,correo_sin_arroba.com,"\+56 9 6008 7792",,,,2025-04-11,430000,6,4377,Fuenlabrada,Marbella,99!!!,550,172000,"Nederlandse Spoorwegen (NS)",,,{},,"{""Talavera de la Reina"",Murcia}"
"Gustavo Mayorga Lucio",99.999.999-K,7,correo_sin_arroba.com,"\+56 9 2743 8001",,,,2026-04-24,455000,3,86247,Mérida,Murcia,38,231,39000,Megabus,Normal,"{TV,Agua,Calefacción}",{},,{}
"Raúl Mateo Ceballos",99.999.999-K,7,correo_sin_arroba.com,"\+56 9 0116 0822",,,,2026-02-04,652000,-4,73835,Orihuela,Marbella,52!!!,3774,456000,EasyJet,,{},"{Rubí,León}","Primera clase",{}
"Sr. Mariana Villalpando Castañeda",10279503,3,jennefer@viajes.cl,"\+56 2 9586 8862",,,,2025-05-03,708000,-2,21640,Sevilla,sabadell#,49!!!,307,21000,Futura,Normal,"{""Asientos reclinables"",Comida,TV}",{},,{}
"Sr. Federico Oquendo Merino",27128597,4,correo_sin_arroba.com,"\+56 9 5573 6289",Diurno,Fonasa,"Full time",2025-02-24,132000,-4,8749,"Cerdañola del Vallés","El Puerto de Santa María",43,1203,114000,"Virgin Trains",,"{Agua,Comida,""Asientos reclinables""}",{},,"{Oviedo,Alcorcón}"
"Arturo Espino Jaimes",12707605,2,mireya_hartmann@marmol.com,"\+56 9 8678 7695","56 6 2812 9206",,,2025-10-07,26/5/2030,6,68904,Salamanca,benidorm#,94,700,30000,Avianca,,{},{},"Clase ejecutiva",{}
"Rosalia Medina Delapaz",26938702,7,correo_sin_arroba.com,"\+56 9 3248 5357","56 9 5475 6053",,,2025-09-03,60000,-6,8037,Pontevedra,"Cornellá de Llobregat",39!!!,263,80000,Greyhound,Normal,"{Agua,Comida,""Aire acondicionado""}",{},,{}
"Ernesto Cavazos Llamas",99.999.999-K,7,correo_sin_arroba.com,"\+56 9 7676 9069",,,,2026-08-07,17/6/2024,9,47590,Murcia,"pozuelo de alarcón#",98,763,55000,EuroCity,,"{Comida,Baño,""Asientos reclinables""}",{},,{}
"Sta. Francisca Pulido Montoya",7265945,2,correo_sin_arroba.com,"\+56 2 7972 5282",,,,2025-11-04,14/11/2030,9,39799,Calahorra,Lérida,2,4148,151000,Vueling,,{},"{""Roquetas de Mar"",Parla,""La Línea de la Concepción""}","Primera clase",{}
"Concepción Moya Sanabria",99.999.999-K,4,bo_skiles@viajes.cl,"\+56 2 8554 3232",,,,2025-04-11,883000,9,91811,Ceuta,badajoz#,42!!!,194,49000,"ETN Turistar",Normal,"{Calefacción,""Aire acondicionado"",Comida}",{},,{}
"Sra. Soledad Candelaria Valdés",8704580,8,correo_sin_arroba.com,"\+56 9 9938 0261","56 7 4729 6921",,,2026-11-05,752000,1,23179,Alcobendas,"Mollet del Vallés",81,756,50000,"JR West",,"{""Asientos reclinables"",Calefacción,Baño}",{},,"{Rivas-Vaciamadrid,Torrevieja,""San Sebastián""}"
"Samuel Salcido Archuleta",9180183,4,octavio@turket.com,"\+56 2 7105 8685","56 2 9181 6116",,,2026-05-06,866000,3,17809,Logroño,Benalmádena,49!!!,531,66000,"EME Bus",Cama,"{Calefacción,TV,""Aire acondicionado""}",{},,{}
"Blanca Alcala Jiménez",99.999.999-K,2,correo_sin_arroba.com,"\+56 9 0939 1230",,,,2025-07-22,647000,-5,96588,Linares,irún#,98,4232,398000,"China Railway",,"{Comida,Agua,Wifi,TV,Baño,""Aire acondicionado"",""Asientos reclinables""}",{},,"{Badalona,""Talavera de la Reina"",Elda,Leganés}"
"Olivia Verdugo Olivas",99.999.999-K,8,correo_sin_arroba.com,"\+56 2 8618 6969",Diurno,Colmena,"Full time",2026-03-10,16/1/2030,-7,96529,"Roquetas de Mar",Torrevieja,32!!!,299,39000,"Buses Bio Bio",Normal,"{""Aire acondicionado"",Wifi,Comida}",{},,{}
"Gabriela Colunga Mota",99.999.999-K,6,correo_sin_arroba.com,"\+56 2 8034 7841","56 4 1888 5517",,,2026-09-28,189000,2,29787,Madrid,Ponferrada,95,4112,481000,ScotRail,,"{""Aire acondicionado"",Baño,""Asientos reclinables"",Calefacción,Wifi,TV,Agua}",{},,"{Valencia,Alcorcón,Alcobendas,""Hospitalet de LLobregat""}"
"María del Carmen Palomo Soto",1814726,7,joseph@waldo.com,"\+56 2 0400 1718","56 2 6498 4145",,,2025-09-08,11/2/2020,-2,131,Rivas-Vaciamadrid,Baracaldo,75,1039,66000,"Nederlandse Spoorwegen (NS)",,"{Wifi,Comida,TV}",{},,{Toledo}
"Leticia Arellano Alba",25285552,2,sergio.hilll@marmol.com,"\+56 9 8529 0412","56 3 2470 9918",,,2025-12-25,369000,-1,58572,Cáceres,madrid#,100!!!,3347,135000,"Rocky Mountaineer",,"{Agua,""Asientos reclinables"",Wifi,Comida,Baño,TV}",{},,"{Jaén,Barcelona,Cádiz,""El Puerto de Santa María""}"
"Lourdes Gamboa Villalpando",19954076,0,jazmine.hamill@viajes.cl,"\+56 9 7707 6070","56 8 3749 6592",,,2025-07-06,209000,-2,32482,Pamplona,"La Línea de la Concepción",54,2113,159000,"Southwest Airlines",,{},"{""Cornellá de Llobregat"",Algeciras,Alcoy}","Clase ejecutiva",{}
"Teresa Magaña Saucedo",99.999.999-K,2,noble.hagenes@viajes.cl,"\+56 9 5024 1222","56 3 9162 6119",,,2026-04-14,962000,-10,76872,Benidorm,córdoba#,2,2646,179000,Thalys,,"{""Aire acondicionado"",Calefacción,""Asientos reclinables"",Wifi,Comida}",{},,"{""Santa Coloma de Gramanet"",Elche,Valladolid}"
"José Delvalle Montez",2161201,4,correo_sin_arroba.com,"\+56 2 6467 5257",,,,2026-03-09,384000,-5,51574,Mérida,Torremolinos,29,183,105000,"Turkish Airlines",,{},{},"Clase ejecutiva",{}
"Enrique Melgar Corona",99.999.999-K,9,correo_sin_arroba.com,"\+56 2 0221 4702","56 8 5158 4069",,,2026-03-12,630000,-6,41175,Valladolid,cuenta#,35,301,51000,BoltBus,Semi-cama,"{Wifi,Comida,Baño}",{},,{}
"Sergio Cazares Carrion",15792243,9,sara@viajes.cl,"\+56 9 4636 8239",Nocturno,"Más vida","Part time",2026-06-22,27/7/2020,9,64994,Telde,badajoz#,48!!!,629,200000,FlixBus,Cama,"{Agua,Calefacción,""Asientos reclinables""}",{},,{}
"Gregorio Vera Echevarría",99.999.999-K,9,van@viajes.cl,"\+56 2 6223 6388",Diurno,"Más vida","Full time",2026-05-23,19/8/2025,-9,28090,"Dos Hermanas",Ponferrada,89!!!,2077,79000,AVE,,"{TV,Calefacción,""Aire acondicionado"",Wifi}",{},,{}
"Sra. María del Carmen Banda Laboy",8469916,9,carma@turket.com,"\+56 9 2289 0056",,,,2026-02-16,12/10/2022,-4,59950,Lérida,parla#,59!!!,1590,116000,"Rocky Mountaineer",,"{Comida,""Aire acondicionado"",Calefacción,""Asientos reclinables""}",{},,"{Torrevieja,Almería,Almería,""Santa Lucía de Tirajana""}"
"Lorena Espinosa Perea",99.999.999-K,9,craig_wunsch@marmol.com,"\+56 9 5167 8923",,,,2025-03-05,860000,5,45090,Irún,arrecife#,48,536,134000,"Omnibus de México",Cama,"{Wifi,Agua,TV}",{},,{}
"Lola Mesa Sanches",13950488,6,neal_stokes@waldo.com,"\+56 2 8893 5611",,,,2025-10-03,21/10/2026,2,66844,"Ciudad Real","El Ejido",40!!!,138,9000,"Buses Nilahue",Normal,"{TV,Agua,Baño}",{},,{}
"Sta. Timoteo Jimínez Viera",99.999.999-K,2,bernardine@viajes.cl,"\+56 2 5109 0635","56 8 2970 2422",Colmena,"Full time",2026-03-27,180000,-5,36695,Inca,Calahorra,54,2341,224000,Qantas,,{},{},"Clase ejecutiva",{}
"Javier Borrego Lozano",22959923,1,janel@outlook.com,"\+56 9 0597 4032",,,,2026-05-22,596000,9,14789,Torrelavega,gecho#,48,704,159000,Monbus,Cama,"{""Aire acondicionado"",Baño,Comida}",{},,{}
"Lucia Jiménez Navarrete",99.999.999-K,7,roxana@waldo.com,"\+56 9 9324 2794","56 5 2098 9792",,,2026-12-15,916000,-5,94922,Vitoria,Santander,55!!!,2642,289000,WestJet,,{},"{Bilbao,Madrid}","Primera clase",{}
"Sta. Alfonso Gutiérrez Ceballos",99.999.999-K,0,correo_sin_arroba.com,"\+56 2 3088 4941","56 9 6884 3388",,,2026-12-15,25/10/2025,-5,35312,Marbella,badalona#,55,492,78000,"LATAM Airlines",,{},"{Motril,Almería,""El Puerto de Santa María"",Getafe,""Molina de Segura""}","Clase ejecutiva",{}
"Sra. Claudio Terán Fonseca",25886484,1,correo_sin_arroba.com,"\+56 9 5511 3633","56 4 6178 8417",Banmédica,"Full time",2025-04-04,600000,-6,77098,Lérida,León,37,206,49000,Futura,Normal,"{TV,Calefacción,Comida}",{},,{}
"Jerónimo Cruz Valdez",18946101,2,correo_sin_arroba.com,"\+56 9 6828 6192","56 6 2828 8195",,,2026-09-15,19/9/2024,7,16284,Fuenlabrada,Logroño,7,3694,285000,Eurostar,,"{Calefacción,""Aire acondicionado"",Wifi,Baño,""Asientos reclinables"",Agua,Comida}",{},,"{Coslada,Tarragona}"
"Gilberto Velázquez Porras",7266955,8,ronna@waldo.com,"\+56 9 0528 7794",,,,2025-04-10,936000,-2,12290,León,"Cerdañola del Vallés",44!!!,414,76000,BoltBus,Semi-cama,"{""Aire acondicionado"",Wifi,TV}",{},,{}
"Sta. Arturo Anaya Villalpando",9951300,2,correo_sin_arroba.com,"\+56 2 2987 5174","56 4 8915 7652",,,2026-01-09,262000,-7,93896,Barcelona,Albacete,7,3016,355000,EasyJet,,{},"{Granollers,""Hospitalet de LLobregat"",Algeciras,Gerona}","Clase ejecutiva",{}
"Graciela Bahena Otero",99.999.999-K,2,correo_sin_arroba.com,"\+56 2 2036 7970",,,,2026-05-06,13/2/2027,4,60398,Reus,gecho#,30,703,73000,Turbus,Cama,"{""Asientos reclinables"",TV,""Aire acondicionado""}",{},,{}
"Emilia Abeyta Rivero",99.999.999-K,3,kandis@outlook.com,"\+56 2 0489 6673",,,,2025-06-22,426000,3,16393,Guadalajara,Ferrol,49!!!,628,67000,Monbus,Cama,"{Comida,Wifi,Agua}",{},,{}
"Lola Polanco Zarate",4806723,2,hae@viajes.cl,"\+56 9 1663 1233","56 2 9213 2870",Consalud,"Part time",2026-12-24,748000,-7,49599,"Cornellá de Llobregat",santander#,33!!!,355,40000,"Buses Nilahue",Semi-cama,"{Wifi,TV,Agua}",{},,{}
"Adela Zapata Vaca",20147437,5,clarisa.stehr@outlook.com,"\+56 9 3231 8144","56 9 4796 7813",,,2026-08-13,331000,-6,42978,Baracaldo,sagunto#,45!!!,373,66000,Megabus,Semi-cama,"{Comida,Agua,""Aire acondicionado""}",{},,{}
"Julio Hernández Saldaña",99.999.999-K,1,eddie.gorczany@viajes.cl,"\+56 9 8510 7841","56 4 1319 9522",Banmédica,"Full time",2026-02-11,7/2/2023,-3,53398,"La Línea de la Concepción",Elche,46!!!,525,143000,"Buses Bio Bio",Cama,"{""Asientos reclinables"",Calefacción,Comida}",{},,{}
"Claudio Duran Echevarría",17380580,2,arnold_flatley@viajes.cl,"\+56 9 5029 8243","56 8 4179 2648",,,2026-02-27,22/3/2022,4,18475,Algeciras,"pozuelo de alarcón#",35!!!,2005,63000,"Shinkansen (Japón)",,"{Agua,Comida,TV,""Asientos reclinables""}",{},,"{Rivas-Vaciamadrid,Toledo,Coslada,Almería}"
"Gonzalo Quiroz Llamas",15755695,1,correo_sin_arroba.com,"\+56 9 9109 1704",,,,2025-09-07,231000,2,6158,Gecho,"Sanlúcar de Barrameda",37,3894,224000,"ÖBB (Austria)",,"{""Asientos reclinables"",""Aire acondicionado"",Agua,TV,Wifi,Calefacción,Comida}",{},,{}
"Irene Soliz Negrón",17817183,1,lala_barton@viajes.cl,"\+56 2 3572 3888",Diurno,Fonasa,"Part time",2026-03-14,807000,-4,84970,Málaga,orihuela#,73,2751,225000,"Air Canada",,{},"{Córdoba,Albacete,""Santa Coloma de Gramanet""}","Clase ejecutiva",{}
"Débora Montero Rincón",99.999.999-K,2,correo_sin_arroba.com,"\+56 9 9775 8884",,,,2026-06-11,18/4/2023,8,5840,Salamanca,barcelona#,49,480,53000,FlixBus,Cama,"{Calefacción,""Asientos reclinables"",Agua}",{},,{}
"Ana Luisa Ozuna Mascareñas",9777463,7,yael@turket.com,"\+56 9 4568 6768","56 5 3907 1432",,,2025-08-24,295000,-2,19678,Móstoles,"San Fernando",40,4138,208000,"United Airlines",,{},{Elche},"Primera clase",{}
"Adán Maya Mayorga",99.999.999-K,4,earle_purdy@outlook.com,"\+56 2 2040 1703",,,,2025-02-20,5/9/2030,6,50720,Fuengirola,Gerona,88!!!,671,59000,"Wizz Air",,{},"{Gecho,Coslada}","Clase económica",{}
"Susana Blanco Tovar",10190607,6,correo_sin_arroba.com,"\+56 2 9354 3127","56 8 3655 4840",,,2025-04-23,30/11/2021,-7,90663,Lorca,Vitoria,8,585,105000,"Shinkansen (Japón)",,,{},,"{Fuengirola,""San Sebastián"",""La Línea de la Concepción""}"
"Rodrigo Alva Cortés",99.999.999-K,1,latoyia@viajes.cl,"\+56 2 7994 3125",Diurno,Fonasa,"Part time",2026-05-18,751000,-10,13453,Inca,ponferrada#,98,203,119000,Amtrak,,,{},,{León}
"Sra. Andrés Muro Quintana",18995041,1,eli_hickle@viajes.cl,"\+56 9 6244 7772",Diurno,Colmena,"Full time",2025-08-22,726000,-1,27002,Fuengirola,Jaén,1!!!,993,110000,Amtrak,,"{Wifi,Baño,TV}",{},,"{Viladecans,Santander,Getafe,Murcia}"
"Enrique Melgar Corona",17832821,9,correo_sin_arroba.com,"\+56 2 0221 4702","56 2 6304 8914",,,2026-10-21,1/12/2030,-8,11591,Almería,"sanlúcar de barrameda#",31,569,64000,"EME Bus",Semi-cama,"{TV,Baño,Comida}",{},,{}
"Adán Botello Orta",99.999.999-K,2,correo_sin_arroba.com,"\+56 2 9768 0924","56 7 3895 8645",,,2025-07-23,580000,-5,52046,Gandía,Sagunto,48,506,135000,"Crucero del Norte",Cama,"{""Asientos reclinables"",Comida,Agua}",{},,{}
"Samuel Carranza Cotto",99.999.999-K,3,correo_sin_arroba.com,"\+56 2 2655 0647","56 2 4793 9661",,,2025-03-05,168000,3,18735,Ávila,tarragona#,46,3381,172000,"JR Central",,"{Comida,Baño,Calefacción,TV,Agua,Wifi}",{},,"{Badalona,Palencia,Leganés}"
"Luz Sandoval Menéndez",99.999.999-K,6,ardith@turket.com,"\+56 2 7058 7625",,,,2026-03-27,526000,-1,56440,"Santa Cruz de Tenerife",Barcelona,32!!!,492,141000,Futura,Cama,"{Agua,Calefacción,TV}",{},,{}
"María del Carmen Miranda Rodríguez",29048218,0,tuan.schaden@viajes.cl,"\+56 9 8265 3966","56 3 1267 1851",,,2026-01-22,23/4/2028,6,27512,Zaragoza,puertollano#,29!!!,1667,84000,ScotRail,,"{Baño,Agua,TV,Calefacción}",{},,"{Pontevedra,""Alcalá de Henares"",Majadahonda,Inca}"
"Amalia Águilar Mata",99.999.999-K,4,correo_sin_arroba.com,"\+56 9 0018 1500","56 9 9075 5452",,,2026-01-26,20/8/2021,1,28946,Fuenlabrada,cartagena#,10!!!,1903,165000,KLM,,{},"{""Jerez de la Frontera"",Cáceres,Ávila,Cuenta}","Clase ejecutiva",{}
"Alejandro Arredondo Aguirre",99.999.999-K,5,tommie_smitham@outlook.com,"\+56 2 9103 1148","56 1 8991 7356",,,2026-10-08,896000,10,93736,Elche,almería#,41,373,54000,"El Rápido Internacional",Cama,"{Wifi,Comida,Agua}",{},,{}
"Carla Muñiz Leiva",99.999.999-K,6,correo_sin_arroba.com,"\+56 2 9793 0695","56 6 9243 4608",,,2026-02-14,689000,-9,77392,Cuenta,arrecife#,35,713,155000,"Buses Ahumada",Cama,"{Wifi,Calefacción,TV}",{},,{}
"Enrique Guzmán Jaimes",9879166,4,jeneva@viajes.cl,"\+56 9 3494 5163",Nocturno,Fonasa,"Part time",2026-04-17,29/4/2027,-4,32905,Manresa,Benidorm,84!!!,2877,140000,ScotRail,,"{Comida,""Aire acondicionado"",""Asientos reclinables"",TV,Calefacción}",{},,"{Valencia,Fuenlabrada,Alcorcón,""Roquetas de Mar""}"
"Benjamín Arenas Saiz",10145350,1,allan@turket.com,"\+56 9 1665 1414",,,,2026-04-08,359000,-6,36551,Benidorm,majadahonda#,18!!!,3775,266000,Thalys,,"{Baño,""Asientos reclinables"",""Aire acondicionado"",TV,Agua,Comida,Calefacción}",{},,"{""Talavera de la Reina"",Alicante}"
"Mateo Centeno Saldaña",99.999.999-K,3,correo_sin_arroba.com,"\+56 2 6147 1668",Diurno,"Más vida","Part time",2026-06-13,582000,10,84015,"Alcalá de Henares",marbella#,74,1604,51000,"TGV (SNCF)",,"{Wifi,Calefacción,""Asientos reclinables"",Agua}",{},,{}
"Sta. Esperanza Grijalva Alfaro",11976241,8,correo_sin_arroba.com,"\+56 9 9240 6605",,,,2025-02-06,821000,-7,9654,Leganés,Madrid,45!!!,495,101000,"Estrella Roja",Cama,"{Comida,Calefacción,""Asientos reclinables""}",{},,{}
"Sta. Mario Fierro Aponte",99.999.999-K,7,correo_sin_arroba.com,"\+56 9 4424 2495",,,,2025-06-25,16/12/2029,9,98671,Viladecans,Jaén,46!!!,3983,406000,ScotRail,,"{Baño,""Aire acondicionado"",Wifi,TV,""Asientos reclinables"",Agua,Comida}",{},,"{Lorca,""San Fernando""}"
"Gonzalo Medina Zepeda",25788146,0,correo_sin_arroba.com,"\+56 2 7836 4513","56 2 5116 1514",,,2026-05-22,29/7/2029,-6,11455,Lugo,"Santa Cruz de Tenerife",58,134,37000,"Singapore Airlines",,{},"{Murcia,Benalmádena,Benidorm}","Clase ejecutiva",{}
"Sergio Montemayor Vanegas",99.999.999-K,5,correo_sin_arroba.com,"\+56 2 6826 4640",,,,2025-02-21,120000,1,28441,"Sanlúcar de Barrameda",Bilbao,37!!!,422,71000,Futura,Cama,"{Wifi,Calefacción,Baño}",{},,{}
"Sta. Caridad Malave Casanova",99.999.999-K,9,correo_sin_arroba.com,"\+56 9 6562 4082",,,,2025-04-25,265000,9,67894,"San Fernando",Sevilla,99,871,82000,"LNER (London North Eastern Railway)",,"{Baño,Wifi,Calefacción}",{},,"{Gandía,Coslada,Manresa,Lorca}"
"José Luis Acuña Rojas",12489189,7,correo_sin_arroba.com,"\+56 2 8574 5733",,,,2026-02-07,336000,-4,79223,Bilbao,tarrasa#,73!!!,2122,139000,"Shinkansen (Japón)",,"{""Aire acondicionado"",Calefacción,TV,Comida}",{},,{Córdoba}
"Manuel Leiva Casanova",99.999.999-K,7,edmond.dach@viajes.cl,"\+56 9 9986 5237","56 2 5379 8324",,,2025-05-23,484000,-5,64514,Gijón,Madrid,75,3820,221000,"TGV (SNCF)",,"{Comida,TV,Baño,""Aire acondicionado"",Agua,""Asientos reclinables"",Calefacción}",{},,{}
"Sofia Bueno Mendoza",99.999.999-K,3,londa@marmol.com,"\+56 2 4525 9732",,,,2026-02-02,201000,-1,68911,Madrid,Zamora,49,609,86000,Damas,Cama,"{Calefacción,Wifi,Baño}",{},,{}
"Teodoro Rincón Riojas",99.999.999-K,5,correo_sin_arroba.com,"\+56 9 1372 8356","56 8 6145 3943","Más vida","Full time",2026-06-17,22/12/2020,10,14426,"Alcalá de Henares",Parla,68,3730,306000,AVE,,"{Calefacción,Baño,""Asientos reclinables"",Agua,TV,Wifi,Comida}",{},,{}
"Yolanda Caballero Sevilla",99.999.999-K,4,correo_sin_arroba.com,"\+56 9 1103 9148","56 6 5675 3470",,,2025-12-17,49000,4,97939,Gijón,marbella#,19,745,70000,"Via Rail (Canadá)",,"{""Asientos reclinables"",Baño,""Aire acondicionado""}",{},,"{Albacete,Murcia,""Hospitalet de LLobregat""}"
"Florencia Corona Rivas",9100417,4,correo_sin_arroba.com,"\+56 2 3876 3463","56 7 9757 7766","Más vida","Part time",2026-08-06,497000,-7,52520,Oviedo,"Sanlúcar de Barrameda",40!!!,2213,236000,"Brightline (EE.UU.)",,"{Comida,Calefacción,TV,Wifi,Agua}",{},,"{Reus,Gijón}"
"Verónica Montalvo Tapia",99.999.999-K,1,nolan_baumbach@turket.com,"\+56 2 9479 9088",,,,2025-04-22,8/10/2030,7,84591,"Alcalá de Guadaira",Cartagena,47,632,174000,"Buses Nilahue",Cama,"{""Aire acondicionado"",Wifi,Agua}",{},,{}
"Jorge Luis Valencia Flórez",99.999.999-K,5,kaylee@waldo.com,"\+56 9 1356 2306","56 2 7524 6846",,,2025-09-08,21/2/2025,-1,75473,Badalona,Alcorcón,63!!!,2837,294000,Thalys,,"{Calefacción,TV,Wifi,Agua,Baño}",{},,"{""Sanlúcar de Barrameda"",Ceuta,Ceuta,Vigo,Lérida}"
"Sta. Mario Aparicio Prieto",24765748,1,truman@marmol.com,"\+56 9 0843 2005",,,,2025-04-05,700000,-3,64202,Cuenta,cuenta#,24!!!,3030,386000,"SBB (Suiza)",,"{Wifi,Baño,""Aire acondicionado"",TV,Calefacción,Agua}",{},,"{Badalona,Ferrol}"
"Rosa Morales Salas",4280291,6,correo_sin_arroba.com,"\+56 2 7540 7175",Nocturno,Banmédica,"Part time",2025-07-29,211000,-7,60584,Gecho,ceuta#,63!!!,3526,147000,"LATAM Airlines",,{},{},"Clase ejecutiva",{}
"Gerardo Alvarado Soria",8785001,1,woodrow@turket.com,"\+56 9 7425 1168","56 9 1452 2640",,,2026-06-26,90000,-1,73644,Marbella,Oviedo,27,1830,141000,"Japan Airlines",,{},"{""Cornellá de Llobregat"",Cartagena,Vitoria,""Santa Cruz de Tenerife"",Málaga}","Clase ejecutiva",{}
"Alejandro Arredondo Aguirre",99.999.999-K,5,correo_sin_arroba.com,"\+56 2 9103 1148","56 5 9773 8732",,,2025-12-03,558000,10,84092,Elda,parla#,33!!!,452,59000,Plusmar,Semi-cama,"{Wifi,Comida,""Asientos reclinables""}",{},,{}
"Claudio Rocha Miranda",9731594,7,correo_sin_arroba.com,"\+56 2 2614 9249","56 2 4207 8035",,,2026-08-13,29/8/2026,-10,83061,Logroño,"Torrejón de Ardoz",80,3190,233000,Thalys,,"{Baño,TV,Wifi,""Aire acondicionado"",Agua,Calefacción}",{},,{Estepona}
"Vicente Castellanos Sandoval",25180424,3,correo_sin_arroba.com,"\+56 2 2222 6408","56 5 1399 8281",,,2026-08-20,766000,-10,570,Torrevieja,torrelavega#,79,1332,41000,"TGV (SNCF)",,"{Baño,Agua,""Aire acondicionado""}",{},,"{Granada,Reus,""El Puerto de Santa María""}"
"Sr. Javier Tórrez Briones",9157819,5,correo_sin_arroba.com,"\+56 9 4406 2528","56 4 9611 5366",Consalud,"Part time",2026-07-18,24000,10,5124,Coslada,Córdoba,75!!!,489,5000,Amtrak,,,{},,"{""Palma de Mallorca"",Córdoba}"
"Sta. María Teresa Ybarra Gaytán",7855203,7,rochel@waldo.com,"\+56 9 9327 8556",,,,2026-04-18,12/12/2030,7,86063,Tarrasa,Orense,51!!!,2686,222000,ScotRail,,"{Calefacción,""Asientos reclinables"",Wifi,TV,Comida}",{},,"{""La Coruña"",Cartagena,Vigo,Zamora,Vigo}"
"Manuel Aranda Núñez",22211149,5,lida@waldo.com,"\+56 9 1058 5245","56 8 8654 5504",,,2026-07-12,11000,10,15325,Segovia,Alcorcón,85,3877,317000,"Alaska Airlines",,{},"{Mérida,Paterna,Torrevieja,Elche}","Primera clase",{}
"Ramón Partida Roque",10944037,5,palmer@turket.com,"\+56 9 7035 5979",,,,2026-12-11,665000,9,61592,Granollers,Valdemoro,38,642,96000,BoltBus,Cama,"{Baño,TV,""Asientos reclinables""}",{},,{}
"Amalia Delgado Llamas",14926840,0,correo_sin_arroba.com,"\+56 2 9484 2630",,,,2026-07-06,17/8/2024,-9,3278,Badalona,Benidorm,43!!!,589,72000,Alsa,Cama,"{TV,""Aire acondicionado"",""Asientos reclinables""}",{},,{}
"Sta. Arturo Anaya Villalpando",9951300,2,correo_sin_arroba.com,"\+56 2 2987 5174","56 7 1158 6631",,,2025-01-25,18/12/2021,-4,26097,León,Lérida,36,616,162000,"Via Bariloche",Cama,"{""Asientos reclinables"",Baño,Wifi}",{},,{}
"Conchita Solano Caldera",99.999.999-K,1,correo_sin_arroba.com,"\+56 9 8594 8375",,,,2025-06-07,4/3/2027,-3,63084,"Santa Coloma de Gramanet",Mijas,16!!!,558,59000,Thalys,,,{},,"{Gecho,Fuenlabrada}"
"Patricio Robledo López",10361298,5,wilmer.bogisich@viajes.cl,"\+56 9 5392 6298",Diurno,Consalud,"Part time",2026-02-22,25/4/2021,-3,52995,Manresa,Vitoria,31,672,123000,Turbus,Cama,"{Calefacción,Agua,""Aire acondicionado""}",{},,{}
"José Eduardo Porras Cantú",24164617,4,harris@marmol.com,"\+56 2 8093 2335","56 9 5698 7933",,,2025-07-12,881000,1,7989,Mijas,murcia#,7,3254,164000,Amtrak,,"{Baño,""Asientos reclinables"",Comida,""Aire acondicionado"",Calefacción,Agua}",{},,"{Leganés,Valladolid,Mijas,Irún}"
"Óscar Bétancourt Salazar",1045246,9,correo_sin_arroba.com,"\+56 9 0381 5616",,,,2026-12-16,23/12/2022,-4,83418,Valencia,gijón#,87,1885,124000,Lufthansa,,{},{},"Clase económica",{}
"María del Carmen Fuentes Sevilla",2909220,4,correo_sin_arroba.com,"\+56 9 3852 0137",Diurno,Colmena,"Part time",2025-11-16,5/12/2020,6,51055,Badajoz,"collado villalba#",33!!!,193,17000,Greyhound,Normal,"{""Asientos reclinables"",Baño,Calefacción}",{},,{}
"María Elena Peña Juárez",99.999.999-K,0,antony_mills@waldo.com,"\+56 9 7545 3522","56 2 7870 8622",,,2025-11-16,214000,-6,27832,"Talavera de la Reina",benidorm#,61,4086,234000,"Shinkansen (Japón)",,"{Baño,""Asientos reclinables"",Agua,Comida,""Aire acondicionado"",TV,Calefacción}",{},,"{Gecho,""Collado Villalba"",Málaga,Segovia}"
"Roberto Rosario Caldera",29415298,3,correo_sin_arroba.com,"\+56 2 5096 2316","56 8 7554 9639",Banmédica,"Full time",2025-01-13,685000,-8,17874,Majadahonda,"san sebastián#",73,4305,158000,"Singapore Airlines",,{},"{Linares,Barcelona,Elche,Mérida,Torrelavega}","Primera clase",{}
"Luisa Tijerina Baeza",99.999.999-K,1,correo_sin_arroba.com,"\+56 9 7673 0414","56 7 1797 7749",,,2025-05-15,374000,-6,2995,Baracaldo,"Dos Hermanas",44!!!,386,83000,BoltBus,Semi-cama,"{TV,Calefacción,""Asientos reclinables""}",{},,{}
"Homero Gaona Quintana",8616034,5,correo_sin_arroba.com,"\+56 9 8782 7062",,,,2025-02-13,397000,4,61110,Zaragoza,burgos#,37,751,77000,"Wizz Air",,{},"{""Hospitalet de LLobregat"",Badajoz}","Clase económica",{}
"Jesús Escamilla Ornelas",99.999.999-K,7,clifford.kerluke@outlook.com,"\+56 9 6354 4471","56 4 2912 8165",,,2025-07-18,788000,7,25883,"Jerez de la Frontera",cádiz#,100,2173,233000,EasyJet,,{},"{Leganés,""El Prat de LLobregat"",""El Ejido""}","Clase ejecutiva",{}
"Arturo Franco Águilar",23833611,8,patricia_schowalter@waldo.com,"\+56 9 2843 0401",,,,2026-06-13,171000,-1,55154,Orense,zamora#,46!!!,255,45000,Megabus,Normal,"{Comida,""Aire acondicionado"",Baño}",{},,{}
"Sta. Natalia Sotelo Zarate",99.999.999-K,1,joeann@viajes.cl,"\+56 2 4342 6646",,,,2025-02-14,584000,3,16070,Torremolinos,"Hospitalet de LLobregat",47,326,77000,"Buses Bio Bio",Normal,"{""Asientos reclinables"",Calefacción,Wifi}",{},,{}
"Francisco Almaraz Luna",1076547,6,jolanda.ohara@turket.com,"\+56 2 5522 9710",,,,2026-01-27,30/6/2028,-1,77483,Gijón,Granollers,34,328,50000,Alsa,Semi-cama,"{Comida,Agua,TV}",{},,{}
"Cristobal Alejandro Candelaria",99.999.999-K,0,jodee@marmol.com,"\+56 2 0307 4521",,,,2025-03-28,511000,-3,45831,"Torrejón de Ardoz",valencia#,92,3330,306000,"Indian Railways",,"{""Aire acondicionado"",""Asientos reclinables"",Wifi,Comida,Baño,TV}",{},,{Reus}
"Sta. Óscar Flórez Venegas",22269716,4,correo_sin_arroba.com,"\+56 2 9870 9128",Diurno,Consalud,"Full time",2025-07-09,9/3/2025,2,48244,"Las Palmas de Gran Canaria",calahorra#,45,4115,411000,"Deutsche Bahn (DB)",,"{Wifi,TV,Baño,Agua,Calefacción,Comida,""Asientos reclinables""}",{},,"{Córdoba,Elche,Puertollano}"
"Felipe Samaniego Arredondo",99.999.999-K,9,correo_sin_arroba.com,"\+56 2 5374 0968",Diurno,Fonasa,"Full time",2026-09-06,748000,-4,6061,Segovia,Gijón,81,378,26000,AVE,,,{},,{Calahorra}
"Federico Cedillo Sanabria",17583285,3,sheridan@outlook.com,"\+56 2 0011 8156",,,,2025-02-03,30/5/2030,-8,98981,Lorca,huelva#,69!!!,3366,100000,"Ethiopian Airlines",,{},{Ferrol},"Clase ejecutiva",{}
"Ana Madrigal Rubio",10437907,5,many@viajes.cl,"\+56 9 9998 6985","56 8 7028 5668","Más vida","Full time",2025-01-26,17/10/2020,10,31415,Ponferrada,"cornellá de llobregat#",31,136,6000,FlixBus,Normal,"{Calefacción,Comida,""Aire acondicionado""}",{},,{}
"Guillermina Fajardo Aponte",99.999.999-K,4,juan.kuhn@outlook.com,"\+56 9 5625 6424",,,,2026-07-31,961000,7,96157,Fuenlabrada,"Jerez de la Frontera",3!!!,3541,122000,Italo,,"{Calefacción,Wifi,""Aire acondicionado"",Comida,Baño,Agua}",{},,"{""Cornellá de Llobregat"",Fuengirola,Inca,""Santa Cruz de Tenerife"",Gerona}"
"Samuel Campos Córdova",99.999.999-K,9,maple_howell@viajes.cl,"\+56 2 9277 5632","56 1 2456 8872",Banmédica,"Part time",2026-01-06,6/11/2025,-7,49261,Manresa,Gerona,34!!!,430,37000,Andesmar,Semi-cama,"{Wifi,Baño,TV}",{},,{}
"Marilu Ponce Vallejo",99.999.999-K,7,kurt@marmol.com,"\+56 9 1422 6682","56 2 3087 6891",,,2026-10-17,738000,2,40682,Bilbao,"collado villalba#",82,3705,346000,"Spirit Airlines",,{},{Badalona},"Primera clase",{}
"Graciela Bahena Otero",18989039,2,cleo@waldo.com,"\+56 2 2036 7970","56 2 8391 3938",,,2025-12-17,496000,5,29102,Cuenta,Majadahonda,49!!!,268,21000,Damas,Normal,"{Agua,Wifi,Comida}",{},,{}
"Sr. Rosario Armendáriz Guerra",99.999.999-K,1,kamala@viajes.cl,"\+56 2 1785 5765","56 2 9898 3702",Consalud,"Full time",2025-07-05,939000,3,20203,"Pozuelo de Alarcón",Orihuela,72!!!,777,83000,"KTX (Corea del Sur)",,"{Calefacción,Comida,TV}",{},,"{Coslada,Almería}"
"Ramiro Rascón Saavedra",27760951,7,correo_sin_arroba.com,"\+56 9 4079 1048","56 3 7304 1116","Más vida","Full time",2025-12-05,246000,6,27375,"Ciudad Real","sanlúcar de barrameda#",99!!!,3648,437000,EuroCity,,"{Calefacción,Wifi,""Aire acondicionado"",""Asientos reclinables"",Baño,TV,Comida}",{},,"{""San Sebastián"",""Torrejón de Ardoz"",Mataró,""Roquetas de Mar"",Viladecans}"
"César Galindo Alba",99.999.999-K,5,correo_sin_arroba.com,"\+56 9 4228 4280",Diurno,"Más vida","Part time",2025-03-01,890000,5,45440,Telde,málaga#,36!!!,540,89000,Andesmar,Cama,"{""Aire acondicionado"",Comida,Agua}",{},,{}
"Ramón Gastélum Fierro",99.999.999-K,7,correo_sin_arroba.com,"\+56 9 5848 9909",,,,2026-08-09,24/8/2023,5,49165,Linares,"jerez de la frontera#",29,1224,145000,"Air New Zealand",,{},"{Murcia,Oviedo,""Jerez de la Frontera""}","Clase económica",{}
"Dolores Granados Porras",25795068,2,sheryl.ward@marmol.com,"\+56 2 9569 0183","56 4 8815 8160",,,2026-08-24,253000,7,23249,Fuenlabrada,"alcalá de henares#",82,2302,180000,"Delta Air Lines",,{},"{""Alcalá de Henares""}","Clase ejecutiva",{}
"Gonzalo Sánchez Blanco",99.999.999-K,5,majorie.rohan@viajes.cl,"\+56 2 3353 8965",,,,2025-07-24,17/10/2020,-7,89810,Santander,pontevedra#,71!!!,4060,194000,Eurostar,,"{TV,Wifi,Comida,""Asientos reclinables"",Calefacción,Agua,""Aire acondicionado""}",{},,{}
"David Cavazos Fernández",16982588,9,correo_sin_arroba.com,"\+56 2 5609 1006",Nocturno,Fonasa,"Part time",2025-11-29,7/3/2023,2,90830,"El Prat de LLobregat","El Ejido",84!!!,958,99000,"West Midlands Trains",,"{Comida,TV,""Aire acondicionado""}",{},,"{Lugo,Calahorra}"
"Carlos Acevedo Canales",99.999.999-K,2,jacques_keebler@viajes.cl,"\+56 2 8424 4625",,,,2025-01-29,20/7/2024,-4,72124,"San Sebastían de los Reyes","Cerdañola del Vallés",31!!!,3425,233000,"JR Central",,"{TV,Wifi,""Asientos reclinables"",Baño,Agua,Comida}",{},,"{""Castellón de la Plana"",Rubí,Tarragona,Lugo,""La Coruña""}"
"Sr. Eduardo Guzmán Estrada",25722128,4,correo_sin_arroba.com,"\+56 9 4819 9082",,,,2026-08-09,22000,3,15277,Córdoba,rubí#,40!!!,220,49000,FlixBus,Normal,"{""Asientos reclinables"",TV,Wifi}",{},,{}
"Marilu Cardenas Robles",99.999.999-K,3,correo_sin_arroba.com,"\+56 9 2515 1172","56 2 2326 7600",,,2026-06-03,110000,1,70907,"Jerez de la Frontera",Valdemoro,46!!!,492,59000,Greyhound,Semi-cama,"{Wifi,Comida,Calefacción}",{},,{}
"Sta. Andrés Zamudio Castellanos",99.999.999-K,8,michel@waldo.com,"\+56 2 8055 7179","56 1 1507 5764",,,2026-11-18,596000,4,50620,Vigo,Baracaldo,41,2499,283000,"JR East",,"{Baño,Wifi,Comida,Agua,""Aire acondicionado""}",{},,"{""La Coruña"",""El Prat de LLobregat""}"
"Dorotea Meza Rosado",99.999.999-K,4,josefa_konopelski@viajes.cl,"\+56 2 4748 4057","56 2 3314 7642",Banmédica,"Full time",2026-08-02,779000,4,18975,Benalmádena,oviedo#,77!!!,3954,338000,Avianca,,{},"{""Torrejón de Ardoz"",""La Coruña"",Alcobendas,Valdemoro,""Molina de Segura""}","Primera clase",{}
"Sr. Eduardo Guzmán Estrada",25722128,4,correo_sin_arroba.com,"\+56 9 4819 9082","56 9 4739 9914",,,2025-02-25,12/3/2024,-7,40844,Burgos,Vitoria,37,2455,90000,WestJet,,{},"{Palencia,Viladecans}","Clase ejecutiva",{}
"Sta. Sara Jimínez Montalvo",15414501,1,correo_sin_arroba.com,"\+56 2 1642 2998","56 7 8949 1133",Consalud,"Part time",2026-03-18,272000,-5,22340,Majadahonda,Motril,33!!!,406,76000,Plusmar,Cama,"{""Aire acondicionado"",""Asientos reclinables"",Wifi}",{},,{}
"Gonzalo Otero Meraz",4839613,7,virgil_olson@marmol.com,"\+56 9 4085 0365","56 8 5175 1575",,,2025-09-09,287000,6,47103,Benidorm,"Pozuelo de Alarcón",72!!!,3877,211000,"Spirit Airlines",,{},"{Reus,Sabadell}","Primera clase",{}
"Sta. María Soledad Arce Rentería",20581073,6,correo_sin_arroba.com,"\+56 2 0052 7455",,,,2025-03-28,23/5/2030,-10,70262,"Collado Villalba","chiclana de la frontera#",55!!!,3652,164000,"Indian Railways",,"{Calefacción,Comida,""Aire acondicionado"",Wifi,""Asientos reclinables"",TV,Baño}",{},,{}
"César Echevarría Valdivia",99.999.999-K,7,magaly_christiansen@viajes.cl,"\+56 9 6112 0586","56 5 9187 6112",,,2026-09-04,751000,-8,25949,Ponferrada,segovia#,18!!!,1891,155000,AVE,,"{""Aire acondicionado"",Calefacción,Baño,""Asientos reclinables""}",{},,{}
"Norma Viera Zambrano",13924821,6,correo_sin_arroba.com,"\+56 9 2131 4560","56 1 3992 2274",Banmédica,"Full time",2026-08-16,26/2/2022,6,90768,Murcia,Leganés,58!!!,2005,121000,"JR Central",,"{Calefacción,Wifi,Baño,""Asientos reclinables""}",{},,"{Pontevedra,Granada,""Castellón de la Plana"",Coslada,Gecho}"
"Diego Ocasio Rocha",99.999.999-K,4,laura@marmol.com,"\+56 9 6919 9588",,,,2026-04-28,977000,-6,56008,Jaén,"Molina de Segura",38!!!,444,75000,Avanza,Cama,"{Wifi,Calefacción,""Aire acondicionado""}",{},,{}
"Manuel Leiva Casanova",99.999.999-K,7,correo_sin_arroba.com,"\+56 9 9986 5237","56 9 4312 5409",,,2025-11-09,661000,3,86347,"Dos Hermanas",cádiz#,4!!!,2122,173000,"Air France",,{},"{""San Cristróbal de la Laguna"",Irún,Palencia}","Clase económica",{}
"Sr. Dolores Arevalo Casanova",27507373,2,loren.jacobi@turket.com,"\+56 9 6105 3156",,,,2026-03-03,17/1/2029,3,56890,Baracaldo,Ávila,46!!!,1336,120000,Lufthansa,,{},"{Estepona,Coslada,Cartagena,Jaén,Pamplona}","Clase económica",{}
"José Emilio Alemán Olivera",8699499,8,correo_sin_arroba.com,"\+56 9 7189 1605","56 1 1775 6047",,,2026-03-30,14/4/2024,6,5639,Madrid,"El Ejido",46,163,39000,Socibus,Normal,"{Calefacción,""Asientos reclinables"",Comida}",{},,{}
"Mateo Montaño Reyna",99.999.999-K,8,correo_sin_arroba.com,"\+56 9 1240 4865",,,,2025-01-15,24/7/2030,-4,48336,Torrelavega,"Cornellá de Llobregat",58,2226,167000,JetBlue,,{},"{Granollers,Benidorm}","Primera clase",{}
"Mateo Montaño Reyna",17885484,8,correo_sin_arroba.com,"\+56 9 1240 4865","56 5 8411 5193",,,2026-08-06,4/3/2028,6,50046,"Santiago de Compostela",Córdoba,1!!!,1355,67000,"Air Canada",,{},"{Orihuela,Pamplona}","Clase económica",{}
"Amalia Águilar Mata",20770790,4,connie.borer@outlook.com,"\+56 9 0018 1500","56 4 6849 8926",,,2025-08-18,29/9/2025,-10,87957,Irún,benalmádena#,50,438,75000,"Via Bariloche",Cama,"{Wifi,""Aire acondicionado"",Baño}",{},,{}
"Teresa Godínez Lira",99.999.999-K,5,rozanne@viajes.cl,"\+56 9 3278 9081",Nocturno,Banmédica,"Full time",2025-01-15,243000,8,72614,Rubí,gerona#,44!!!,229,10000,"EME Bus",Normal,"{""Asientos reclinables"",Comida,TV}",{},,{}
"Lourdes Cintrón Tovar",12438829,9,lilia@waldo.com,"\+56 9 2575 8521","56 5 6596 5723",,,2025-01-15,3/4/2028,-8,95425,"El Ejido",Torremolinos,42,353,23000,JetSur,Semi-cama,"{""Aire acondicionado"",Calefacción,TV}",{},,{}
"Felipe Valadez Saavedra",99.999.999-K,6,issac@marmol.com,"\+56 9 4054 9966",,,,2026-02-19,12/12/2022,-10,20205,Palencia,Arrecife,43,681,99000,BoltBus,Cama,"{""Aire acondicionado"",Wifi,Comida}",{},,{}
"Sra. Blanca Yáñez Pelayo",99.999.999-K,7,correo_sin_arroba.com,"\+56 2 8286 5730","56 9 4857 8470",,,2025-05-17,271000,-3,36734,Leganés,pamplona#,38,663,57000,"JR Central",,,{},,{Móstoles}
"Pablo Vera Casanova",18210473,0,correo_sin_arroba.com,"\+56 9 7435 9769","56 6 2905 9833",,,2025-11-29,339000,8,96234,Logroño,mijas#,48,491,149000,Socibus,Cama,"{Wifi,TV,Baño}",{},,{}
"Blanca Menchaca Briones",27406379,6,naomi@viajes.cl,"\+56 9 1542 9565",Diurno,Consalud,"Full time",2025-05-31,137000,2,12019,Estepona,"Talavera de la Reina",40,215,47000,Monbus,Normal,"{""Aire acondicionado"",Comida,Wifi}",{},,{}
"Sr. Jaime Cordero Crespo",99.999.999-K,0,cory@outlook.com,"\+56 9 0753 2930",,,,2026-12-15,9000,-1,44237,Alcorcón,"Santa Lucía de Tirajana",19!!!,897,90000,"TransPennine Express",,"{Agua,Baño,""Aire acondicionado""}",{},,"{Almería,""Roquetas de Mar""}"
"Cristian Vélez Soto",5111195,4,correo_sin_arroba.com,"\+56 9 6907 9095","56 9 6601 8478",,,2026-06-04,16/8/2028,-7,29569,Mérida,Pamplona,13!!!,2106,123000,"Southwest Airlines",,{},"{Viladecans,Ponferrada}","Clase ejecutiva",{}
"Marilu Lara Madera",99.999.999-K,9,emmanuel_fadel@marmol.com,"\+56 9 9557 1130",,,,2025-06-06,5000,5,44757,Vigo,inca#,34!!!,3504,355000,Trenitalia,,"{""Aire acondicionado"",TV,Baño,Wifi,Calefacción,Comida}",{},,{}
"Adán Rivero Valadez",99.999.999-K,3,rosemarie.mohr@turket.com,"\+56 2 5745 4074",,,,2026-11-06,394000,8,83638,"Chiclana de la Frontera",málaga#,75,361,19000,Iberia,,{},"{""Torrejón de Ardoz"",Calahorra}","Clase ejecutiva",{}
"María Elena Hinojosa Rosado",9077720,3,patrick@waldo.com,"\+56 9 3693 9000",,,,2025-04-03,5/11/2029,-9,80121,Alicante,huelva#,66!!!,1580,119000,Eurostar,,"{""Aire acondicionado"",Wifi,""Asientos reclinables"",Comida}",{},,{Parla}
"Lola Arteaga Carvajal",99.999.999-K,1,correo_sin_arroba.com,"\+56 2 9493 5529","56 5 4510 7034",,,2025-04-03,795000,9,31695,"La Línea de la Concepción",torrelavega#,60,1150,112000,"Via Rail (Canadá)",,"{Comida,TV,Wifi}",{},,{Elche}
"José María Gurule Olivera",99.999.999-K,2,correo_sin_arroba.com,"\+56 2 3393 6701",,,,2026-10-10,14/4/2020,8,32367,Valdemoro,Córdoba,39,4146,398000,"TransPennine Express",,"{Wifi,Calefacción,""Aire acondicionado"",""Asientos reclinables"",Baño,Comida,TV}",{},,"{Lorca,""El Prat de LLobregat""}"
"Adela Pérez Núñez",7398735,3,correo_sin_arroba.com,"\+56 2 1385 0515","56 5 5112 8932",,,2026-03-13,894000,-4,82138,Pontevedra,"Collado Villalba",45,631,188000,"Flecha Bus",Cama,"{Comida,TV,Agua}",{},,{}
"Cristina Valenzuela Morales",16992129,0,cecil.kunde@viajes.cl,"\+56 2 8054 8994","56 6 1258 1843",Consalud,"Part time",2026-11-07,19/8/2030,1,51640,Arrecife,Segovia,43!!!,381,30000,ADO,Cama,"{Baño,Agua,Wifi}",{},,{}
"Anita Carrillo Roybal",11092090,1,correo_sin_arroba.com,"\+56 9 8875 4782",,,,2026-01-09,679000,-10,13072,Bilbao,algeciras#,49!!!,1473,67000,"Spirit Airlines",,{},"{Manresa,Tarragona}","Clase económica",{}
"Sr. Jacobo Chávez Mena",99.999.999-K,8,jacquelyn@viajes.cl,"\+56 9 6571 2815","56 2 5248 3537",,,2025-05-07,6/5/2028,8,60126,Logroño,Benidorm,46!!!,334,50000,Megabus,Normal,"{TV,Comida,Wifi}",{},,{}
"Manuel Arredondo Guerrero",99.999.999-K,5,arnetta@outlook.com,"\+56 2 8090 4207",,,,2026-08-04,22/2/2026,-6,34700,Reus,badajoz#,98,3309,389000,"Nederlandse Spoorwegen (NS)",,"{Comida,TV,Baño,Wifi,""Asientos reclinables"",Calefacción}",{},,"{""Molina de Segura""}"
"María Eugenia Toro Zaragoza",99.999.999-K,7,correo_sin_arroba.com,"\+56 2 7692 1224",,,,2026-06-21,6/8/2025,7,52856,"Castellón de la Plana",parla#,11,1876,142000,"Delta Air Lines",,{},"{Barcelona,""Molina de Segura"",Almería,Málaga}","Clase económica",{}
"Rosario Negrón Vargas",18666353,8,correo_sin_arroba.com,"\+56 2 2374 9435",,,,2025-02-04,554000,10,97107,"Ciudad Real",Mérida,35,621,140000,JetSur,Cama,"{TV,""Asientos reclinables"",Baño}",{},,{}
"Juan Medina Guerrero",99.999.999-K,7,correo_sin_arroba.com,"\+56 9 9217 0158","56 9 5931 6581",,,2025-08-08,633000,-5,47510,Ferrol,Bilbao,8!!!,3462,241000,"Frontier Airlines",,{},{Palencia},"Primera clase",{}
"Sra. Estela Tapia Meléndez",20784565,0,alvaro@turket.com,"\+56 2 5558 2920","56 6 2781 8623",,,2026-02-08,8/5/2023,4,62072,Pamplona,"San Sebastían de los Reyes",41,363,30000,Turbus,Semi-cama,"{Baño,""Aire acondicionado"",Comida}",{},,{}
"Sergio Vázquez Sandoval",99.999.999-K,5,correo_sin_arroba.com,"\+56 9 4316 4493",,,,2026-02-08,997000,-4,29963,Almería,Baracaldo,84,923,148000,"Delta Air Lines",,{},"{""Las Palmas de Gran Canaria"",Murcia}","Clase económica",{}
"Guillermina Vanegas Cantú",9317923,7,correo_sin_arroba.com,"\+56 9 9428 4761","56 7 2940 6030",,,2026-09-29,20/8/2020,-9,50824,"Palma de Mallorca",Bilbao,50,447,77000,"Estrella Roja",Cama,"{Baño,""Aire acondicionado"",Wifi}",{},,{}
"Norma Viera Zambrano",99.999.999-K,6,ronald@viajes.cl,"\+56 9 2131 4560","56 1 6537 5506",Banmédica,"Full time",2025-10-08,190000,-8,17099,Motril,lorca#,31,496,79000,"Buses Bio Bio",Cama,"{Comida,TV,Baño}",{},,{}
"Alicia Farías Rodarte",99.999.999-K,4,correo_sin_arroba.com,"\+56 2 1254 1972",,,,2025-12-23,327000,-8,11803,Rivas-Vaciamadrid,Mijas,1,1882,59000,"United Airlines",,{},"{""Alcalá de Guadaira"",Mijas,Leganés}","Clase económica",{}
"Sra. Sergio Collado Zelaya",99.999.999-K,8,michaele@marmol.com,"\+56 9 4520 9741",,,,2025-12-23,327000,-8,85511,Vigo,badalona#,90!!!,1758,109000,"Southwest Airlines",,{},{},"Clase ejecutiva",{}
"Rafael Anguiano Gallegos",99.999.999-K,6,arron.zemlak@marmol.com,"\+56 2 1090 8360","56 8 4039 4083",,,2025-10-10,24/8/2028,1,43990,Gerona,irún#,46!!!,371,98000,Eurostar,,,{},,"{Algeciras,Cáceres,""Castellón de la Plana""}"
"Sta. Luis Cordero Chavarría",19014850,9,gayla@turket.com,"\+56 2 6041 2028","56 6 9628 4281",,,2026-07-03,561000,7,58231,Lorca,"Santa Coloma de Gramanet",49!!!,556,134000,"Buses Romani",Semi-cama,"{Calefacción,Baño,TV}",{},,{}
"Marilu Pantoja Ceballos",11097756,7,jonathan@turket.com,"\+56 2 0004 8195","56 7 3747 3802",,,2026-09-05,17/9/2025,9,26853,Rubí,Mataró,44,639,189000,"Condor Bus",Cama,"{TV,""Aire acondicionado"",Baño}",{},,{}
"José María Espino Gracia",5194018,6,garry_labadie@viajes.cl,"\+56 2 4655 8691","56 6 9829 3017",Colmena,"Full time",2025-04-24,15/1/2028,-8,10726,Sevilla,Málaga,38!!!,408,98000,Monbus,Cama,"{Comida,Wifi,""Aire acondicionado""}",{},,{}
"Adriana Barragán Carrero",7555926,3,gerard@marmol.com,"\+56 9 7280 8326","56 2 5916 2766",,,2026-11-01,21/3/2027,-9,35000,Cartagena,"la línea de la concepción#",92!!!,480,94000,Emirates,,{},{Parla},"Clase ejecutiva",{}
"Daniela Riojas Menchaca",99.999.999-K,4,dorathy@turket.com,"\+56 2 0809 1433",,,,2025-03-09,22/5/2024,8,8832,"El Puerto de Santa María",Jaén,33,185,33000,"Buses Nilahue",Normal,"{Calefacción,TV,Wifi}",{},,{}
"Sr. Fernando Almanza Ceballos",99.999.999-K,0,chau.nitzsche@turket.com,"\+56 2 8120 2374",,,,2026-04-26,58000,-6,37462,Cádiz,Sagunto,18!!!,2511,143000,Italo,,"{Wifi,""Aire acondicionado"",Comida,""Asientos reclinables"",Baño}",{},,"{""Alcalá de Guadaira"",""Santa Coloma de Gramanet"",""Santiago de Compostela"",Torrevieja,""San Sebastían de los Reyes""}"
"Elena Medrano García",99.999.999-K,7,cary@viajes.cl,"\+56 2 2343 9693",,,,2025-07-24,12/4/2028,10,46925,"Santa Cruz de Tenerife",Cartagena,33,3877,201000,"Nederlandse Spoorwegen (NS)",,"{""Aire acondicionado"",Calefacción,Wifi,TV,Baño,Agua,""Asientos reclinables""}",{},,{}
"Sergio Montemayor Vanegas",25565206,5,yesenia@outlook.com,"\+56 2 6826 4640","56 1 7909 4998",,,2026-11-10,189000,5,21091,Gerona,Logroño,94,4162,304000,"West Midlands Trains",,"{""Asientos reclinables"",Wifi,Agua,Comida,Baño,Calefacción,""Aire acondicionado""}",{},,"{""Palma de Mallorca"",Avilés}"
"Sta. Cristian Villalpando Vega",1026115,8,correo_sin_arroba.com,"\+56 9 7052 1638",,,,2026-10-18,10/8/2024,4,60933,Lorca,cádiz#,40!!!,345,25000,ADO,Semi-cama,"{Comida,Agua,TV}",{},,{}
"Irene Soliz Negrón",99.999.999-K,1,lala_barton@viajes.cl,"\+56 2 3572 3888",Diurno,Fonasa,"Part time",2026-05-19,24/5/2024,1,64400,"San Sebastián",lorca#,74,2533,213000,"Ethiopian Airlines",,{},"{Paterna,Torrelavega,Toledo,Cuenta}","Primera clase",{}
"Esteban Delagarza Lucio",8918532,0,valentina.kulas@viajes.cl,"\+56 2 9112 1659",Nocturno,Consalud,"Part time",2025-03-13,30/1/2026,-1,20579,"Chiclana de la Frontera","Alcalá de Henares",6!!!,2705,204000,"Air France",,{},"{Elche,Granada,""Alcalá de Henares"",Sabadell}","Clase ejecutiva",{}
"Sr. Daniela Berríos Uribe",99.999.999-K,1,correo_sin_arroba.com,"\+56 2 9509 5646",,,,2025-03-13,6/11/2030,1,77178,Irún,"El Puerto de Santa María",32!!!,184,29000,"Buses Romani",Normal,"{Calefacción,Agua,Wifi}",{},,{}
"Felipe Reyna Alicea",99.999.999-K,7,denese.wolff@viajes.cl,"\+56 9 7990 9369",Diurno,Banmédica,"Part time",2026-09-04,17/10/2025,10,45125,Pontevedra,Almería,70!!!,2002,117000,"Ethiopian Airlines",,{},"{Vigo,Madrid,Ávila}","Clase económica",{}
"Sr. Rocio Pérez Elizondo",99.999.999-K,6,correo_sin_arroba.com,"\+56 9 9965 7938","56 8 1146 7214",,,2025-09-07,627000,3,92014,"Santa Lucía de Tirajana",Torrelavega,27,1499,198000,"British Airways",,{},{},"Clase ejecutiva",{}
"Elvira Puga Solorio",12573860,4,correo_sin_arroba.com,"\+56 2 1687 4745","56 6 8406 9458",Consalud,"Full time",2026-11-09,29/11/2030,3,9536,Zamora,Alcoy,41,555,133000,"Flecha Bus",Semi-cama,"{Wifi,Baño,Calefacción}",{},,{}
"Laura Romo Garza",99.999.999-K,1,correo_sin_arroba.com,"\+56 2 2858 8155",,,,2026-01-13,7/7/2021,-2,94473,Irún,Guadalajara,50!!!,173,25000,Andesmar,Normal,"{Baño,Agua,Comida}",{},,{}
"Clara Armijo Flórez",99.999.999-K,6,christiane@viajes.cl,"\+56 2 8679 2361",Diurno,Banmédica,"Part time",2025-08-01,3/5/2024,6,32114,Baracaldo,"Torrejón de Ardoz",11!!!,984,107000,Vueling,,{},"{Fuengirola,""Santa Coloma de Gramanet""}","Clase económica",{}
"Marta Zapata Paz",17981461,4,correo_sin_arroba.com,"\+56 9 2906 5767","56 7 4654 7697",,,2025-08-01,618000,-6,53860,"Cerdañola del Vallés",Huelva,22!!!,2376,88000,"British Airways",,{},"{Gerona,Baracaldo,Leganés,Majadahonda,Fuenlabrada}","Primera clase",{}
"Víctor Vela Zambrano",99.999.999-K,8,chang@turket.com,"\+56 9 9026 5088","56 7 9043 9628",,,2026-06-07,20000,8,8673,Manresa,Almería,58!!!,1954,113000,"ÖBB (Austria)",,"{Calefacción,""Aire acondicionado"",Wifi,Baño}",{},,"{Lorca,""La Línea de la Concepción""}"
"Andrés Madrid Escobedo",8528137,9,porsche.hartmann@turket.com,"\+56 9 6888 9039",,,,2025-09-26,26/9/2029,6,89085,Badalona,Viladecans,32,181,32000,Damas,Normal,"{Calefacción,Comida,Baño}",{},,{}
"María Soledad Alvarez Galván",17686737,4,correo_sin_arroba.com,"\+56 9 3740 2271","56 4 2503 7482",,,2025-03-02,27/4/2024,-2,27300,"San Sebastían de los Reyes",reus#,61,1925,196000,"Brightline (EE.UU.)",,"{Comida,Baño,Wifi,""Aire acondicionado""}",{},,"{Toledo,Pontevedra}"
"Victoria Rocha Jaramillo",21716360,1,felicitas@viajes.cl,"\+56 2 4668 7488","56 8 3899 1209",Banmédica,"Full time",2025-06-22,829000,-10,36192,Arrecife,"santa cruz de tenerife#",39!!!,683,167000,Greyhound,Cama,"{TV,Comida,Calefacción}",{},,{}
"Francisca Delao Cotto",99.999.999-K,6,kip@outlook.com,"\+56 9 1078 5689",,,,2025-12-24,426000,-4,38410,"Sanlúcar de Barrameda","la línea de la concepción#",64,3562,219000,Ryanair,,{},{Coslada},"Clase ejecutiva",{}
"Blanca Brito Véliz",14607650,2,correo_sin_arroba.com,"\+56 9 8808 1319","56 1 3812 8577",,,2026-03-05,380000,10,78117,Motril,córdoba#,43,653,150000,"Via Bariloche",Cama,"{Calefacción,""Aire acondicionado"",Wifi}",{},,{}
"Sr. Conchita Serrano Cadena",99.999.999-K,9,correo_sin_arroba.com,"\+56 9 6481 4509",,,,2026-02-03,26/5/2021,-1,28340,Burgos,"Pozuelo de Alarcón",79,1450,118000,"Rocky Mountaineer",,"{Baño,Agua,TV,Comida}",{},,{}
"Gilberto Apodaca Ramírez",27555606,8,correo_sin_arroba.com,"\+56 2 2553 7341",Diurno,Colmena,"Full time",2025-01-06,312000,-10,50516,Vitoria,motril#,31,592,130000,Socibus,Semi-cama,"{TV,Wifi,Comida}",{},,{}
"Sr. Ramón Ojeda Mata",3203268,6,erick@viajes.cl,"\+56 2 2173 8164","56 7 8380 4010",Banmédica,"Full time",2026-07-27,153000,-7,65128,Salamanca,"Molina de Segura",53!!!,935,67000,"United Airlines",,{},{Sevilla},"Clase económica",{}
"Verónica Reséndez Polanco",4069060,7,charlie_miller@turket.com,"\+56 2 2040 0120",,,,2025-12-02,370000,7,76536,Puertollano,león#,60!!!,2433,216000,"Shinkansen (Japón)",,"{Comida,Calefacción,""Asientos reclinables"",""Aire acondicionado"",TV}",{},,{Puertollano}
"Eduardo Camarillo Arguello",99.999.999-K,1,correo_sin_arroba.com,"\+56 9 3025 2472","56 2 9305 8064",,,2025-08-26,126000,8,85545,Cartagena,"Molina de Segura",34!!!,701,64000,"Alaska Airlines",,{},{},"Clase económica",{}
"Juan Gurule Espino",99.999.999-K,0,correo_sin_arroba.com,"\+56 2 9661 9763",,,,2026-04-08,5/12/2026,-6,94656,Gerona,elda#,34,553,130000,ADO,Cama,"{""Aire acondicionado"",Wifi,Comida}",{},,{}
"Lucas Arreola Fajardo",18809837,6,pam_rohan@viajes.cl,"\+56 9 8063 3122",Diurno,"Más vida","Full time",2026-04-08,876000,2,2137,Barcelona,Valdemoro,50,617,120000,WestJet,,{},"{Gecho,""La Coruña"",Marbella,Elche}","Clase ejecutiva",{}
"Lola de Jesús Montoya",411392,8,correo_sin_arroba.com,"\+56 9 4764 0777","56 2 5440 4044",Fonasa,"Full time",2025-03-02,21/2/2025,-3,80275,Málaga,móstoles#,3,2997,132000,Renfe,,"{Agua,Comida,""Asientos reclinables"",Baño,""Aire acondicionado"",Wifi}",{},,"{Getafe,""Santa Cruz de Tenerife""}"
"Alberto Olivares Maya",99.999.999-K,9,rachell.heathcote@turket.com,"\+56 2 0704 5624",,,,2025-03-02,17/4/2022,3,32673,Inca,"el puerto de santa maría#",1,3856,224000,Qantas,,{},{Sabadell},"Primera clase",{}
"Alfonso Tovar Páez",99.999.999-K,0,correo_sin_arroba.com,"\+56 2 1959 0775","56 2 9994 9699",,,2025-07-20,16/4/2024,5,69926,Segovia,Calahorra,63,291,128000,"Indian Railways",,,{},,"{Sabadell,Puertollano,""Santa Cruz de Tenerife"",""Sanlúcar de Barrameda""}"
"Sr. Sofia Dávila Casas",13500060,0,correo_sin_arroba.com,"\+56 9 5603 6502",,,,2025-01-21,970000,-9,44866,Orense,Sagunto,3!!!,387,127000,"Indian Railways",,,{},,"{""Las Palmas de Gran Canaria"",Lérida,Segovia,Oviedo}"
"Joaquín Galarza Cazares",99.999.999-K,2,correo_sin_arroba.com,"\+56 2 6268 4082",Nocturno,"Más vida","Full time",2025-10-16,4/10/2028,1,36036,"Alcalá de Guadaira",Elda,85,3046,137000,KLM,,{},"{Almería,Segovia}","Clase ejecutiva",{}
"Sra. Víctor Alvarez Flórez",99.999.999-K,8,correo_sin_arroba.com,"\+56 2 4296 7473","56 2 2343 3792",,,2025-12-26,934000,-9,48234,Salamanca,Gijón,42,330,75000,"Pullman Bus",Normal,"{Wifi,Comida,Agua}",{},,{}
"Daniel Aguilera Saldivar",99.999.999-K,1,simona@turket.com,"\+56 2 1012 7799","56 4 1325 3323",,,2025-06-02,20/4/2020,-4,33274,"Palma de Mallorca",Guadalajara,39!!!,491,100000,"Condor Bus",Cama,"{Calefacción,""Asientos reclinables"",Agua}",{},,{}
"Cristian Vélez Soto",99.999.999-K,4,eliza@waldo.com,"\+56 9 6907 9095","56 3 4356 2820",,,2025-06-02,10/11/2021,4,91553,Benalmádena,burgos#,29!!!,3648,288000,Eurostar,,"{""Aire acondicionado"",""Asientos reclinables"",Comida,Calefacción,Wifi,TV,Agua}",{},,"{""Sanlúcar de Barrameda"",""Santa Lucía de Tirajana"",Granollers,Fuengirola}"
"Sra. Martín Santacruz Preciado",99.999.999-K,1,forrest@viajes.cl,"\+56 9 1269 3038","56 2 6242 9910",Banmédica,"Full time",2025-04-09,11/5/2022,-1,65784,Santander,"Santa Lucía de Tirajana",40,711,170000,Futura,Cama,"{""Asientos reclinables"",Baño,Calefacción}",{},,{}
"Jacobo Cotto Irizarry",27874742,3,dewey.nienow@turket.com,"\+56 2 2751 3714","56 7 5172 6995",,,2026-04-13,6/1/2029,8,48159,Palencia,elda#,32!!!,608,124000,"EME Bus",Cama,"{""Asientos reclinables"",Calefacción,""Aire acondicionado""}",{},,{}
"Carlos Ballesteros Díaz",99.999.999-K,5,berry.jones@viajes.cl,"\+56 2 5776 2650",Diurno,Consalud,"Part time",2026-02-10,23/12/2021,8,67883,Elche,Torrevieja,54!!!,592,113000,Thalys,,,{},,"{""Santa Coloma de Gramanet"",Elda,Elche}"
"Cristina Vergara Loya",11122020,0,eloise.bogisich@viajes.cl,"\+56 2 9006 3191",,,,2025-01-12,271000,-9,57683,Viladecans,huelva#,33,3500,228000,"KTX (Corea del Sur)",,"{TV,Baño,Wifi,Agua,Calefacción,Comida}",{},,{Badajoz}
"Sr. Sofia Dávila Casas",13500060,0,winifred.wolff@viajes.cl,"\+56 9 5603 6502","56 3 1969 4848",,,2026-08-18,1/1/2024,10,70484,Inca,"san cristróbal de la laguna#",30,340,65000,Socibus,Normal,"{Wifi,""Aire acondicionado"",Calefacción}",{},,{}
"Sr. Cristina Páez Rentería",99.999.999-K,5,correo_sin_arroba.com,"\+56 2 8807 5557",Nocturno,Fonasa,"Part time",2025-11-05,414000,10,41560,"Cerdañola del Vallés","Talavera de la Reina",47,650,71000,"Buses Bio Bio",Cama,"{Comida,Agua,""Aire acondicionado""}",{},,{}
"Salvador Aranda Cedillo",21549541,9,correo_sin_arroba.com,"\+56 9 8949 8922","56 7 5465 1854",,,2026-09-18,25/4/2027,7,29780,Torrelavega,Majadahonda,39!!!,3035,101000,Emirates,,{},"{""San Sebastián""}","Primera clase",{}
"Cristian Brito Valencia",27646640,9,elton@marmol.com,"\+56 9 5618 9176","56 8 5587 7863",,,2025-05-05,15/9/2021,-1,24758,Elche,reus#,11,3611,263000,"KTX (Corea del Sur)",,"{TV,""Asientos reclinables"",Calefacción,Baño,""Aire acondicionado"",Comida,Wifi}",{},,"{Reus,Córdoba,Marbella,""Talavera de la Reina""}"
"María José Lugo Arteaga",25750443,4,correo_sin_arroba.com,"\+56 2 5341 0677",,,,2026-05-27,6/2/2025,-6,97099,"Hospitalet de LLobregat","Torrejón de Ardoz",31!!!,308,71000,Futura,Semi-cama,"{Calefacción,""Asientos reclinables"",Agua}",{},,{}
"Hernán Cintrón Colunga",15833047,0,rashad.cole@waldo.com,"\+56 9 8759 3777","56 1 6568 5459",,,2026-07-08,586000,6,44365,Torrevieja,coslada#,38,443,55000,"Buses Romani",Semi-cama,"{Agua,Calefacción,Comida}",{},,{}
"Marco Antonio Gil Montes",99.999.999-K,8,correo_sin_arroba.com,"\+56 2 1901 8298",,,,2026-07-08,586000,-6,46242,"Santa Coloma de Gramanet",reus#,40,3065,148000,"West Midlands Trains",,"{Baño,""Aire acondicionado"",TV,Comida,Calefacción,Agua}",{},,{}
"Tomás Cordero Valencia",18363656,6,bess.reynolds@viajes.cl,"\+56 9 8519 5029","56 2 6228 4309",,,2025-05-02,4/5/2028,-3,36080,"El Ejido",Palencia,43,586,78000,"Flecha Bus",Cama,"{Baño,""Aire acondicionado"",Calefacción}",{},,{}
"Benito Amaya Garibay",99.999.999-K,5,lien.robel@turket.com,"\+56 9 9167 4641",,,,2025-02-06,20/10/2024,-4,14079,Elda,vigo#,47,386,57000,"Condor Bus",Cama,"{Agua,Comida,Baño}",{},,{}
"Inés Trujillo Tamez",99.999.999-K,0,patrina.balistreri@outlook.com,"\+56 9 3979 1567","56 9 2374 7219",,,2025-11-14,1/6/2027,10,54211,Gecho,"La Línea de la Concepción",41!!!,519,114000,Damas,Semi-cama,"{Baño,TV,Wifi}",{},,{}
"Mayte Nieto Luevano",17792247,3,correo_sin_arroba.com,"\+56 2 0318 7654",,,,2025-11-14,14/9/2029,-10,67455,"La Coruña",Leganés,40,157,32000,Socibus,Normal,"{TV,Baño,""Asientos reclinables""}",{},,{}
"Raquel Robles Colunga",15721621,6,correo_sin_arroba.com,"\+56 9 2940 2075",,,,2025-11-22,5/3/2021,6,89674,Badalona,Zamora,34!!!,714,108000,ADO,Cama,"{Wifi,Agua,Calefacción}",{},,{}
"Sta. Lola Casas Munguía",99.999.999-K,8,chau@waldo.com,"\+56 9 7727 5736",,,,2025-03-19,1/5/2030,3,47570,Elda,Parla,50,359,75000,"Buses Ahumada",Semi-cama,"{Baño,""Asientos reclinables"",""Aire acondicionado""}",{},,{}
"Guillermina Fajardo Aponte",11638456,4,juan.kuhn@outlook.com,"\+56 9 5625 6424","56 5 7279 7098",,,2026-02-11,310000,-7,25770,"Dos Hermanas","Santa Lucía de Tirajana",41!!!,1442,157000,"TGV (SNCF)",,"{Calefacción,""Aire acondicionado"",Wifi,Comida}",{},,"{Vigo,Tarragona,""San Sebastián"",Badalona,Lugo}"
"Patricia Ballesteros Serna",9612979,0,correo_sin_arroba.com,"\+56 9 6424 7587","56 3 6137 9309",,,2025-11-04,17/3/2021,-4,26232,Viladecans,"santiago de compostela#",62!!!,1698,199000,"Turkish Airlines",,{},{},"Clase ejecutiva",{}
"Marta Sandoval Domínquez",8613162,1,christopher@viajes.cl,"\+56 2 7474 1071","56 9 8953 9376",,,2026-09-15,3/2/2022,6,4853,Benalmádena,Vitoria,37!!!,485,42000,"Condor Bus",Semi-cama,"{Comida,Calefacción,Baño}",{},,{}
"Javier Muñiz Solorzano",28503107,4,correo_sin_arroba.com,"\+56 2 6623 6651","56 4 9606 7652",,,2026-03-17,15/9/2030,-8,37119,"El Ejido",Zamora,21!!!,3426,166000,"South Western Railway",,"{Calefacción,Agua,""Aire acondicionado"",Comida,TV,Wifi}",{},,"{Fuenlabrada,Granollers,Guadalajara,Alicante}"
"Javier Verduzco Burgos",1794943,1,correo_sin_arroba.com,"\+56 2 2853 0968","56 3 6848 1974",,,2026-09-28,8/8/2028,1,97983,Gecho,valdemoro#,96!!!,1017,117000,"Ethiopian Airlines",,{},{},"Clase económica",{}
"Sra. María Lucio Gonzales",3280329,7,correo_sin_arroba.com,"\+56 9 3337 5684","56 6 3027 3067",,,2026-05-05,204000,2,42539,Telde,"santiago de compostela#",36!!!,502,92000,Avanza,Cama,"{Comida,Calefacción,Wifi}",{},,{}
"Virginia Ochoa Rico",99.999.999-K,2,regine@marmol.com,"\+56 9 3897 4562","56 9 2929 4158",,,2025-12-21,899000,-3,72215,Fuengirola,Fuenlabrada,44,500,105000,"ETN Turistar",Cama,"{Comida,Wifi,Baño}",{},,{}
"Sra. Joaquín Nieto Zamora",99.999.999-K,2,correo_sin_arroba.com,"\+56 2 3800 0683",,,,2026-08-14,100000,2,5279,"La Coruña","molina de segura#",58!!!,1899,106000,Lufthansa,,{},"{""Santa Lucía de Tirajana"",""El Ejido"",""Cerdañola del Vallés"",""Pozuelo de Alarcón"",Sevilla}","Clase ejecutiva",{}
"Barbara de Anda Merino",24785401,2,rubin_boyer@outlook.com,"\+56 9 7976 5562","56 9 5131 7448",,,2025-11-26,495000,-2,81598,Cádiz,Mataró,57,3509,317000,"JR East",,"{Comida,Calefacción,Baño,TV,Agua,""Aire acondicionado""}",{},,"{Sevilla,Ferrol,Gecho,Santander,""Cerdañola del Vallés""}"
"Sta. Francisca Ruelas Pulido",99.999.999-K,4,kasi@turket.com,"\+56 2 4275 8933","56 1 6499 6100",,,2026-04-04,25/5/2030,3,76361,Bilbao,Coslada,34!!!,2770,280000,"Turkish Airlines",,{},"{Mataró,Motril}","Primera clase",{}
"Olivia Olivas Almaraz",11150544,0,glendora@viajes.cl,"\+56 9 9018 6451","56 2 7956 4845",,,2025-09-06,971000,-4,39267,"El Puerto de Santa María","El Puerto de Santa María",54,483,131000,Trenitalia,,,{},,"{Reus,Majadahonda}"
"Raúl Alcántar Méndez",99.999.999-K,1,correo_sin_arroba.com,"\+56 2 6012 9738",,,,2026-11-07,30/2/2030,-8,5165,Pamplona,"la coruña#",1,2155,175000,Italo,,"{""Asientos reclinables"",Agua,TV,Baño}",{},,"{""Cornellá de Llobregat"",Lugo,Vitoria,""Hospitalet de LLobregat""}"
"Norma Esparza Altamirano",99.999.999-K,6,fermin.kulas@turket.com,"\+56 2 2305 1723",,,,2026-05-18,470000,2,63194,"Santa Cruz de Tenerife","dos hermanas#",28!!!,3725,348000,"Singapore Airlines",,{},"{Móstoles,""San Sebastián"",Alcorcón,Baracaldo}","Primera clase",{}
"Nicolás Peña Rosado",11682920,6,kenyetta@viajes.cl,"\+56 9 5404 4153",,,,2025-01-30,7/11/2030,-2,51709,Cáceres,"Talavera de la Reina",65,2121,129000,"United Airlines",,{},"{Benidorm,Arrecife,Alcorcón,Tarragona}","Clase económica",{}
"Teresa Quintanilla Bustos",99.999.999-K,8,correo_sin_arroba.com,"\+56 2 9268 9927",,,,2026-08-27,50000,-4,14102,Leganés,málaga#,42,553,42000,BoltBus,Semi-cama,"{""Aire acondicionado"",Agua,Wifi}",{},,{}
"Emilio Araña Rodrígez",16470516,3,correo_sin_arroba.com,"\+56 2 0124 3610",Nocturno,"Más vida","Part time",2025-07-30,730000,-4,1234,Mérida,Baracaldo,46!!!,778,67000,Thalys,,"{""Aire acondicionado"",Calefacción,Comida}",{},,"{""Santa Cruz de Tenerife""}"
"Javier Bétancourt Salas",23433132,0,serina@viajes.cl,"\+56 9 2711 8939",Nocturno,Consalud,"Full time",2026-12-05,270000,-4,57414,"El Puerto de Santa María",madrid#,61,412,172000,JetBlue,,{},"{Almería,Zaragoza,""Santa Lucía de Tirajana""}","Clase ejecutiva",{}
"Juana Casanova Griego",99.999.999-K,5,correo_sin_arroba.com,"\+56 2 9163 8413","56 6 1941 6702",,,2026-03-30,604000,-7,61585,"Santa Lucía de Tirajana",Badalona,81!!!,1990,186000,"Qatar Airways",,{},"{""San Sebastían de los Reyes""}","Clase ejecutiva",{}
"Sra. Miguel Nieto Herrera",24511901,7,correo_sin_arroba.com,"\+56 2 1723 3898","56 2 8554 4143",,,2026-07-13,3/1/2029,9,9206,"Hospitalet de LLobregat",barcelona#,83,3208,102000,"Alaska Airlines",,{},"{Zaragoza,Santander,Badalona,Mijas,Valladolid}","Primera clase",{}
"Rafael Arellano Botello",10883994,2,correo_sin_arroba.com,"\+56 9 4953 4038","56 8 6799 9971",,,2026-08-08,244000,4,63609,"San Fernando","alcalá de guadaira#",32!!!,321,46000,"Primera Plus",Normal,"{""Asientos reclinables"",Comida,Calefacción}",{},,{}
"Yolanda Mota Sanches",99.999.999-K,4,jame_davis@turket.com,"\+56 2 7330 0628",,,,2026-08-08,244000,-4,41957,Albacete,Rubí,48!!!,475,73000,Andesmar,Cama,"{Baño,Agua,""Aire acondicionado""}",{},,{}
"Lilia Pacheco Ojeda",12552488,6,correo_sin_arroba.com,"\+56 2 8996 3184","56 8 8497 8062",,,2026-08-08,6/9/2025,-4,51056,León,"el prat de llobregat#",93,2492,279000,JetBlue,,{},"{Ávila,Lugo,""Santiago de Compostela"",Coslada}","Clase ejecutiva",{}
"Inés Rolón Medina",9134823,9,shane@marmol.com,"\+56 9 5939 5817","56 9 8003 2378",,,2026-12-03,196000,-9,60388,Elche,Cáceres,43!!!,261,36000,"Flecha Bus",Normal,"{TV,Wifi,Baño}",{},,{}
"Emilia Hidalgo Carrera",99.999.999-K,3,tamie.purdy@waldo.com,"\+56 9 4562 6891","56 4 5812 2257",,,2026-03-26,12/3/2022,-3,37652,Lorca,Alicante,43,262,25000,"Flecha Bus",Semi-cama,"{Wifi,Baño,Calefacción}",{},,{}
"Lucia Cano Pichardo",6891850,2,correo_sin_arroba.com,"\+56 2 7962 0035","56 1 3493 6979",Banmédica,"Full time",2025-06-24,15/2/2029,1,49333,Almería,parla#,78!!!,3471,249000,"Deutsche Bahn (DB)",,"{Calefacción,""Aire acondicionado"",Baño,TV,Agua,""Asientos reclinables""}",{},,{Avilés}
"Sr. Bernardo Llamas Correa",99.999.999-K,3,correo_sin_arroba.com,"\+56 9 1137 0575",,,,2026-11-06,297000,-8,40404,Linares,"San Fernando",16,1723,105000,"South Western Railway",,"{Baño,""Asientos reclinables"",""Aire acondicionado"",Wifi}",{},,"{Motril,Parla,""Roquetas de Mar""}"
"Germán Guerra Olivárez",22364844,4,correo_sin_arroba.com,"\+56 2 9135 2530",,,,2026-11-08,22/11/2025,7,76074,Zaragoza,Avilés,42,522,146000,BoltBus,Cama,"{Comida,""Asientos reclinables"",TV}",{},,{}
"Dolores Granados Porras",25795068,2,correo_sin_arroba.com,"\+56 2 9569 0183",,,,2026-07-11,26000,-8,60267,Manresa,"Palma de Mallorca",27!!!,1313,105000,"Shinkansen (Japón)",,"{TV,Calefacción,Baño}",{},,{Granollers}
"Sofia Delarosa Tejeda",99.999.999-K,5,hilde@outlook.com,"\+56 9 2482 4566","56 5 2321 5168",,,2026-08-19,308000,-5,22565,"San Sebastián",Lugo,40!!!,138,38000,"Crucero del Norte",Normal,"{Wifi,Baño,""Asientos reclinables""}",{},,{}
"Sr. Agustín Menchaca Cervántez",4486143,4,august@viajes.cl,"\+56 9 3002 8451",Diurno,Consalud,"Full time",2026-02-03,27/4/2023,5,72754,"Chiclana de la Frontera",Bilbao,98!!!,2384,92000,"Indian Railways",,"{TV,Calefacción,""Asientos reclinables"",Baño,""Aire acondicionado""}",{},,"{Burgos,""Chiclana de la Frontera"",""Ciudad Real"",""Castellón de la Plana""}"
"Sr. Gonzalo Guerra Verdugo",99.999.999-K,6,correo_sin_arroba.com,"\+56 9 0102 0315",,,,2025-02-19,755000,2,61164,Tarrasa,"Collado Villalba",33!!!,695,106000,"Buses Romani",Cama,"{Agua,TV,Comida}",{},,{}
"Marisol Mayorga Piña",99.999.999-K,2,correo_sin_arroba.com,"\+56 2 6854 1963","56 1 9668 4127",,,2026-09-20,14/2/2021,-8,80449,"Santa Coloma de Gramanet",Ávila#,82,993,33000,WestJet,,{},{},"Clase económica",{}
"Andrea Segovia Velasco",99.999.999-K,1,correo_sin_arroba.com,"\+56 2 9987 6809",,,,2026-05-12,608000,3,68132,Gijón,"jerez de la frontera#",21,3038,185000,"SBB (Suiza)",,"{""Aire acondicionado"",Agua,Comida,Calefacción,""Asientos reclinables"",Wifi}",{},,{Cádiz}
"Felipe Samaniego Arredondo",26107915,9,correo_sin_arroba.com,"\+56 2 5374 0968",Diurno,Fonasa,"Full time",2026-07-14,28/3/2030,8,41870,Vigo,santander#,40!!!,3155,378000,ScotRail,,"{TV,""Asientos reclinables"",""Aire acondicionado"",Baño,Wifi,Agua}",{},,"{Logroño,Fuenlabrada,Murcia}"
"Graciela Montalvo Crespo",10941898,2,armando@viajes.cl,"\+56 9 0575 7068","56 2 8752 4893","Más vida","Part time",2026-07-04,382000,4,26711,Coslada,"santa cruz de tenerife#",47,595,140000,"Estrella Roja",Semi-cama,"{""Asientos reclinables"",Agua,Comida}",{},,{}
"José Emilio Mercado Jáquez",11588141,8,correo_sin_arroba.com,"\+56 9 8944 4049",,,,2026-09-28,24/4/2030,9,22764,Murcia,Gandía,37,617,79000,Megabus,Cama,"{TV,""Asientos reclinables"",Comida}",{},,{}
"Lola Polanco Zarate",4806723,2,hae@viajes.cl,"\+56 9 1663 1233",Diurno,Consalud,"Part time",2025-11-09,179000,-5,30945,Alicante,Calahorra,23,4320,453000,"Delta Air Lines",,{},"{""Palma de Mallorca"",Pontevedra,Valdemoro,Arrecife}","Primera clase",{}
"Gabriela Cardona Zayas",21663572,9,clifton.gusikowski@waldo.com,"\+56 9 6316 2708",,,,2026-03-26,854000,10,22455,Barcelona,vitoria#,93,861,61000,"SBB (Suiza)",,"{TV,Agua,""Aire acondicionado""}",{},,"{Fuenlabrada,Elda,Mataró}"
"Gilberto Saavedra Valverde",28844654,1,correo_sin_arroba.com,"\+56 2 0696 2522","56 7 8778 1939",Fonasa,"Part time",2026-12-05,6/12/2026,-6,21037,Torremolinos,Torrelavega,26!!!,3234,118000,"Virgin Trains",,"{Agua,""Asientos reclinables"",Calefacción,Comida,TV,Wifi}",{},,"{Reus,Valladolid}"
"Patricio Robledo López",10361298,5,wilmer.bogisich@viajes.cl,"\+56 9 5392 6298","56 1 5988 5125",Consalud,"Part time",2025-07-30,191000,-5,76071,Leganés,valladolid#,98!!!,1495,194000,"ÖBB (Austria)",,"{TV,Calefacción,Baño,Agua}",{},,"{Móstoles,Salamanca,""Cornellá de Llobregat""}"
"Manuel Aranda Núñez",22211149,5,lida@waldo.com,"\+56 9 1058 5245","56 2 3250 6139",,,2025-07-12,189000,-2,61076,Gecho,Marbella,23!!!,1016,38000,"Via Rail (Canadá)",,"{Wifi,""Asientos reclinables"",Calefacción}",{},,"{Mérida,Majadahonda,Torrevieja,""Molina de Segura"",Benalmádena}"
"Leticia Girón Zambrano",99.999.999-K,1,correo_sin_arroba.com,"\+56 2 2935 3456",,,,2026-09-02,774000,5,85388,Orihuela,"el puerto de santa maría#",73,1017,48000,"LNER (London North Eastern Railway)",,"{Agua,Wifi,""Asientos reclinables""}",{},,"{Alcoy,Irún,Madrid}"
"David Jiménez Concepción",4980056,8,ed@marmol.com,"\+56 2 9056 0924",,,,2025-06-27,29/4/2027,2,25232,Palencia,Cádiz,50!!!,484,101000,"Condor Bus",Semi-cama,"{Agua,Calefacción,""Aire acondicionado""}",{},,{}
"Agustín Terán Palacios",23053308,4,genie.gerhold@marmol.com,"\+56 2 1115 6652",,,,2026-04-04,984000,-4,45477,Viladecans,"pozuelo de alarcón#",37!!!,703,126000,"Pullman Bus",Cama,"{Agua,""Aire acondicionado"",Calefacción}",{},,{}
"Mayte Delao Yáñez",99.999.999-K,3,dominique@viajes.cl,"\+56 2 9740 3991",Nocturno,"Más vida","Part time",2025-09-07,612000,2,90212,Rubí,Paterna,55,2299,185000,"JR East",,"{TV,""Aire acondicionado"",Agua,""Asientos reclinables"",Wifi}",{},,"{""Santa Coloma de Gramanet"",""Santa Coloma de Gramanet""}"
"Antonio Lozano Serrato",14863163,9,xavier_towne@marmol.com,"\+56 9 0086 8683","56 1 1917 6111",,,2025-02-25,2/12/2026,7,28531,Bilbao,badajoz#,32,225,43000,"Buses Ahumada",Normal,"{Agua,""Asientos reclinables"",TV}",{},,{}
"Cristian Brito Valencia",99.999.999-K,9,elton@marmol.com,"\+56 9 5618 9176",,,,2025-04-03,11/9/2021,3,81436,"Hospitalet de LLobregat",valladolid#,33,664,82000,"Buses Nilahue",Cama,"{""Aire acondicionado"",Comida,Agua}",{},,{}
"Ernesto Cavazos Llamas",99.999.999-K,7,benton_kris@marmol.com,"\+56 9 7676 9069",,,,2025-12-17,11000,7,29992,Algeciras,"chiclana de la frontera#",39,120,29000,BoltBus,Normal,"{Baño,""Asientos reclinables"",Comida}",{},,{}
"Julio Hernández Saldaña",99.999.999-K,1,eddie.gorczany@viajes.cl,"\+56 9 8510 7841",Nocturno,Banmédica,"Full time",2025-10-30,27/1/2022,2,17751,Lugo,elche#,35!!!,596,120000,Greyhound,Cama,"{TV,""Aire acondicionado"",Comida}",{},,{}
"Ramiro Rascón Saavedra",27760951,7,clemmie@viajes.cl,"\+56 9 4079 1048",Nocturno,"Más vida","Full time",2025-04-27,26/12/2020,10,85498,Gandía,"La Línea de la Concepción",58!!!,2840,277000,AVE,,"{Agua,""Aire acondicionado"",Comida,Calefacción,Baño}",{},,"{Elda,Majadahonda,""Cornellá de Llobregat"",Valencia}"
"Sr. Mariana Villalpando Castañeda",99.999.999-K,3,correo_sin_arroba.com,"\+56 2 9586 8862","56 4 3582 7288",,,2025-11-05,717000,7,90415,Granollers,"El Prat de LLobregat",15,2746,277000,Ryanair,,{},"{Huelva,Cartagena,Albacete,""Mollet del Vallés"",Leganés}","Primera clase",{}
"Federico Cedillo Sanabria",17583285,3,sheridan@outlook.com,"\+56 2 0011 8156",,,,2026-09-04,20/3/2025,7,85211,"Mollet del Vallés",Almería,80,1102,46000,"JR East",,"{Agua,Calefacción,Comida}",{},,{Linares}
"Sta. Óscar Flórez Venegas",22269716,4,kenny@viajes.cl,"\+56 2 9870 9128","56 1 8404 1375",Consalud,"Full time",2026-10-19,14/3/2024,-3,39147,"Castellón de la Plana",alcobendas#,8,1224,109000,"ÖBB (Austria)",,"{TV,Calefacción,Baño}",{},,"{Torremolinos,Torremolinos,Santander}"
"Sta. Sara Jimínez Montalvo",99.999.999-K,1,myron_ledner@viajes.cl,"\+56 2 1642 2998",Nocturno,Consalud,"Part time",2025-09-11,635000,-8,58432,Gecho,burgos#,46!!!,337,57000,Greyhound,Normal,"{Baño,Calefacción,""Asientos reclinables""}",{},,{}
"Luis Miguel Granados Avilés",27534039,4,correo_sin_arroba.com,"\+56 2 8196 4854","56 7 1420 2163",,,2025-06-15,27/12/2028,-1,62832,Torrevieja,ferrol#,32,391,78000,Greyhound,Semi-cama,"{Baño,TV,Wifi}",{},,{}
"Maricarmen Villarreal Corona",7874280,3,correo_sin_arroba.com,"\+56 2 1490 6711","56 4 2176 5500",Fonasa,"Full time",2026-10-01,27/2/2023,-1,92232,Torremolinos,granada#,41,384,50000,ADO,Semi-cama,"{Calefacción,Agua,Baño}",{},,{}
"Cristobal Zamudio Ochoa",99.999.999-K,8,correo_sin_arroba.com,"\+56 9 4297 5783",,,,2026-05-28,20/4/2025,-1,37445,"Sanlúcar de Barrameda","Santa Coloma de Gramanet",61,2376,131000,"JR East",,"{TV,Calefacción,""Asientos reclinables"",Baño,Wifi}",{},,{}
