id;usuarioId;servicioId;calificacion;comentario
4597;2654;888;2.9;Definitivamente lo recomendaría a amigos.
8411;4823;4694;2.4;Hubo problemas con el horario, pero lo solucionaron.
4276;3971;4419;4.5;Todo estuvo increíble, especialmente el trato del personal.
7817;3058;1184;2.3;Excelente experiencia, todo salió perfecto.
7608;2694;2825;4.0;Fue una experiencia promedio, nada especial.
149;151;1866;1.9;No volvería a usar este servicio, muy decepcionante.
2971;1407;3588;3.6;Excelente experiencia, todo salió perfecto.
2267;985;774;3.0;Definitivamente lo recomendaría a amigos.
5215;2761;3012;1.1;El proceso de reserva fue muy sencillo.
7083;2460;3213;1.9;Servicio al cliente muy amable y atento.
7730;4997;3830;2.2;Definitivamente lo recomendaría a amigos.
2398;4209;4291;4.2;Las instalaciones estaban limpias y cómodas.
9452;1043;4558;1.2;El proceso de reserva fue muy sencillo.
1181;1675;28;3.8;Fue una experiencia promedio, nada especial.
9632;3282;2865;4.6;No fue lo que esperaba, pero estuvo bien.
6489;4357;1531;4.1;Hubo problemas con el horario, pero lo solucionaron.
4473;2342;4892;1.3;Definitivamente lo recomendaría a amigos.
5998;424;121;2.8;Las instalaciones estaban limpias y cómodas.
6298;1475;2836;1.9;Hubo problemas con el horario, pero lo solucionaron.
7761;1835;2000;2.0;No fue lo que esperaba, pero estuvo bien.
6376;4168;128;1.6;El proceso de reserva fue muy sencillo.
2050;672;3641;2.0;Definitivamente lo recomendaría a amigos.
9625;1161;1047;2.2;Todo estuvo increíble, especialmente el trato del personal.
2590;921;2484;4.9;Todo estuvo increíble, especialmente el trato del personal.
8394;800;1688;4.9;El proceso de reserva fue muy sencillo.
7959;4666;1742;4.4;No fue lo que esperaba, pero estuvo bien.
6249;1013;2404;4.8;El proceso de reserva fue muy sencillo.
9926;1118;3802;1.7;Hubo problemas con el horario, pero lo solucionaron.
4283;804;1207;3.8;No fue lo que esperaba, pero estuvo bien.
646;174;2837;4.2;Hubo problemas con el horario, pero lo solucionaron.
5267;909;965;1.9;Las instalaciones estaban limpias y cómodas.
1089;4589;1619;1.6;Todo estuvo increíble, especialmente el trato del personal.
5201;1619;3005;4.9;Hubo problemas con el horario, pero lo solucionaron.
6292;2039;2377;4.7;Todo estuvo increíble, especialmente el trato del personal.
5373;1059;3368;3.5;Fue una experiencia promedio, nada especial.
8483;1567;4396;4.3;Excelente experiencia, todo salió perfecto.
3572;4146;2408;2.4;El proceso de reserva fue muy sencillo.
8468;4669;3588;1.5;El proceso de reserva fue muy sencillo.
1867;3161;775;2.1;El proceso de reserva fue muy sencillo.
674;906;161;3.6;Servicio al cliente muy amable y atento.
5516;4393;1138;2.8;Definitivamente lo recomendaría a amigos.
8326;219;3787;1.6;El proceso de reserva fue muy sencillo.
5488;3704;3449;4.4;Excelente experiencia, todo salió perfecto.
1142;4074;3852;4.1;Todo estuvo increíble, especialmente el trato del personal.
1245;1452;3387;4.4;Definitivamente lo recomendaría a amigos.
1876;204;1613;2.7;El proceso de reserva fue muy sencillo.
9835;3369;4276;2.8;El proceso de reserva fue muy sencillo.
9496;2047;3213;1.2;Definitivamente lo recomendaría a amigos.
4463;4139;4154;2.5;El proceso de reserva fue muy sencillo.
9287;4966;3779;3.1;Excelente experiencia, todo salió perfecto.
4968;2458;276;1.6;El proceso de reserva fue muy sencillo.
5070;3227;1122;2.1;Las instalaciones estaban limpias y cómodas.
1750;968;1568;2.3;Servicio al cliente muy amable y atento.
9400;571;1380;1.1;Servicio al cliente muy amable y atento.
7337;4671;2662;2.3;Excelente experiencia, todo salió perfecto.
9415;2494;847;4.6;Excelente experiencia, todo salió perfecto.
5450;4771;115;4.2;Hubo problemas con el horario, pero lo solucionaron.
5712;1311;2827;2.0;Definitivamente lo recomendaría a amigos.
1010;2390;3902;4.8;El proceso de reserva fue muy sencillo.
4930;272;775;3.2;Excelente experiencia, todo salió perfecto.
4124;2142;2746;2.4;Definitivamente lo recomendaría a amigos.
334;1210;3359;2.1;El proceso de reserva fue muy sencillo.
6551;3239;220;2.7;Las instalaciones estaban limpias y cómodas.
4727;3015;509;2.3;Todo estuvo increíble, especialmente el trato del personal.
212;2376;3578;4.5;Excelente experiencia, todo salió perfecto.
7935;2922;4163;1.3;Hubo problemas con el horario, pero lo solucionaron.
5506;372;1415;3.5;Todo estuvo increíble, especialmente el trato del personal.
5426;425;3490;4.2;Fue una experiencia promedio, nada especial.
7439;722;2190;2.3;Las instalaciones estaban limpias y cómodas.
9789;1492;4992;3.3;Fue una experiencia promedio, nada especial.
4693;672;4058;3.0;No volvería a usar este servicio, muy decepcionante.
8779;1255;3695;4.7;Fue una experiencia promedio, nada especial.
2303;3567;4163;4.7;Servicio al cliente muy amable y atento.
4157;1478;3548;2.8;Hubo problemas con el horario, pero lo solucionaron.
9812;1;1323;3.2;Servicio al cliente muy amable y atento.
1324;1226;2007;3.7;No fue lo que esperaba, pero estuvo bien.
1862;3719;4831;4.1;Definitivamente lo recomendaría a amigos.
9167;2202;2564;3.1;Servicio al cliente muy amable y atento.
7240;1406;1433;4.7;Servicio al cliente muy amable y atento.
1872;2674;3450;5.0;El proceso de reserva fue muy sencillo.
4815;1291;2062;1.4;Fue una experiencia promedio, nada especial.
4329;1897;115;3.4;Las instalaciones estaban limpias y cómodas.
4592;4323;4942;1.2;No volvería a usar este servicio, muy decepcionante.
2248;396;4464;4.6;Servicio al cliente muy amable y atento.
7311;4882;4288;2.6;Servicio al cliente muy amable y atento.
2373;3407;4687;2.7;Servicio al cliente muy amable y atento.
2433;3084;2069;4.4;Las instalaciones estaban limpias y cómodas.
2075;1645;2292;3.3;Definitivamente lo recomendaría a amigos.
9844;2489;2449;3.3;El proceso de reserva fue muy sencillo.
8114;4232;3649;3.2;Servicio al cliente muy amable y atento.
7980;1197;4128;2.2;El proceso de reserva fue muy sencillo.
5797;614;992;3.5;Excelente experiencia, todo salió perfecto.
5674;2593;387;1.4;No volvería a usar este servicio, muy decepcionante.
4319;498;4154;4.5;No volvería a usar este servicio, muy decepcionante.
5109;3107;3450;3.3;Hubo problemas con el horario, pero lo solucionaron.
8967;2156;2183;2.6;Hubo problemas con el horario, pero lo solucionaron.
8964;3456;4827;3.8;Servicio al cliente muy amable y atento.
204;2604;404;2.3;Fue una experiencia promedio, nada especial.
5042;3213;2149;2.9;Las instalaciones estaban limpias y cómodas.
7425;4423;1893;3.7;Definitivamente lo recomendaría a amigos.
7596;904;4970;2.1;Hubo problemas con el horario, pero lo solucionaron.
7171;3025;471;4.7;El proceso de reserva fue muy sencillo.
4203;2353;4977;3.3;Definitivamente lo recomendaría a amigos.
4633;2008;2069;4.4;Servicio al cliente muy amable y atento.
6996;3276;668;2.5;Hubo problemas con el horario, pero lo solucionaron.
5229;4467;1426;4.7;El proceso de reserva fue muy sencillo.
8167;1502;26;1.2;Todo estuvo increíble, especialmente el trato del personal.
712;534;105;1.1;Fue una experiencia promedio, nada especial.
3220;4924;4646;2.3;El proceso de reserva fue muy sencillo.
5453;4415;4841;4.5;No volvería a usar este servicio, muy decepcionante.
9534;268;4232;2.2;Definitivamente lo recomendaría a amigos.
2290;2231;115;3.0;Todo estuvo increíble, especialmente el trato del personal.
7686;1906;1187;2.4;Excelente experiencia, todo salió perfecto.
708;364;3122;3.4;El proceso de reserva fue muy sencillo.
7210;1033;4263;4.5;No volvería a usar este servicio, muy decepcionante.
7990;3843;3490;5.0;Excelente experiencia, todo salió perfecto.
9410;3333;4393;2.8;Las instalaciones estaban limpias y cómodas.
5746;1421;1295;3.6;Todo estuvo increíble, especialmente el trato del personal.
5151;4509;1397;3.9;No fue lo que esperaba, pero estuvo bien.
2368;3484;2773;1.1;El proceso de reserva fue muy sencillo.
6631;797;1742;1.7;Servicio al cliente muy amable y atento.
1967;2088;2755;2.3;Definitivamente lo recomendaría a amigos.
3826;3547;3657;3.0;No volvería a usar este servicio, muy decepcionante.
5370;624;1956;2.8;No volvería a usar este servicio, muy decepcionante.
2417;4990;589;3.6;Servicio al cliente muy amable y atento.
8272;4897;2053;4.1;Fue una experiencia promedio, nada especial.
4940;213;4402;2.1;Servicio al cliente muy amable y atento.
758;4241;1859;3.0;El proceso de reserva fue muy sencillo.
6839;3803;3989;3.2;Todo estuvo increíble, especialmente el trato del personal.
94;717;76;2.6;No volvería a usar este servicio, muy decepcionante.
7106;1154;1163;1.2;Excelente experiencia, todo salió perfecto.
1685;390;4493;1.2;El proceso de reserva fue muy sencillo.
4670;3728;3229;3.2;Servicio al cliente muy amable y atento.
6600;481;442;2.1;Servicio al cliente muy amable y atento.
8716;4733;3196;1.3;Excelente experiencia, todo salió perfecto.
6931;3579;986;2.7;Definitivamente lo recomendaría a amigos.
7482;4815;965;2.2;Todo estuvo increíble, especialmente el trato del personal.
8674;4851;1966;1.6;Fue una experiencia promedio, nada especial.
2446;3381;2095;2.7;Hubo problemas con el horario, pero lo solucionaron.
8962;4703;589;3.8;El proceso de reserva fue muy sencillo.
5247;4688;3186;1.1;No fue lo que esperaba, pero estuvo bien.
5441;1266;3070;1.2;Las instalaciones estaban limpias y cómodas.
9100;2302;926;3.7;Excelente experiencia, todo salió perfecto.
7144;3053;4076;4.3;El proceso de reserva fue muy sencillo.
9110;4344;1035;3.6;No fue lo que esperaba, pero estuvo bien.
5044;3752;327;2.1;Todo estuvo increíble, especialmente el trato del personal.
1088;3784;2922;1.6;Excelente experiencia, todo salió perfecto.
8598;3776;2190;4.4;Definitivamente lo recomendaría a amigos.
2821;1213;4714;4.2;Todo estuvo increíble, especialmente el trato del personal.
972;1532;1622;2.4;No volvería a usar este servicio, muy decepcionante.
1028;866;138;1.0;El proceso de reserva fue muy sencillo.
2033;3764;4128;2.5;No volvería a usar este servicio, muy decepcionante.
8541;1447;2465;2.5;Las instalaciones estaban limpias y cómodas.
7777;4116;161;3.4;Las instalaciones estaban limpias y cómodas.
3248;1268;2981;3.6;Definitivamente lo recomendaría a amigos.
774;3480;3158;1.1;Servicio al cliente muy amable y atento.
9088;4092;4014;3.1;Fue una experiencia promedio, nada especial.
2616;2184;3904;4.7;Definitivamente lo recomendaría a amigos.
2116;2445;1104;4.2;Fue una experiencia promedio, nada especial.
8530;3025;2344;4.8;Definitivamente lo recomendaría a amigos.
9312;2613;4219;3.3;Todo estuvo increíble, especialmente el trato del personal.
2147;3345;945;4.0;Fue una experiencia promedio, nada especial.
1383;2588;4128;4.1;Todo estuvo increíble, especialmente el trato del personal.
4373;2280;1433;2.5;No volvería a usar este servicio, muy decepcionante.
8217;4188;4303;3.6;Fue una experiencia promedio, nada especial.
2984;1791;1231;3.9;No volvería a usar este servicio, muy decepcionante.
1186;4524;2453;4.3;Servicio al cliente muy amable y atento.
707;4848;220;4.5;Servicio al cliente muy amable y atento.
8095;1071;2288;1.1;Excelente experiencia, todo salió perfecto.
7951;3213;3536;1.6;Todo estuvo increíble, especialmente el trato del personal.
4279;3213;2478;4.8;El proceso de reserva fue muy sencillo.
9676;4271;907;1.9;Fue una experiencia promedio, nada especial.
968;893;4057;4.4;No fue lo que esperaba, pero estuvo bien.
9504;397;4692;4.2;Fue una experiencia promedio, nada especial.
2839;3172;1426;3.0;Excelente experiencia, todo salió perfecto.
58;4341;404;3.2;Hubo problemas con el horario, pero lo solucionaron.
5683;1348;2408;3.8;El proceso de reserva fue muy sencillo.
9846;550;1035;3.2;Hubo problemas con el horario, pero lo solucionaron.
3445;992;3455;3.0;Definitivamente lo recomendaría a amigos.
8378;63;2537;4.6;No fue lo que esperaba, pero estuvo bien.
6453;1310;4986;1.2;Servicio al cliente muy amable y atento.
9562;121;193;4.0;Las instalaciones estaban limpias y cómodas.
1033;2248;4999;4.0;Definitivamente lo recomendaría a amigos.
9541;345;4302;2.5;No fue lo que esperaba, pero estuvo bien.
2693;2466;1122;3.6;No volvería a usar este servicio, muy decepcionante.
4509;3401;4942;2.5;Hubo problemas con el horario, pero lo solucionaron.
5918;1212;2930;2.3;Todo estuvo increíble, especialmente el trato del personal.
8767;1719;3187;1.8;Fue una experiencia promedio, nada especial.
7469;1481;1769;4.5;Excelente experiencia, todo salió perfecto.
3972;152;1745;2.2;El proceso de reserva fue muy sencillo.
7001;1203;2794;3.6;No fue lo que esperaba, pero estuvo bien.
1050;2679;2334;2.1;Definitivamente lo recomendaría a amigos.
1314;3435;1547;2.1;No fue lo que esperaba, pero estuvo bien.
6709;3193;509;4.7;Servicio al cliente muy amable y atento.
2193;4203;3215;4.7;No volvería a usar este servicio, muy decepcionante.
7095;696;4231;1.7;No volvería a usar este servicio, muy decepcionante.
4345;2990;2806;3.0;El proceso de reserva fue muy sencillo.
9977;3397;1930;3.1;No fue lo que esperaba, pero estuvo bien.
1590;3626;3387;1.5;Definitivamente lo recomendaría a amigos.
2891;610;510;2.1;El proceso de reserva fue muy sencillo.
6579;85;2069;1.7;Servicio al cliente muy amable y atento.
4906;1880;665;4.2;Fue una experiencia promedio, nada especial.
8595;950;577;1.7;Servicio al cliente muy amable y atento.
6050;2966;2292;4.1;No volvería a usar este servicio, muy decepcionante.
2314;928;1553;3.9;Fue una experiencia promedio, nada especial.
7422;4155;1187;2.8;Hubo problemas con el horario, pero lo solucionaron.
738;3513;1299;3.9;Fue una experiencia promedio, nada especial.
7814;1248;4849;4.3;Todo estuvo increíble, especialmente el trato del personal.
4367;1684;2286;3.2;Excelente experiencia, todo salió perfecto.
9917;2076;3830;2.8;Fue una experiencia promedio, nada especial.
7731;4646;1526;4.7;El proceso de reserva fue muy sencillo.
2571;765;1952;4.1;Servicio al cliente muy amable y atento.
1043;4216;3779;4.3;No volvería a usar este servicio, muy decepcionante.
6396;3518;4568;2.9;Hubo problemas con el horario, pero lo solucionaron.
1260;4927;276;4.1;Fue una experiencia promedio, nada especial.
2824;4312;3580;1.0;Excelente experiencia, todo salió perfecto.
6810;2558;3828;2.2;Fue una experiencia promedio, nada especial.
85;4161;462;4.3;El proceso de reserva fue muy sencillo.
7069;1767;4176;3.0;Todo estuvo increíble, especialmente el trato del personal.
8685;433;1179;3.6;Definitivamente lo recomendaría a amigos.
4188;889;3471;3.0;Definitivamente lo recomendaría a amigos.
3115;3399;3777;1.4;Definitivamente lo recomendaría a amigos.
1071;4760;4653;4.9;Todo estuvo increíble, especialmente el trato del personal.
1278;1975;4489;2.5;Fue una experiencia promedio, nada especial.
4584;1776;4614;1.6;No volvería a usar este servicio, muy decepcionante.
6581;1990;4950;2.9;No volvería a usar este servicio, muy decepcionante.
56;1379;4978;4.5;Fue una experiencia promedio, nada especial.
7060;3442;4457;3.9;Las instalaciones estaban limpias y cómodas.
3481;195;2398;1.6;Las instalaciones estaban limpias y cómodas.
8007;4034;2516;1.9;No fue lo que esperaba, pero estuvo bien.
10;4629;3580;1.4;No volvería a usar este servicio, muy decepcionante.
2558;3176;1745;2.1;No volvería a usar este servicio, muy decepcionante.
4221;830;1022;3.3;Hubo problemas con el horario, pero lo solucionaron.
1211;4214;3005;1.5;No volvería a usar este servicio, muy decepcionante.
2100;2190;1924;2.2;Servicio al cliente muy amable y atento.
4068;1383;716;3.9;No volvería a usar este servicio, muy decepcionante.
5972;3090;1032;2.0;El proceso de reserva fue muy sencillo.
5384;2495;2871;1.9;Todo estuvo increíble, especialmente el trato del personal.
2915;1997;3758;3.6;El proceso de reserva fue muy sencillo.
8833;3598;3533;4.0;Todo estuvo increíble, especialmente el trato del personal.
9083;4151;3462;1.7;Fue una experiencia promedio, nada especial.
1289;201;2799;2.3;Las instalaciones estaban limpias y cómodas.
7545;2140;3615;2.9;Fue una experiencia promedio, nada especial.
4411;2759;1695;3.9;Excelente experiencia, todo salió perfecto.
9624;604;3402;4.9;Servicio al cliente muy amable y atento.
248;3738;4849;4.6;Fue una experiencia promedio, nada especial.
9898;4113;4163;3.8;El proceso de reserva fue muy sencillo.
8211;1823;2203;3.5;Hubo problemas con el horario, pero lo solucionaron.
8097;2025;2291;2.3;El proceso de reserva fue muy sencillo.
7851;4861;3907;1.1;Servicio al cliente muy amable y atento.
2586;195;775;4.4;Hubo problemas con el horario, pero lo solucionaron.
1369;2794;813;3.6;Todo estuvo increíble, especialmente el trato del personal.
6671;1093;1891;1.7;Las instalaciones estaban limpias y cómodas.
833;819;2797;2.5;Servicio al cliente muy amable y atento.
9305;89;4440;1.8;No fue lo que esperaba, pero estuvo bien.
9732;4221;3282;3.4;Fue una experiencia promedio, nada especial.
1298;3654;4813;2.8;Fue una experiencia promedio, nada especial.
7839;1821;1625;4.9;Hubo problemas con el horario, pero lo solucionaron.
8585;3740;2674;2.5;El proceso de reserva fue muy sencillo.
5256;1976;3012;2.9;Hubo problemas con el horario, pero lo solucionaron.
8264;3298;1787;2.3;Las instalaciones estaban limpias y cómodas.
9123;11;615;3.3;Las instalaciones estaban limpias y cómodas.
4177;879;4358;1.5;Hubo problemas con el horario, pero lo solucionaron.
5336;697;3817;2.2;Fue una experiencia promedio, nada especial.
775;4819;2592;2.8;Servicio al cliente muy amable y atento.
1568;1002;1360;1.7;No volvería a usar este servicio, muy decepcionante.
5509;565;3228;3.0;Definitivamente lo recomendaría a amigos.
6860;33;3169;1.4;Excelente experiencia, todo salió perfecto.
3415;2468;138;2.3;Fue una experiencia promedio, nada especial.
9641;2857;3785;2.8;Todo estuvo increíble, especialmente el trato del personal.
5195;904;2484;4.6;No volvería a usar este servicio, muy decepcionante.
2531;3000;1738;4.2;El proceso de reserva fue muy sencillo.
1189;96;3112;1.9;Fue una experiencia promedio, nada especial.
6958;2283;4558;3.4;Las instalaciones estaban limpias y cómodas.
8091;2697;2818;2.2;Servicio al cliente muy amable y atento.
3635;4577;3425;3.7;Servicio al cliente muy amable y atento.
7927;977;2601;3.8;Servicio al cliente muy amable y atento.
6447;4825;3548;1.3;Hubo problemas con el horario, pero lo solucionaron.
7219;4089;3805;3.6;Servicio al cliente muy amable y atento.
6094;3068;4992;1.9;Definitivamente lo recomendaría a amigos.
5243;658;4085;2.5;Las instalaciones estaban limpias y cómodas.
9617;185;4420;3.0;No fue lo que esperaba, pero estuvo bien.
7514;2160;2156;4.7;Las instalaciones estaban limpias y cómodas.
6245;3359;1073;3.6;No fue lo que esperaba, pero estuvo bien.
8436;112;3594;3.3;Servicio al cliente muy amable y atento.
9765;384;2311;4.7;Definitivamente lo recomendaría a amigos.
4707;1322;1979;4.0;Servicio al cliente muy amable y atento.
6037;521;2704;2.1;No fue lo que esperaba, pero estuvo bien.
665;2298;2605;2.8;Definitivamente lo recomendaría a amigos.
5852;3785;1794;2.9;Excelente experiencia, todo salió perfecto.
6183;2612;2493;1.0;Las instalaciones estaban limpias y cómodas.
5478;365;1966;3.6;Todo estuvo increíble, especialmente el trato del personal.
7899;4174;4687;3.0;No fue lo que esperaba, pero estuvo bien.
4483;4926;129;4.8;Excelente experiencia, todo salió perfecto.
5486;2608;2691;2.7;Hubo problemas con el horario, pero lo solucionaron.
7369;4753;386;1.1;Hubo problemas con el horario, pero lo solucionaron.
4197;132;2231;3.3;Hubo problemas con el horario, pero lo solucionaron.
6831;4416;246;4.9;Fue una experiencia promedio, nada especial.
5312;2351;2390;1.3;No fue lo que esperaba, pero estuvo bien.
5038;1807;2812;4.5;Hubo problemas con el horario, pero lo solucionaron.
5619;1665;942;3.2;No fue lo que esperaba, pero estuvo bien.
3686;59;3877;1.8;Fue una experiencia promedio, nada especial.
2152;2965;4614;1.7;Fue una experiencia promedio, nada especial.
4161;1873;128;3.2;Excelente experiencia, todo salió perfecto.
8912;453;4324;2.3;Hubo problemas con el horario, pero lo solucionaron.
7888;4878;2516;1.8;Las instalaciones estaban limpias y cómodas.
7119;1833;1360;2.9;Excelente experiencia, todo salió perfecto.
7787;54;4454;1.5;No fue lo que esperaba, pero estuvo bien.
7183;1620;384;1.9;Servicio al cliente muy amable y atento.
3945;305;4031;4.6;Todo estuvo increíble, especialmente el trato del personal.
6708;747;2112;3.7;Definitivamente lo recomendaría a amigos.
2736;2581;4950;3.2;Las instalaciones estaban limpias y cómodas.
9512;4622;4777;2.9;Las instalaciones estaban limpias y cómodas.
9173;2525;589;1.4;Todo estuvo increíble, especialmente el trato del personal.
7555;3469;4970;1.9;No volvería a usar este servicio, muy decepcionante.
752;855;3099;3.3;Fue una experiencia promedio, nada especial.
5661;975;3989;3.7;Las instalaciones estaban limpias y cómodas.
7870;1598;3929;4.7;Fue una experiencia promedio, nada especial.
3086;4423;4970;4.0;No volvería a usar este servicio, muy decepcionante.
6859;4228;4045;3.4;No fue lo que esperaba, pero estuvo bien.
4357;3705;4163;4.6;Todo estuvo increíble, especialmente el trato del personal.
5572;329;752;2.2;Servicio al cliente muy amable y atento.
2213;3698;3056;2.2;No fue lo que esperaba, pero estuvo bien.
1752;2738;3905;1.9;Servicio al cliente muy amable y atento.
8408;4716;3450;2.7;El proceso de reserva fue muy sencillo.
4350;1463;2745;2.7;Servicio al cliente muy amable y atento.
6945;1234;87;2.7;No volvería a usar este servicio, muy decepcionante.
9441;167;3800;2.4;Todo estuvo increíble, especialmente el trato del personal.
2294;585;319;2.5;El proceso de reserva fue muy sencillo.
5647;3638;872;3.7;El proceso de reserva fue muy sencillo.
8134;362;4244;1.8;Todo estuvo increíble, especialmente el trato del personal.
8578;347;4735;1.0;No fue lo que esperaba, pero estuvo bien.
6138;727;154;1.1;Hubo problemas con el horario, pero lo solucionaron.
9145;4836;2922;3.3;Excelente experiencia, todo salió perfecto.
3037;3633;3229;4.3;Todo estuvo increíble, especialmente el trato del personal.
129;3389;3630;2.8;Excelente experiencia, todo salió perfecto.
7392;2216;2582;2.5;Servicio al cliente muy amable y atento.
7153;1091;3647;4.1;El proceso de reserva fue muy sencillo.
4778;2299;1401;1.2;Hubo problemas con el horario, pero lo solucionaron.
1279;4859;4144;3.4;No fue lo que esperaba, pero estuvo bien.
9307;2118;1711;4.9;El proceso de reserva fue muy sencillo.
7541;2139;1481;4.4;No volvería a usar este servicio, muy decepcionante.
6092;218;1231;2.0;El proceso de reserva fue muy sencillo.
5196;2393;384;2.6;Todo estuvo increíble, especialmente el trato del personal.
8981;4377;1039;4.0;Servicio al cliente muy amable y atento.
9302;4595;2812;4.0;El proceso de reserva fue muy sencillo.
23;706;1415;2.5;Excelente experiencia, todo salió perfecto.
939;756;2375;1.1;El proceso de reserva fue muy sencillo.
5087;4230;4154;1.0;Servicio al cliente muy amable y atento.
3135;3719;560;1.1;El proceso de reserva fue muy sencillo.
5493;4648;3411;1.2;Servicio al cliente muy amable y atento.
804;237;2066;4.0;Excelente experiencia, todo salió perfecto.
6020;483;3817;2.0;Hubo problemas con el horario, pero lo solucionaron.
651;4047;3340;3.3;Las instalaciones estaban limpias y cómodas.
6536;2554;1194;2.8;Todo estuvo increíble, especialmente el trato del personal.
6151;3067;4466;2.7;Fue una experiencia promedio, nada especial.
4936;1775;1267;2.7;No volvería a usar este servicio, muy decepcionante.
1393;3775;1629;2.1;Hubo problemas con el horario, pero lo solucionaron.
4121;2120;2404;3.5;Servicio al cliente muy amable y atento.
8671;3723;4176;4.3;No fue lo que esperaba, pero estuvo bien.
4438;3785;3427;4.8;Servicio al cliente muy amable y atento.
5725;4767;2390;3.8;Fue una experiencia promedio, nada especial.
6694;3423;121;2.7;No fue lo que esperaba, pero estuvo bien.
5571;2549;4843;2.6;Fue una experiencia promedio, nada especial.
503;3354;1108;4.3;Las instalaciones estaban limpias y cómodas.
4289;3015;43;2.8;Servicio al cliente muy amable y atento.
7556;3793;1624;4.9;Las instalaciones estaban limpias y cómodas.
1521;4250;4263;3.8;Hubo problemas con el horario, pero lo solucionaron.
6673;4762;965;4.7;Excelente experiencia, todo salió perfecto.
7064;822;3187;2.6;Excelente experiencia, todo salió perfecto.
1488;3605;4796;2.7;No volvería a usar este servicio, muy decepcionante.
6378;4889;4420;2.3;Hubo problemas con el horario, pero lo solucionaron.
5314;4779;1924;4.8;Definitivamente lo recomendaría a amigos.
5563;4231;235;1.9;El proceso de reserva fue muy sencillo.
4311;2122;70;2.2;Fue una experiencia promedio, nada especial.
7223;3465;4485;2.0;Servicio al cliente muy amable y atento.
8240;4599;1932;3.7;Definitivamente lo recomendaría a amigos.
95;4041;2127;1.5;Definitivamente lo recomendaría a amigos.
5290;2361;3320;4.2;No volvería a usar este servicio, muy decepcionante.
7564;433;2848;3.4;Definitivamente lo recomendaría a amigos.
3841;3165;4266;1.4;Hubo problemas con el horario, pero lo solucionaron.
531;4512;3787;3.6;No fue lo que esperaba, pero estuvo bien.
7987;1578;4358;3.7;Excelente experiencia, todo salió perfecto.
7920;1763;2419;1.9;Hubo problemas con el horario, pero lo solucionaron.
9205;3991;138;4.2;Todo estuvo increíble, especialmente el trato del personal.
3899;3159;2466;2.5;No volvería a usar este servicio, muy decepcionante.
3278;3825;4795;3.5;No fue lo que esperaba, pero estuvo bien.
1557;456;4027;4.5;Excelente experiencia, todo salió perfecto.
4488;1459;2818;4.5;Hubo problemas con el horario, pero lo solucionaron.
4577;2314;2015;3.1;Fue una experiencia promedio, nada especial.
8640;4995;1267;4.1;Servicio al cliente muy amable y atento.
8466;518;3101;1.7;Excelente experiencia, todo salió perfecto.
380;4069;847;3.1;Todo estuvo increíble, especialmente el trato del personal.
8543;2472;442;2.7;Fue una experiencia promedio, nada especial.
1074;1830;3326;2.3;El proceso de reserva fue muy sencillo.
2179;984;847;2.5;Excelente experiencia, todo salió perfecto.
5177;331;2855;1.9;No volvería a usar este servicio, muy decepcionante.
1806;3864;4795;4.7;El proceso de reserva fue muy sencillo.
4512;2592;696;2.7;Excelente experiencia, todo salió perfecto.
3306;2499;2475;2.6;Excelente experiencia, todo salió perfecto.
1237;2652;3805;3.7;El proceso de reserva fue muy sencillo.
6412;1036;1947;4.2;El proceso de reserva fue muy sencillo.
5853;629;2420;2.2;No volvería a usar este servicio, muy decepcionante.
2275;1278;3699;3.3;Las instalaciones estaban limpias y cómodas.
2689;2816;989;1.6;El proceso de reserva fue muy sencillo.
9143;1008;3209;2.9;El proceso de reserva fue muy sencillo.
3162;3416;1751;4.7;Excelente experiencia, todo salió perfecto.
6991;1772;1108;3.5;No volvería a usar este servicio, muy decepcionante.
405;3181;3774;2.5;Excelente experiencia, todo salió perfecto.
8551;4308;3905;3.2;El proceso de reserva fue muy sencillo.
5224;824;2107;1.6;Fue una experiencia promedio, nada especial.
1554;1511;4986;2.4;No volvería a usar este servicio, muy decepcionante.
9482;3496;2083;1.6;Fue una experiencia promedio, nada especial.
9690;2017;2466;1.2;Hubo problemas con el horario, pero lo solucionaron.
262;4897;4841;1.6;No fue lo que esperaba, pero estuvo bien.
5457;3910;1283;3.3;Servicio al cliente muy amable y atento.
2503;2040;4212;3.3;Definitivamente lo recomendaría a amigos.
515;4138;3904;3.4;Fue una experiencia promedio, nada especial.
6999;4797;3387;3.5;No fue lo que esperaba, pero estuvo bien.
2046;4151;1184;3.8;Todo estuvo increíble, especialmente el trato del personal.
5126;2044;2789;1.7;Fue una experiencia promedio, nada especial.
1459;2906;4241;3.8;Hubo problemas con el horario, pero lo solucionaron.
162;2123;327;3.1;Todo estuvo increíble, especialmente el trato del personal.
6924;3456;4396;1.2;Hubo problemas con el horario, pero lo solucionaron.
9647;396;2789;3.2;Fue una experiencia promedio, nada especial.
4844;1607;2093;2.5;Fue una experiencia promedio, nada especial.
2583;1723;1856;2.7;No fue lo que esperaba, pero estuvo bien.
914;4842;1161;1.2;No volvería a usar este servicio, muy decepcionante.
753;2098;3169;1.5;Todo estuvo increíble, especialmente el trato del personal.
2283;256;531;1.6;Todo estuvo increíble, especialmente el trato del personal.
2579;2509;4241;1.7;Excelente experiencia, todo salió perfecto.
9891;3887;2445;3.1;No volvería a usar este servicio, muy decepcionante.
1604;1307;188;4.3;Hubo problemas con el horario, pero lo solucionaron.
9375;2899;580;2.4;No fue lo que esperaba, pero estuvo bien.
479;2376;166;1.6;Servicio al cliente muy amable y atento.
5164;2177;3882;2.8;Fue una experiencia promedio, nada especial.
6963;1649;3525;1.1;No volvería a usar este servicio, muy decepcionante.
3915;345;2662;4.4;Hubo problemas con el horario, pero lo solucionaron.
3076;815;235;2.6;Servicio al cliente muy amable y atento.
1220;3505;900;1.9;Servicio al cliente muy amable y atento.
5723;4941;462;4.9;Definitivamente lo recomendaría a amigos.
3369;4236;3594;3.4;El proceso de reserva fue muy sencillo.
2523;3614;3710;1.0;No fue lo que esperaba, pero estuvo bien.
1821;561;3548;4.1;Todo estuvo increíble, especialmente el trato del personal.
3081;4933;3508;3.1;Fue una experiencia promedio, nada especial.
2833;4096;1891;1.3;Definitivamente lo recomendaría a amigos.
3092;96;1983;2.0;El proceso de reserva fue muy sencillo.
1904;2437;4225;1.6;Servicio al cliente muy amable y atento.
7697;601;4002;2.3;Fue una experiencia promedio, nada especial.
1423;359;3035;3.6;No fue lo que esperaba, pero estuvo bien.
9447;4784;3967;4.2;Fue una experiencia promedio, nada especial.
40;863;2773;4.8;Servicio al cliente muy amable y atento.
2281;2765;1042;4.8;No volvería a usar este servicio, muy decepcionante.
445;3661;2792;3.2;Definitivamente lo recomendaría a amigos.
992;3594;292;3.7;Fue una experiencia promedio, nada especial.
6529;3998;2214;4.3;Excelente experiencia, todo salió perfecto.
7756;1756;3044;2.7;Las instalaciones estaban limpias y cómodas.
898;3121;2864;3.8;El proceso de reserva fue muy sencillo.
2699;4153;2069;1.0;No volvería a usar este servicio, muy decepcionante.
9564;1004;1531;4.2;Fue una experiencia promedio, nada especial.
6194;2844;1339;2.3;Hubo problemas con el horario, pero lo solucionaron.
9184;3110;4017;4.6;No volvería a usar este servicio, muy decepcionante.
8018;1550;319;4.8;Fue una experiencia promedio, nada especial.
5261;971;4577;1.1;No volvería a usar este servicio, muy decepcionante.
4132;4045;1957;4.3;Servicio al cliente muy amable y atento.
629;2939;2391;2.1;El proceso de reserva fue muy sencillo.
7294;2413;4360;3.2;Definitivamente lo recomendaría a amigos.
4258;3678;1132;3.0;No volvería a usar este servicio, muy decepcionante.
1861;4093;154;1.3;Excelente experiencia, todo salió perfecto.
1747;4987;3683;2.0;Fue una experiencia promedio, nada especial.
126;3640;4516;2.6;No volvería a usar este servicio, muy decepcionante.
8524;3134;4955;1.3;Todo estuvo increíble, especialmente el trato del personal.
9980;2240;3508;4.0;No volvería a usar este servicio, muy decepcionante.
410;2040;1211;3.5;Todo estuvo increíble, especialmente el trato del personal.
7750;2763;1751;2.5;Hubo problemas con el horario, pero lo solucionaron.
3358;3142;1333;3.0;No fue lo que esperaba, pero estuvo bien.
3947;2940;2096;3.6;El proceso de reserva fue muy sencillo.
209;3947;2641;3.8;No volvería a usar este servicio, muy decepcionante.
5399;4478;1483;2.7;Hubo problemas con el horario, pero lo solucionaron.
9444;236;2841;3.1;Todo estuvo increíble, especialmente el trato del personal.
1852;3417;2863;4.2;Todo estuvo increíble, especialmente el trato del personal.
7454;1434;3902;2.2;No fue lo que esperaba, pero estuvo bien.
6896;4869;1299;1.7;Las instalaciones estaban limpias y cómodas.
5403;4323;2292;3.7;Todo estuvo increíble, especialmente el trato del personal.
7905;122;2499;2.0;El proceso de reserva fue muy sencillo.
3657;2226;4942;2.6;No fue lo que esperaba, pero estuvo bien.
8762;1642;2629;1.7;Todo estuvo increíble, especialmente el trato del personal.
9717;2519;4646;3.2;Todo estuvo increíble, especialmente el trato del personal.
3251;2422;3393;2.0;El proceso de reserva fue muy sencillo.
7043;2703;3695;2.8;El proceso de reserva fue muy sencillo.
4638;2307;1665;1.5;Todo estuvo increíble, especialmente el trato del personal.
3883;210;3852;4.1;Definitivamente lo recomendaría a amigos.
667;4928;4030;4.1;No fue lo que esperaba, pero estuvo bien.
7949;2685;3471;2.4;No fue lo que esperaba, pero estuvo bien.
5532;4162;2516;3.2;Fue una experiencia promedio, nada especial.
8502;2530;3486;1.0;Fue una experiencia promedio, nada especial.
1547;439;4849;1.4;No fue lo que esperaba, pero estuvo bien.
9711;4074;926;4.2;Fue una experiencia promedio, nada especial.
8914;3855;4832;1.8;Fue una experiencia promedio, nada especial.
9650;1989;3277;5.0;Definitivamente lo recomendaría a amigos.
826;2425;3877;1.8;Todo estuvo increíble, especialmente el trato del personal.
371;3025;1299;2.3;Excelente experiencia, todo salió perfecto.
279;4518;1947;3.5;Fue una experiencia promedio, nada especial.
3149;1011;774;2.6;Las instalaciones estaban limpias y cómodas.
5202;755;3340;2.2;Servicio al cliente muy amable y atento.
8940;3379;3615;3.6;Hubo problemas con el horario, pero lo solucionaron.
1836;2188;4777;1.1;Todo estuvo increíble, especialmente el trato del personal.
9630;784;3401;2.9;No fue lo que esperaba, pero estuvo bien.
8198;1927;1515;1.9;Servicio al cliente muy amable y atento.
3359;2284;2936;1.8;Las instalaciones estaban limpias y cómodas.
487;3263;3186;2.4;Todo estuvo increíble, especialmente el trato del personal.
6222;2090;4787;4.2;Definitivamente lo recomendaría a amigos.
244;1054;3411;4.7;Servicio al cliente muy amable y atento.
1510;3781;1504;1.9;Definitivamente lo recomendaría a amigos.
497;3139;851;3.7;No fue lo que esperaba, pero estuvo bien.
3070;2730;1335;3.2;Hubo problemas con el horario, pero lo solucionaron.
1707;2615;2453;1.0;No volvería a usar este servicio, muy decepcionante.
6280;4786;1209;1.6;Hubo problemas con el horario, pero lo solucionaron.
6056;4494;2941;1.2;Definitivamente lo recomendaría a amigos.
2345;395;4827;4.9;Las instalaciones estaban limpias y cómodas.
2529;3551;4777;4.1;Excelente experiencia, todo salió perfecto.
6554;3024;1950;2.1;No fue lo que esperaba, pero estuvo bien.
8250;1681;3047;2.8;Definitivamente lo recomendaría a amigos.
2861;3583;1863;2.7;Fue una experiencia promedio, nada especial.
8516;1158;88;2.0;Definitivamente lo recomendaría a amigos.
9660;2762;2566;2.5;No fue lo que esperaba, pero estuvo bien.
222;4370;3490;3.5;Todo estuvo increíble, especialmente el trato del personal.
4898;4468;188;4.6;Hubo problemas con el horario, pero lo solucionaron.
9349;912;2440;2.4;No volvería a usar este servicio, muy decepcionante.
4077;74;442;4.4;Servicio al cliente muy amable y atento.
9995;883;1034;2.5;Las instalaciones estaban limpias y cómodas.
5033;1024;2564;4.1;Excelente experiencia, todo salió perfecto.
1704;2685;1386;2.7;No fue lo que esperaba, pero estuvo bien.
3509;775;3877;1.6;Definitivamente lo recomendaría a amigos.
1120;876;3277;2.8;No volvería a usar este servicio, muy decepcionante.
5646;788;564;3.1;Servicio al cliente muy amable y atento.
9413;318;4214;1.5;Definitivamente lo recomendaría a amigos.
5190;284;3079;2.1;Fue una experiencia promedio, nada especial.
6216;4432;456;1.1;Las instalaciones estaban limpias y cómodas.
7492;2522;2506;1.1;Todo estuvo increíble, especialmente el trato del personal.
3035;4139;775;1.4;Todo estuvo increíble, especialmente el trato del personal.
5502;1125;2841;3.1;El proceso de reserva fue muy sencillo.
8410;4472;2333;2.3;No fue lo que esperaba, pero estuvo bien.
4097;4223;3462;1.3;No fue lo que esperaba, pero estuvo bien.
5786;3541;356;3.0;No fue lo que esperaba, pero estuvo bien.
8752;2997;484;2.9;Fue una experiencia promedio, nada especial.
1688;1700;3032;1.2;Definitivamente lo recomendaría a amigos.
7866;267;3615;1.6;Excelente experiencia, todo salió perfecto.
9034;3942;1455;4.4;Hubo problemas con el horario, pero lo solucionaron.
1519;3524;2167;3.4;Excelente experiencia, todo salió perfecto.
3344;455;3869;4.0;Servicio al cliente muy amable y atento.
7039;285;554;2.2;El proceso de reserva fue muy sencillo.
4223;2835;4796;1.9;El proceso de reserva fue muy sencillo.
1946;1730;4986;1.4;Fue una experiencia promedio, nada especial.
3036;2477;2641;1.9;No fue lo que esperaba, pero estuvo bien.
5393;3132;711;2.2;El proceso de reserva fue muy sencillo.
7749;2420;2260;1.1;Excelente experiencia, todo salió perfecto.
3936;2490;4075;1.6;Las instalaciones estaban limpias y cómodas.
553;3535;967;1.1;Las instalaciones estaban limpias y cómodas.
6433;2560;1290;2.5;Todo estuvo increíble, especialmente el trato del personal.
1719;2736;1047;4.5;Todo estuvo increíble, especialmente el trato del personal.
7890;4137;3723;2.2;No fue lo que esperaba, pero estuvo bien.
5025;826;3130;2.9;Hubo problemas con el horario, pero lo solucionaron.
8419;4358;814;3.4;Las instalaciones estaban limpias y cómodas.
3148;296;1755;4.0;Todo estuvo increíble, especialmente el trato del personal.
2977;957;1104;1.8;Todo estuvo increíble, especialmente el trato del personal.
5611;4895;246;4.5;Definitivamente lo recomendaría a amigos.
5301;1415;748;2.0;Definitivamente lo recomendaría a amigos.
5882;3333;4176;3.3;Servicio al cliente muy amable y atento.
4807;4781;4485;3.5;Definitivamente lo recomendaría a amigos.
7942;882;965;1.2;No fue lo que esperaba, pero estuvo bien.
755;2825;2523;4.4;Hubo problemas con el horario, pero lo solucionaron.
9172;727;1018;3.1;Hubo problemas con el horario, pero lo solucionaron.
4840;2690;3085;3.3;No fue lo que esperaba, pero estuvo bien.
6490;3549;4976;1.7;Servicio al cliente muy amable y atento.
8663;1643;1194;2.8;No volvería a usar este servicio, muy decepcionante.
3368;4443;4551;3.2;No fue lo que esperaba, pero estuvo bien.
3116;1364;7;4.8;Excelente experiencia, todo salió perfecto.
7167;4439;4044;1.0;Las instalaciones estaban limpias y cómodas.
5819;2768;2148;3.1;El proceso de reserva fue muy sencillo.
7178;4213;4027;2.0;Definitivamente lo recomendaría a amigos.
5974;3938;183;4.4;Servicio al cliente muy amable y atento.
8862;480;3099;1.1;Servicio al cliente muy amable y atento.
4310;89;2498;3.8;Las instalaciones estaban limpias y cómodas.
160;3913;1784;2.4;Las instalaciones estaban limpias y cómodas.
8160;3224;1108;5.0;Fue una experiencia promedio, nada especial.
4405;1986;3512;4.3;No fue lo que esperaba, pero estuvo bien.
1630;3875;4787;1.2;Servicio al cliente muy amable y atento.
486;466;811;1.5;Excelente experiencia, todo salió perfecto.
8837;1724;2592;3.2;Definitivamente lo recomendaría a amigos.
187;870;4300;4.5;Todo estuvo increíble, especialmente el trato del personal.
9633;3228;567;1.7;El proceso de reserva fue muy sencillo.
3130;3939;1035;2.9;Servicio al cliente muy amable y atento.
5887;3632;3450;1.1;No volvería a usar este servicio, muy decepcionante.
2909;3716;4760;4.5;El proceso de reserva fue muy sencillo.
9271;2397;2671;2.5;Fue una experiencia promedio, nada especial.
3796;1246;4440;2.0;No fue lo que esperaba, pero estuvo bien.
8486;3908;2054;3.8;Definitivamente lo recomendaría a amigos.
102;894;1711;4.2;Las instalaciones estaban limpias y cómodas.
8631;1144;660;2.7;No fue lo que esperaba, pero estuvo bien.
6392;4894;386;4.3;El proceso de reserva fue muy sencillo.
7385;2506;2167;1.7;No volvería a usar este servicio, muy decepcionante.
5113;3351;4804;1.8;No volvería a usar este servicio, muy decepcionante.
7612;1189;2768;3.3;Las instalaciones estaban limpias y cómodas.
330;4955;4044;1.3;Todo estuvo increíble, especialmente el trato del personal.
243;4334;2398;1.1;No fue lo que esperaba, pero estuvo bien.
5497;3600;3189;3.5;Todo estuvo increíble, especialmente el trato del personal.
8527;786;3358;3.2;Hubo problemas con el horario, pero lo solucionaron.
6867;3143;2848;1.0;El proceso de reserva fue muy sencillo.
4810;876;4950;5.0;No fue lo que esperaba, pero estuvo bien.
5263;4695;3213;2.4;Servicio al cliente muy amable y atento.
4632;4686;468;3.7;Definitivamente lo recomendaría a amigos.
5544;158;1750;2.1;Servicio al cliente muy amable y atento.
8244;3566;3326;2.8;Hubo problemas con el horario, pero lo solucionaron.
9016;3287;2855;2.3;Servicio al cliente muy amable y atento.
6747;959;76;2.4;Hubo problemas con el horario, pero lo solucionaron.
9927;4945;4760;4.6;Excelente experiencia, todo salió perfecto.
3598;3633;88;3.2;No volvería a usar este servicio, muy decepcionante.
6289;4258;2662;3.3;Las instalaciones estaban limpias y cómodas.
1122;528;1997;3.0;Definitivamente lo recomendaría a amigos.
7620;1797;3147;2.5;No volvería a usar este servicio, muy decepcionante.
7804;2176;1130;3.8;Fue una experiencia promedio, nada especial.
4460;3085;2062;4.5;Servicio al cliente muy amable y atento.
5690;4606;2214;3.1;Todo estuvo increíble, especialmente el trato del personal.
6134;4012;1184;2.4;Servicio al cliente muy amable y atento.
865;2089;4075;3.8;Definitivamente lo recomendaría a amigos.
4871;3608;1028;3.5;Servicio al cliente muy amable y atento.
6472;4971;3157;2.8;Hubo problemas con el horario, pero lo solucionaron.
9883;1013;4291;4.1;Fue una experiencia promedio, nada especial.
8261;2240;2523;1.5;El proceso de reserva fue muy sencillo.
2790;4456;2069;1.1;Hubo problemas con el horario, pero lo solucionaron.
9787;4991;531;4.3;Servicio al cliente muy amable y atento.
8684;1562;1211;3.6;No fue lo que esperaba, pero estuvo bien.
5374;1458;2959;2.9;Fue una experiencia promedio, nada especial.
1067;2602;847;3.2;Servicio al cliente muy amable y atento.
7898;2474;101;3.0;No fue lo que esperaba, pero estuvo bien.
2633;873;3578;4.6;Hubo problemas con el horario, pero lo solucionaron.
2165;1572;2823;4.5;El proceso de reserva fue muy sencillo.
7788;1207;1593;4.6;Todo estuvo increíble, especialmente el trato del personal.
8367;1265;564;1.7;Definitivamente lo recomendaría a amigos.
8256;3172;2652;3.5;Excelente experiencia, todo salió perfecto.
2820;2826;246;4.0;Hubo problemas con el horario, pero lo solucionaron.
7028;3067;4976;4.5;No volvería a usar este servicio, muy decepcionante.
8677;613;4288;1.6;El proceso de reserva fue muy sencillo.
9024;3070;1992;1.4;Excelente experiencia, todo salió perfecto.
7776;2550;74;3.1;Excelente experiencia, todo salió perfecto.
8222;2456;3911;3.5;Fue una experiencia promedio, nada especial.
1795;3633;414;2.5;Servicio al cliente muy amable y atento.
1244;3878;2391;3.6;Hubo problemas con el horario, pero lo solucionaron.
1106;1386;1531;3.3;Todo estuvo increíble, especialmente el trato del personal.
3283;2375;877;3.6;Excelente experiencia, todo salió perfecto.
9851;2558;2503;4.5;Excelente experiencia, todo salió perfecto.
5929;2945;2994;1.8;Servicio al cliente muy amable y atento.
12;2654;4014;2.9;Definitivamente lo recomendaría a amigos.
6127;2911;4324;4.6;Servicio al cliente muy amable y atento.
2120;2051;445;4.5;Excelente experiencia, todo salió perfecto.
5425;3314;1219;4.1;Excelente experiencia, todo salió perfecto.
3226;3103;847;1.2;Todo estuvo increíble, especialmente el trato del personal.
8083;4982;4085;1.1;Servicio al cliente muy amable y atento.
219;4679;2397;4.3;Las instalaciones estaban limpias y cómodas.
4245;1741;860;4.9;Excelente experiencia, todo salió perfecto.
1916;637;4225;3.6;Fue una experiencia promedio, nada especial.
4585;3084;497;3.6;El proceso de reserva fue muy sencillo.
6934;2416;2896;3.3;Fue una experiencia promedio, nada especial.
5182;3171;183;3.4;Todo estuvo increíble, especialmente el trato del personal.
8984;1244;2069;4.5;Todo estuvo increíble, especialmente el trato del personal.
7827;2305;1964;2.1;Excelente experiencia, todo salió perfecto.
8755;4019;1401;3.1;Hubo problemas con el horario, pero lo solucionaron.
4017;4027;3588;3.3;El proceso de reserva fue muy sencillo.
8440;4581;1217;3.5;Fue una experiencia promedio, nada especial.
2756;3715;287;3.4;No volvería a usar este servicio, muy decepcionante.
6889;1034;3005;3.6;No volvería a usar este servicio, muy decepcionante.
5601;1388;4796;2.6;Las instalaciones estaban limpias y cómodas.
5813;3540;1836;2.2;Servicio al cliente muy amable y atento.
3780;355;4031;1.4;Servicio al cliente muy amable y atento.
6636;1134;4393;2.7;No volvería a usar este servicio, muy decepcionante.
7955;471;711;1.8;Todo estuvo increíble, especialmente el trato del personal.
6314;3817;2191;3.1;No volvería a usar este servicio, muy decepcionante.
7340;4150;3397;4.9;Excelente experiencia, todo salió perfecto.
6557;1998;465;1.7;Fue una experiencia promedio, nada especial.
1123;381;3733;3.1;Servicio al cliente muy amable y atento.
6667;341;2987;4.0;El proceso de reserva fue muy sencillo.
4835;3327;293;3.9;No fue lo que esperaba, pero estuvo bien.
7013;2630;4314;2.1;Las instalaciones estaban limpias y cómodas.
1452;4094;2214;3.4;No fue lo que esperaba, pero estuvo bien.
252;974;2408;1.2;Fue una experiencia promedio, nada especial.
1828;1309;4995;3.2;Todo estuvo increíble, especialmente el trato del personal.
7034;4125;4804;5.0;Todo estuvo increíble, especialmente el trato del personal.
9552;2045;3967;1.8;Definitivamente lo recomendaría a amigos.
838;3923;4777;3.6;No fue lo que esperaba, pero estuvo bien.
7864;1664;319;4.9;Todo estuvo increíble, especialmente el trato del personal.
2795;3216;3472;2.5;No fue lo que esperaba, pero estuvo bien.
7497;4084;4687;4.8;El proceso de reserva fue muy sencillo.
2429;1649;1964;3.8;Excelente experiencia, todo salió perfecto.
4749;1436;580;4.2;No fue lo que esperaba, pero estuvo bien.
599;325;2163;4.7;Todo estuvo increíble, especialmente el trato del personal.
449;498;2053;1.2;Servicio al cliente muy amable y atento.
6220;4164;497;2.1;Servicio al cliente muy amable y atento.
9978;221;678;4.4;Definitivamente lo recomendaría a amigos.
5677;1835;4419;2.6;Definitivamente lo recomendaría a amigos.
7534;3903;1983;1.7;No volvería a usar este servicio, muy decepcionante.
7154;1117;389;2.3;Hubo problemas con el horario, pero lo solucionaron.
7277;3017;3471;4.9;Hubo problemas con el horario, pero lo solucionaron.
686;248;3165;1.3;Las instalaciones estaban limpias y cómodas.
1218;4625;289;4.7;El proceso de reserva fue muy sencillo.
7661;1293;2015;3.7;Definitivamente lo recomendaría a amigos.
7716;1289;246;2.7;Definitivamente lo recomendaría a amigos.
3953;4278;188;3.9;El proceso de reserva fue muy sencillo.
1470;4236;1077;2.1;Todo estuvo increíble, especialmente el trato del personal.
3618;4529;1415;4.2;El proceso de reserva fue muy sencillo.
2847;1362;1531;4.7;Servicio al cliente muy amable y atento.
7104;4990;1550;3.5;Servicio al cliente muy amable y atento.
8390;4352;2148;4.6;Todo estuvo increíble, especialmente el trato del personal.
4570;3544;2397;4.4;Servicio al cliente muy amable y atento.
2478;4069;3771;3.6;Definitivamente lo recomendaría a amigos.
9261;3148;1613;3.8;Fue una experiencia promedio, nada especial.
4559;4808;1339;2.3;El proceso de reserva fue muy sencillo.
2379;1620;2537;2.2;Hubo problemas con el horario, pero lo solucionaron.
6682;4704;3830;3.8;Hubo problemas con el horario, pero lo solucionaron.
9330;3335;2671;1.2;Servicio al cliente muy amable y atento.
7447;3451;1859;2.3;No volvería a usar este servicio, muy decepcionante.
3243;4656;3972;1.4;Las instalaciones estaban limpias y cómodas.
794;4390;1891;1.6;Excelente experiencia, todo salió perfecto.
7993;89;434;4.3;Todo estuvo increíble, especialmente el trato del personal.
6707;4917;4263;4.6;Todo estuvo increíble, especialmente el trato del personal.
6874;4140;1640;2.3;Hubo problemas con el horario, pero lo solucionaron.
5000;3278;3133;1.1;Excelente experiencia, todo salió perfecto.
9407;1640;3481;4.5;Fue una experiencia promedio, nada especial.
8427;3009;4345;4.9;Las instalaciones estaban limpias y cómodas.
5960;4914;445;3.7;No fue lo que esperaba, pero estuvo bien.
6585;231;1365;1.6;El proceso de reserva fue muy sencillo.
791;3133;990;3.1;Hubo problemas con el horario, pero lo solucionaron.
8062;2777;4746;3.7;Excelente experiencia, todo salió perfecto.
6100;1117;3723;4.9;No volvería a usar este servicio, muy decepcionante.
647;517;3641;5.0;Excelente experiencia, todo salió perfecto.
4944;3244;4163;4.5;Fue una experiencia promedio, nada especial.
6885;1637;3835;2.5;Hubo problemas con el horario, pero lo solucionaron.
4848;2890;3609;2.1;Las instalaciones estaban limpias y cómodas.
4003;3023;3907;2.8;Servicio al cliente muy amable y atento.
5340;3474;3710;1.1;Excelente experiencia, todo salió perfecto.
761;1145;2292;4.3;Hubo problemas con el horario, pero lo solucionaron.
3084;1205;3277;2.7;No volvería a usar este servicio, muy decepcionante.
3750;2104;4419;5.0;Todo estuvo increíble, especialmente el trato del personal.
769;974;4328;4.3;Fue una experiencia promedio, nada especial.
150;2016;4777;1.2;Fue una experiencia promedio, nada especial.
6288;3877;3310;1.5;Servicio al cliente muy amable y atento.
5432;2407;4214;1.9;Todo estuvo increíble, especialmente el trato del personal.
7349;2880;1697;1.3;Todo estuvo increíble, especialmente el trato del personal.
1652;698;4698;3.4;Todo estuvo increíble, especialmente el trato del personal.
1902;3881;1077;1.9;El proceso de reserva fue muy sencillo.
6897;4261;377;4.8;Hubo problemas con el horario, pero lo solucionaron.
6330;3997;3129;1.5;Las instalaciones estaban limpias y cómodas.
9505;2571;4358;3.0;Hubo problemas con el horario, pero lo solucionaron.
885;1597;567;4.9;Fue una experiencia promedio, nada especial.
5057;2705;133;4.7;Fue una experiencia promedio, nada especial.
4385;144;2671;4.0;Excelente experiencia, todo salió perfecto.
2102;3541;3450;4.4;Todo estuvo increíble, especialmente el trato del personal.
9744;1021;560;4.5;El proceso de reserva fue muy sencillo.
6806;1193;4603;2.9;No volvería a usar este servicio, muy decepcionante.
9311;1228;3892;2.1;Definitivamente lo recomendaría a amigos.
720;2197;1219;3.0;El proceso de reserva fue muy sencillo.
9071;2669;356;4.7;Servicio al cliente muy amable y atento.
7573;392;1490;3.8;Las instalaciones estaban limpias y cómodas.
5315;3326;1568;1.0;No volvería a usar este servicio, muy decepcionante.
6043;139;4796;3.4;El proceso de reserva fue muy sencillo.
3063;4185;2671;4.7;Las instalaciones estaban limpias y cómodas.
1931;4510;2191;2.4;Fue una experiencia promedio, nada especial.
6325;3771;2855;2.9;Servicio al cliente muy amable y atento.
4772;4740;940;1.0;Fue una experiencia promedio, nada especial.
3724;3200;2979;2.7;Excelente experiencia, todo salió perfecto.
1250;4724;3548;2.6;Servicio al cliente muy amable y atento.
5900;2203;2000;3.7;Hubo problemas con el horario, pero lo solucionaron.
1499;4723;3747;5.0;Excelente experiencia, todo salió perfecto.
5082;153;2174;4.7;Las instalaciones estaban limpias y cómodas.
8384;572;1593;3.4;No volvería a usar este servicio, muy decepcionante.
5810;1126;4167;1.2;No fue lo que esperaba, pero estuvo bien.
1047;1189;3401;4.2;Fue una experiencia promedio, nada especial.
3825;2779;4176;1.8;Las instalaciones estaban limpias y cómodas.
3027;1663;2039;2.7;Excelente experiencia, todo salió perfecto.
6914;725;1188;2.0;No volvería a usar este servicio, muy decepcionante.
1755;1924;619;3.0;No fue lo que esperaba, pero estuvo bien.
202;4778;2390;1.4;Fue una experiencia promedio, nada especial.
6556;2825;4565;1.2;Definitivamente lo recomendaría a amigos.
2274;1571;4052;3.7;Servicio al cliente muy amable y atento.
5999;3017;1531;2.3;Servicio al cliente muy amable y atento.
9392;2235;1321;2.1;No volvería a usar este servicio, muy decepcionante.
6775;1691;956;4.8;Servicio al cliente muy amable y atento.
4680;3579;4687;2.7;Servicio al cliente muy amable y atento.
8055;2509;2165;1.8;Fue una experiencia promedio, nada especial.
1099;4608;4454;1.0;Fue una experiencia promedio, nada especial.
5781;1108;1403;1.5;El proceso de reserva fue muy sencillo.
6701;4757;4204;2.3;No volvería a usar este servicio, muy decepcionante.
1555;326;4831;3.9;Fue una experiencia promedio, nada especial.
4678;2091;4978;1.1;Fue una experiencia promedio, nada especial.
672;4204;1384;4.9;No volvería a usar este servicio, muy decepcionante.
1668;3247;1504;4.6;El proceso de reserva fue muy sencillo.
281;977;456;1.2;Excelente experiencia, todo salió perfecto.
2617;3160;4302;2.6;No fue lo que esperaba, pero estuvo bien.
9514;3511;1687;4.4;Fue una experiencia promedio, nada especial.
7061;668;3830;4.9;Definitivamente lo recomendaría a amigos.
6095;3491;2601;4.5;Hubo problemas con el horario, pero lo solucionaron.
920;3156;2080;2.4;Hubo problemas con el horario, pero lo solucionaron.
3855;3957;4608;4.9;Servicio al cliente muy amable y atento.
9321;3516;1525;4.7;El proceso de reserva fue muy sencillo.
6173;727;3133;3.2;No volvería a usar este servicio, muy decepcionante.
9823;1445;3040;3.3;Excelente experiencia, todo salió perfecto.
7701;1886;4049;4.7;Definitivamente lo recomendaría a amigos.
5995;1701;1187;1.7;Servicio al cliente muy amable y atento.
8636;4802;3450;1.4;Todo estuvo increíble, especialmente el trato del personal.
2223;2244;3830;2.0;El proceso de reserva fue muy sencillo.
2801;1276;3112;3.6;Todo estuvo increíble, especialmente el trato del personal.
6326;3557;161;3.5;Las instalaciones estaban limpias y cómodas.
7254;4390;356;2.6;No fue lo que esperaba, pero estuvo bien.
4841;3710;434;3.5;Fue una experiencia promedio, nada especial.
1647;793;4212;3.6;Todo estuvo increíble, especialmente el trato del personal.
5526;2999;3044;4.5;El proceso de reserva fue muy sencillo.
4575;4219;1299;2.4;No volvería a usar este servicio, muy decepcionante.
3629;4995;2630;3.7;No volvería a usar este servicio, muy decepcionante.
8025;2349;1932;1.6;Excelente experiencia, todo salió perfecto.
7795;1877;1794;3.2;El proceso de reserva fue muy sencillo.
5559;2166;4302;3.9;Excelente experiencia, todo salió perfecto.
8611;853;3079;2.8;Las instalaciones estaban limpias y cómodas.
3830;2085;696;2.8;Hubo problemas con el horario, pero lo solucionaron.
933;4954;3767;2.0;Excelente experiencia, todo salió perfecto.
3513;4047;1711;1.2;No volvería a usar este servicio, muy decepcionante.
241;3464;4402;3.0;Hubo problemas con el horario, pero lo solucionaron.
4275;3927;3112;4.9;Hubo problemas con el horario, pero lo solucionaron.
7806;408;2499;3.6;No fue lo que esperaba, pero estuvo bien.
2228;2232;4646;3.1;El proceso de reserva fue muy sencillo.
4298;4843;4603;1.9;No volvería a usar este servicio, muy decepcionante.
2796;1475;1365;1.6;No fue lo que esperaba, pero estuvo bien.
91;2010;2863;2.0;Todo estuvo increíble, especialmente el trato del personal.
8418;922;3835;2.0;Definitivamente lo recomendaría a amigos.
5272;1674;2852;4.1;Todo estuvo increíble, especialmente el trato del personal.
266;1823;4219;3.3;Las instalaciones estaban limpias y cómodas.
3961;3110;907;4.6;Definitivamente lo recomendaría a amigos.
1665;3745;1790;3.0;Hubo problemas con el horario, pero lo solucionaron.
6987;4758;1820;1.2;Las instalaciones estaban limpias y cómodas.
236;792;4986;2.5;Todo estuvo increíble, especialmente el trato del personal.
4800;2693;1696;4.5;No volvería a usar este servicio, muy decepcionante.
5608;3784;1276;4.2;Definitivamente lo recomendaría a amigos.
3798;3653;77;2.5;El proceso de reserva fue muy sencillo.
3406;2602;232;2.8;Hubo problemas con el horario, pero lo solucionaron.
8400;4237;2848;4.5;Las instalaciones estaban limpias y cómodas.
998;4700;2670;4.8;Todo estuvo increíble, especialmente el trato del personal.
8520;3427;2987;3.8;Todo estuvo increíble, especialmente el trato del personal.
4817;1464;1952;4.1;Excelente experiencia, todo salió perfecto.
1212;1940;989;4.3;Servicio al cliente muy amable y atento.
7781;434;3073;5.0;No volvería a usar este servicio, muy decepcionante.
5583;2761;281;4.5;Definitivamente lo recomendaría a amigos.
3128;436;1550;1.7;Fue una experiencia promedio, nada especial.
2691;2210;2994;2.3;No fue lo que esperaba, pero estuvo bien.
2239;1908;1909;4.6;Hubo problemas con el horario, pero lo solucionaron.
7591;1711;3595;1.5;Servicio al cliente muy amable y atento.
6302;599;2361;4.6;Excelente experiencia, todo salió perfecto.
5558;3255;235;1.2;Servicio al cliente muy amable y atento.
1168;3669;1820;3.0;Las instalaciones estaban limpias y cómodas.
460;3287;748;2.2;Excelente experiencia, todo salió perfecto.
3141;3974;1742;3.3;Todo estuvo increíble, especialmente el trato del personal.
1102;2741;580;1.3;Excelente experiencia, todo salió perfecto.
842;1727;3645;4.0;Fue una experiencia promedio, nada especial.
5102;601;3462;3.8;Excelente experiencia, todo salió perfecto.
2524;4963;1695;2.3;No volvería a usar este servicio, muy decepcionante.
2760;3655;2742;2.2;Todo estuvo increíble, especialmente el trato del personal.
2520;1728;2408;4.9;Fue una experiencia promedio, nada especial.
7816;3071;4163;3.8;Servicio al cliente muy amable y atento.
5629;757;3787;2.5;Hubo problemas con el horario, pero lo solucionaron.
5107;711;3393;1.2;Excelente experiencia, todo salió perfecto.
1101;3847;4942;4.6;Hubo problemas con el horario, pero lo solucionaron.
6108;2039;1077;3.8;Definitivamente lo recomendaría a amigos.
4082;4302;4202;1.2;No fue lo que esperaba, pero estuvo bien.
7638;1950;3722;1.7;Servicio al cliente muy amable y atento.
2016;540;3805;4.0;Todo estuvo increíble, especialmente el trato del personal.
8614;1828;4651;2.4;Hubo problemas con el horario, pero lo solucionaron.
6612;4135;4466;2.5;Fue una experiencia promedio, nada especial.
5477;877;4324;4.9;Hubo problemas con el horario, pero lo solucionaron.
4113;4872;246;1.8;Todo estuvo increíble, especialmente el trato del personal.
2387;2247;7;1.7;Excelente experiencia, todo salió perfecto.
8583;4364;377;2.9;Todo estuvo increíble, especialmente el trato del personal.
5808;2909;748;2.7;No volvería a usar este servicio, muy decepcionante.
321;4441;603;2.9;Definitivamente lo recomendaría a amigos.
9251;4875;3524;1.5;Definitivamente lo recomendaría a amigos.
8880;4143;2350;3.4;Servicio al cliente muy amable y atento.
2961;2340;1516;2.8;No volvería a usar este servicio, muy decepcionante.
6921;901;1624;3.4;Fue una experiencia promedio, nada especial.
9165;270;3710;4.9;Las instalaciones estaban limpias y cómodas.
8852;2472;4698;1.3;Excelente experiencia, todo salió perfecto.
8289;1274;2191;2.6;Excelente experiencia, todo salió perfecto.
3603;867;3892;1.9;No volvería a usar este servicio, muy decepcionante.
7359;1595;1683;4.3;Servicio al cliente muy amable y atento.
9015;2669;1484;4.3;Servicio al cliente muy amable y atento.
2395;3144;2863;4.2;Las instalaciones estaban limpias y cómodas.
6879;3582;4571;3.7;Definitivamente lo recomendaría a amigos.
7477;779;2877;1.2;Las instalaciones estaban limpias y cómodas.
3466;1058;1745;1.7;Servicio al cliente muy amable y atento.
9909;4224;3508;3.6;El proceso de reserva fue muy sencillo.
3022;3483;2837;1.1;No volvería a usar este servicio, muy decepcionante.
7272;575;2191;4.6;Fue una experiencia promedio, nada especial.
6082;651;1035;4.5;Fue una experiencia promedio, nada especial.
8155;2342;235;3.0;Excelente experiencia, todo salió perfecto.
4437;1247;3771;4.7;No volvería a usar este servicio, muy decepcionante.
9221;191;4327;1.8;Todo estuvo increíble, especialmente el trato del personal.
4870;1435;956;3.4;Fue una experiencia promedio, nada especial.
8455;998;1641;1.7;No volvería a usar este servicio, muy decepcionante.
1399;4371;4244;3.4;Fue una experiencia promedio, nada especial.
5423;1302;3767;1.6;Excelente experiencia, todo salió perfecto.
8073;984;3101;2.3;Definitivamente lo recomendaría a amigos.
3428;3110;1333;2.0;Hubo problemas con el horario, pero lo solucionaron.
8599;1192;3401;1.4;Todo estuvo increíble, especialmente el trato del personal.
9953;2312;1295;1.4;Fue una experiencia promedio, nada especial.
1420;4956;3647;4.0;Todo estuvo increíble, especialmente el trato del personal.
3158;3307;1217;4.0;Todo estuvo increíble, especialmente el trato del personal.
2127;862;4300;1.2;Definitivamente lo recomendaría a amigos.
7360;2885;3282;2.5;Excelente experiencia, todo salió perfecto.
8900;1944;129;2.0;Todo estuvo increíble, especialmente el trato del personal.
9099;2671;156;3.3;El proceso de reserva fue muy sencillo.
1927;263;4869;3.9;Definitivamente lo recomendaría a amigos.
5580;184;1867;1.6;Servicio al cliente muy amable y atento.
1307;215;484;4.9;No fue lo que esperaba, pero estuvo bien.
6501;1120;2391;4.8;Hubo problemas con el horario, pero lo solucionaron.
1532;194;1613;3.7;Hubo problemas con el horario, pero lo solucionaron.
3315;4012;1117;4.0;Hubo problemas con el horario, pero lo solucionaron.
8036;2844;2015;3.6;Excelente experiencia, todo salió perfecto.
1020;3514;926;1.2;Definitivamente lo recomendaría a amigos.
5121;4011;1258;3.9;No fue lo que esperaba, pero estuvo bien.
9073;292;3645;4.9;Excelente experiencia, todo salió perfecto.
4322;893;2165;3.8;No fue lo que esperaba, pero estuvo bien.
1993;663;835;2.7;Excelente experiencia, todo salió perfecto.
9207;3063;4186;5.0;No volvería a usar este servicio, muy decepcionante.
9762;4720;43;2.0;No fue lo que esperaba, pero estuvo bien.
9186;4699;1808;4.1;Las instalaciones estaban limpias y cómodas.
3102;2395;1217;3.5;Servicio al cliente muy amable y atento.
7440;1307;3779;1.4;Servicio al cliente muy amable y atento.
5542;3132;2683;2.7;No volvería a usar este servicio, muy decepcionante.
2134;3878;391;2.5;Las instalaciones estaban limpias y cómodas.
917;4793;564;4.7;Excelente experiencia, todo salió perfecto.
457;4812;1475;2.7;Hubo problemas con el horario, pero lo solucionaron.
3988;1246;1683;1.1;Servicio al cliente muy amable y atento.
81;2198;3127;4.3;Definitivamente lo recomendaría a amigos.
4714;3028;1483;2.4;Definitivamente lo recomendaría a amigos.
5901;1952;3593;2.1;Excelente experiencia, todo salió perfecto.
2848;1704;3047;3.9;El proceso de reserva fue muy sencillo.
604;2584;4232;3.3;Hubo problemas con el horario, pero lo solucionaron.
664;1292;803;3.8;Servicio al cliente muy amable y atento.
4361;2528;601;2.6;Excelente experiencia, todo salió perfecto.
413;2395;1972;3.3;No fue lo que esperaba, pero estuvo bien.
7140;2024;3605;3.7;Todo estuvo increíble, especialmente el trato del personal.
4987;3193;547;1.3;No fue lo que esperaba, pero estuvo bien.
130;2750;2768;2.8;Las instalaciones estaban limpias y cómodas.
558;4702;2191;4.3;Fue una experiencia promedio, nada especial.
4925;39;2435;4.4;Hubo problemas con el horario, pero lo solucionaron.
3029;817;752;4.9;No fue lo que esperaba, pero estuvo bien.
52;686;3679;2.5;Fue una experiencia promedio, nada especial.
7262;1435;1629;2.7;El proceso de reserva fue muy sencillo.
4884;3728;356;3.8;El proceso de reserva fue muy sencillo.
9575;995;4800;1.3;No fue lo que esperaba, pero estuvo bien.
2089;4348;3085;2.9;No volvería a usar este servicio, muy decepcionante.
2484;2625;319;4.2;No fue lo que esperaba, pero estuvo bien.
5666;2203;1526;2.7;Hubo problemas con el horario, pero lo solucionaron.
1617;1411;3787;3.0;El proceso de reserva fue muy sencillo.
9970;2782;2174;4.8;El proceso de reserva fue muy sencillo.
3094;4974;1515;4.0;El proceso de reserva fue muy sencillo.
5004;3248;2981;1.8;No volvería a usar este servicio, muy decepcionante.
7314;1643;2936;2.1;Fue una experiencia promedio, nada especial.
7550;939;2662;2.2;Definitivamente lo recomendaría a amigos.
8766;2163;2954;1.5;Definitivamente lo recomendaría a amigos.
6196;1374;877;1.1;Excelente experiencia, todo salió perfecto.
7344;2425;1625;3.6;No volvería a usar este servicio, muy decepcionante.
3477;4704;2773;2.1;Excelente experiencia, todo salió perfecto.
7877;3542;4440;4.8;Hubo problemas con el horario, pero lo solucionaron.
2467;4197;1995;1.6;El proceso de reserva fue muy sencillo.
2328;4200;1043;2.4;El proceso de reserva fue muy sencillo.
6201;3127;1750;3.2;No fue lo que esperaba, pero estuvo bien.
9761;558;1646;3.9;El proceso de reserva fue muy sencillo.
1378;3347;4892;2.5;El proceso de reserva fue muy sencillo.
3142;2248;1899;4.5;Fue una experiencia promedio, nada especial.
8896;3585;1207;2.0;No volvería a usar este servicio, muy decepcionante.
232;1542;1077;3.6;Definitivamente lo recomendaría a amigos.
370;4048;2848;2.0;Fue una experiencia promedio, nada especial.
7404;2977;1415;2.3;Las instalaciones estaban limpias y cómodas.
4941;1451;1531;2.5;Hubo problemas con el horario, pero lo solucionaron.
6261;4176;4350;2.4;El proceso de reserva fue muy sencillo.
7875;509;1185;3.3;Las instalaciones estaban limpias y cómodas.
2930;517;1219;3.8;El proceso de reserva fue muy sencillo.
877;2418;2499;4.0;Servicio al cliente muy amable y atento.
9199;4089;2466;3.6;Fue una experiencia promedio, nada especial.
5092;609;219;3.2;Hubo problemas con el horario, pero lo solucionaron.
7078;159;4906;4.1;Todo estuvo increíble, especialmente el trato del personal.
8480;3286;220;1.4;Hubo problemas con el horario, pero lo solucionaron.
9701;4258;2163;4.1;No fue lo que esperaba, pero estuvo bien.
5012;1651;567;1.8;Hubo problemas con el horario, pero lo solucionaron.
313;2234;406;3.3;Todo estuvo increíble, especialmente el trato del personal.
6114;3635;2807;4.5;Fue una experiencia promedio, nada especial.
1194;2497;1194;4.5;Definitivamente lo recomendaría a amigos.
6792;521;2029;3.3;Hubo problemas con el horario, pero lo solucionaron.
5072;2660;281;2.6;Definitivamente lo recomendaría a amigos.
8549;2316;1108;1.3;No fue lo que esperaba, pero estuvo bien.
3654;1847;1794;1.1;No volvería a usar este servicio, muy decepcionante.
7015;2214;2674;4.2;Todo estuvo increíble, especialmente el trato del personal.
1520;1414;3044;2.0;No fue lo que esperaba, pero estuvo bien.
