id;tipo;nombre;ubicacion;precio
4345;Hotel;Watson LLC;East Hannahside;701.35
465;Vuelo;Jordan, Medina and Sosa;South Nicholastown;849.46
302;Transporte;Lopez, Williams and Mcconnell;Morrisberg;723.55
1034;Transporte;Perry-Kirk;East John;578.24
1820;Airbnb;Martinez-Day;East Hannahside;871.4
1484;Vuelo;Peterson, Peters and Fitzpatrick;East Jordan;776.28
3083;Vuelo;Walters-Martinez;Bellland;45.84
2683;Transporte;Chandler, Smith and Ryan;South Norman;103.84
2478;Vuelo;Jennings-Horne;New Angela;735.97
1048;Airbnb;Jordan, Medina and Sosa;Lake Dwayne;846.97
2812;Airbnb;Murphy, Higgins and Montes;Huntview;470.75
3605;Transporte;Liu Group;Sanchezview;748.33
3508;Transporte;Ward, Bailey and Middleton;East John;204.29
2027;Hotel;Wright-Lee;Arroyoside;272.24
2331;Transporte;Burgess-Hanna;South Nicholastown;402.1
4694;Entretenimiento;Rivera, Alexander and Wells;Myerston;727.0
1415;Vuelo;Wells-Castillo;Bellland;108.13
900;Airbnb;Rodriguez Inc;East John;986.29
2043;Hotel;Holt, Wright and Hayes;South Crystalland;794.62
2090;Entretenimiento;Moreno and Sons;East Stephenfurt;912.08
246;Vuelo;Ferrell-Crane;New Stevenville;575.22
3099;Airbnb;Hoover-Lewis;West Barbara;717.2
4787;Airbnb;Lopez, Williams and Mcconnell;North Paulmouth;14.82
1335;Airbnb;George Ltd;Porterstad;331.4
2629;Airbnb;George Ltd;Williamsburgh;828.83
59;Hotel;George Ltd;Martinezbury;860.64
1750;Airbnb;Long-Cooper;Myerston;294.58
1286;Vuelo;Burgess-Hanna;Harpershire;919.81
1894;Airbnb;Davis Group;West Barbara;29.68
780;Airbnb;Murphy, Higgins and Montes;Myerston;978.29
967;Transporte;Peterson, Peters and Fitzpatrick;Judithburgh;857.45
4076;Transporte;Mcclure PLC;Arroyoside;267.36
3158;Vuelo;Rodriguez Inc;North Zacharyland;766.94
1092;Transporte;Wells-Castillo;New Angela;485.19
3180;Vuelo;Richardson Group;Martinezbury;710.52
613;Transporte;Mcclure PLC;South Nicholastown;221.64
3580;Entretenimiento;Johnson-Larson;East Jessicafurt;27.97
1291;Entretenimiento;Jordan, Medina and Sosa;Bellland;202.2
2742;Hotel;Liu Group;West Barbara;640.04
4157;Entretenimiento;Davis Group;New Danielberg;72.65
3434;Airbnb;Alexander LLC;Scottfurt;408.68
2841;Hotel;Liu Group;East Christopherstad;688.1
3801;Hotel;Richardson Group;New Stevenville;353.05
2408;Hotel;Schmidt-Allen;New Danielberg;710.79
3012;Transporte;Jennings-Horne;Sanchezview;861.76
4058;Transporte;Cruz, Woodard and Adams;South Crystalland;623.46
1035;Airbnb;Davis Inc;Whitemouth;444.6
2408;Transporte;Thompson and Sons;Guerrerofort;822.35
1184;Hotel;Rivera, Alexander and Wells;West Matthew;259.94
3594;Airbnb;Peterson, Peters and Fitzpatrick;North Paulmouth;681.34
4906;Hotel;Schmidt-Allen;Lake Amyberg;304.89
2453;Vuelo;Liu Group;North Jesse;723.53
3510;Entretenimiento;Hoover-Lewis;New Stevenville;154.91
223;Vuelo;Mcclure PLC;Harpershire;423.6
2061;Hotel;Wells-Castillo;West Matthew;937.42
1077;Airbnb;Davis Inc;Rhodesmouth;801.84
4420;Entretenimiento;Jennings-Horne;Myerston;269.75
4788;Entretenimiento;Peterson, Peters and Fitzpatrick;Martinezbury;789.24
774;Transporte;Miller and Sons;New Angela;465.44
3083;Airbnb;Thompson and Sons;New Danielberg;808.1
2361;Hotel;Thompson and Sons;New Angela;633.17
3914;Hotel;Pollard PLC;South Nicholastown;84.49
367;Entretenimiento;Hubbard-Bell;Lake Dwayne;96.14
3291;Airbnb;Moreno and Sons;New Angela;877.76
4214;Entretenimiento;Smith-Webster;Rhodesmouth;57.72
3280;Transporte;Burgess-Hanna;Myerston;256.4
963;Transporte;Wright-Lee;East Stephenfurt;13.97
2662;Transporte;Watson LLC;Huntview;307.41
3710;Entretenimiento;May-Patterson;New Danielberg;302.22
3133;Entretenimiento;Phillips-Johnson;East John;911.91
965;Airbnb;Hubbard-Bell;South Norman;401.62
4761;Transporte;Moreno and Sons;Judithburgh;977.59
2621;Airbnb;Perry-Kirk;Sanchezview;183.4
3280;Transporte;May-Patterson;Lake Alvin;816.56
806;Hotel;Alexander LLC;Sanchezview;649.54
3710;Hotel;Lopez, Williams and Mcconnell;South Crystalland;791.87
4787;Vuelo;Hoover-Lewis;New Danielberg;205.4
2812;Vuelo;Mcclure PLC;Lake Williamfort;383.85
2836;Transporte;Johnson Inc;Lake Amyberg;921.98
1624;Hotel;Hamilton and Sons;Mccoybury;424.61
456;Hotel;Potts Ltd;North Zacharyland;673.15
2516;Entretenimiento;Holt, Wright and Hayes;North Paulmouth;416.95
3512;Airbnb;Alexander LLC;South Kenneth;865.67
3892;Entretenimiento;Holt, Wright and Hayes;East Hannahside;407.18
4698;Transporte;Wright-Lee;Lake Dianashire;370.58
4002;Hotel;Moreno and Sons;Jamesborough;860.44
3785;Hotel;Liu Group;Rhodesmouth;203.82
1070;Transporte;May-Patterson;East Jordan;780.98
220;Hotel;Moreno and Sons;New Stevenville;146.47
4608;Vuelo;Rodriguez Inc;Scottfurt;210.59
4303;Hotel;Long-Cooper;East John;610.53
3129;Vuelo;Johnson Inc;Lake Alvin;461.26
465;Entretenimiento;Davis-Smith;Fosterhaven;689.77
4760;Vuelo;Liu Group;New Jennifer;100.26
2203;Vuelo;Mcclure PLC;Jamesborough;438.6
170;Transporte;Chandler, Smith and Ryan;South Kenneth;107.88
4480;Transporte;Davis Group;North Brittanychester;452.85
2149;Hotel;Smith-Webster;West Matthew;436.64
990;Hotel;Burgess-Hanna;Lake Amyberg;992.97
3056;Transporte;Davis-Smith;Whitemouth;992.63
2093;Transporte;Potts Ltd;East Hannahside;255.69
287;Entretenimiento;Pollard PLC;New Stevenville;293.58
851;Vuelo;Pollard PLC;Huntview;639.24
4843;Airbnb;Gilmore, Hays and Collier;Lake Williamfort;842.48
3358;Entretenimiento;Watson LLC;East Christopherstad;250.57
4432;Vuelo;Richardson Group;South Norman;543.7
4327;Transporte;Pollard PLC;Huntview;316.42
4571;Airbnb;Villanueva, Pace and Mueller;South Kenneth;737.69
1077;Hotel;Mcclure PLC;North Paulmouth;863.85
4516;Vuelo;Chandler, Smith and Ryan;Johnsonhaven;554.0
468;Transporte;Perry-Kirk;North Paulmouth;188.37
232;Entretenimiento;Lopez, Williams and Mcconnell;Johnsonhaven;77.94
1043;Hotel;Cox, Clark and Jackson;Martinezbury;591.07
1458;Transporte;Jennings-Horne;Harpershire;549.31
289;Transporte;Rivera, Alexander and Wells;Port Michael;308.01
577;Vuelo;Moreno and Sons;Fosterhaven;810.23
1687;Hotel;Schmidt-Allen;Lake Dianashire;983.38
3641;Airbnb;Murphy, Higgins and Montes;East Christopherstad;709.86
2865;Airbnb;Holt, Wright and Hayes;West Matthew;246.64
4577;Vuelo;Rivera, Alexander and Wells;Lake Dianashire;808.93
2841;Entretenimiento;Miller and Sons;South Crystalland;11.17
3450;Vuelo;Ward, Bailey and Middleton;Lake Amyberg;330.34
2408;Airbnb;Richardson Group;Porterstad;479.42
4045;Airbnb;Villanueva, Pace and Mueller;South Nicholastown;245.19
73;Airbnb;Davis Group;Williamsburgh;555.77
4832;Transporte;Wells-Castillo;Sanchezview;868.43
696;Airbnb;Watson LLC;New Stevenville;806.01
4833;Hotel;Davis Inc;South Crystalland;346.26
666;Vuelo;Johnson Inc;Mccoybury;272.36
1227;Vuelo;Richardson Group;Guerrerofort;942.52
2107;Entretenimiento;Davis Inc;Kathleenbury;154.9
2226;Vuelo;Villanueva, Pace and Mueller;Williamsburgh;442.99
2523;Airbnb;Cox, Clark and Jackson;Sanchezview;61.72
3942;Transporte;Martinez-Day;Jamesborough;172.38
2523;Transporte;Johnson Inc;South Norman;992.14
3578;Airbnb;Rivera, Alexander and Wells;South Nicholastown;174.61
3009;Vuelo;Jordan, Medina and Sosa;Jamesborough;51.82
1947;Entretenimiento;Smith-Webster;East Joelborough;129.37
2361;Airbnb;Villanueva, Pace and Mueller;New Stevenville;881.19
3905;Vuelo;Ferrell-Crane;Lake Amyberg;442.57
2350;Vuelo;Miller and Sons;East Hannahside;36.65
2391;Airbnb;Davis-Smith;Allenside;78.9
1160;Transporte;Davis Inc;South Crystalland;22.09
4393;Vuelo;Hamilton and Sons;Bellland;78.93
206;Hotel;Pollard PLC;South Kenneth;213.49
926;Transporte;Jennings-Horne;Scottfurt;667.79
1825;Vuelo;Liu Group;Fosterhaven;989.91
1365;Vuelo;Davis Inc;Whitemouth;417.99
4892;Airbnb;Lopez, Williams and Mcconnell;East Christopherstad;543.51
1348;Hotel;Jordan, Medina and Sosa;Kathleenbury;768.64
1856;Transporte;Jordan, Medina and Sosa;East John;140.4
3830;Airbnb;George Ltd;Judithburgh;944.44
2069;Airbnb;Davis-Smith;New Angela;912.53
246;Entretenimiento;Davis Inc;Martinezbury;537.29
2150;Vuelo;Wright-Lee;Lake Maria;915.2
3130;Transporte;Hamilton and Sons;East Jessicafurt;898.61
3099;Hotel;Potts Ltd;Mccoybury;920.93
1745;Vuelo;Smith-Webster;Lake Williamfort;920.4
1750;Hotel;George Ltd;Arroyoside;378.79
2053;Entretenimiento;Pollard PLC;New Angela;370.74
1875;Airbnb;Wells-Castillo;West Barbara;134.22
1751;Hotel;Long-Cooper;Lake Dianashire;609.78
3595;Entretenimiento;Moreno and Sons;Myerston;915.87
4569;Entretenimiento;Moreno and Sons;Sanchezview;70.9
4045;Entretenimiento;Pollard PLC;East Joelborough;20.86
1185;Vuelo;Mcclure PLC;North Zacharyland;314.4
4795;Hotel;Huffman-Curtis;Guerrerofort;728.92
2864;Transporte;Chandler, Smith and Ryan;Judithburgh;876.87
1217;Airbnb;May-Patterson;Lake Maria;223.0
2954;Vuelo;Moreno and Sons;East Stephenfurt;769.23
3758;Hotel;Wells-Castillo;Lake Dianashire;943.99
3130;Vuelo;Davis, Carey and Henry;Mccoybury;808.63
2506;Transporte;Villanueva, Pace and Mueller;Guerrerofort;482.26
356;Hotel;Hoover-Lewis;Myerston;900.67
2172;Entretenimiento;Villanueva, Pace and Mueller;Sanchezview;237.38
4473;Hotel;Schmidt-Allen;Myerston;364.63
3105;Airbnb;George Ltd;East Hannahside;823.99
4603;Vuelo;Jordan, Medina and Sosa;South Norman;755.11
4516;Entretenimiento;May-Patterson;West Barbara;575.42
1751;Transporte;Moreno and Sons;Mccoybury;895.85
4420;Hotel;Johnson-Larson;East Hannahside;44.82
2529;Transporte;Lopez, Williams and Mcconnell;Myerston;359.02
1952;Entretenimiento;Burgess-Hanna;New Danielberg;27.83
3277;Hotel;Villanueva, Pace and Mueller;North Zacharyland;870.07
3989;Transporte;Jennings-Horne;South Crystalland;61.69
4457;Entretenimiento;Rivera, Alexander and Wells;South Norman;361.54
4832;Entretenimiento;Hamilton and Sons;Arroyoside;407.16
847;Airbnb;Johnson-Larson;Whitemouth;105.77
1414;Transporte;Watson LLC;Lake Amyberg;722.05
1323;Entretenimiento;Ward, Bailey and Middleton;East Hannahside;284.18
2397;Entretenimiento;George Ltd;South Crystalland;857.95
4692;Hotel;Davis-Smith;North Brittanychester;582.6
1187;Airbnb;Johnson Inc;Huntview;934.68
1621;Airbnb;Cox, Clark and Jackson;Port Michael;757.35
3401;Airbnb;Wells-Castillo;North Paulmouth;85.68
2981;Vuelo;Burgess-Hanna;Huntview;962.99
3048;Airbnb;Thompson and Sons;Fosterhaven;405.49
3593;Vuelo;Walters-Martinez;North Paulmouth;115.89
1381;Transporte;Cruz, Woodard and Adams;Lake Williamfort;951.05
4285;Vuelo;George Ltd;South Crystalland;739.83
1659;Airbnb;Davis, Carey and Henry;South Norman;391.56
2288;Transporte;Burgess-Hanna;Kathleenbury;210.96
2062;Airbnb;Morgan Inc;South Crystalland;638.57
2311;Entretenimiento;May-Patterson;North Brittanychester;860.14
1983;Transporte;Richardson Group;Myerston;444.58
3817;Airbnb;Hamilton and Sons;Bellland;465.12
2311;Transporte;Cruz, Woodard and Adams;Huntview;964.96
4832;Transporte;Liu Group;North Zacharyland;26.66
2080;Entretenimiento;Jordan, Medina and Sosa;East Hannahside;350.58
965;Transporte;Davis-Smith;Kathleenbury;528.21
4204;Entretenimiento;Hoover-Lewis;North Jesse;104.09
3042;Airbnb;Wells-Castillo;North Brittanychester;331.69
468;Airbnb;Villanueva, Pace and Mueller;Lake Williamfort;942.69
4202;Vuelo;Thompson and Sons;New Danielberg;238.76
3401;Vuelo;Pollard PLC;Martinezbury;56.22
992;Transporte;Smith-Webster;Lake Alvin;787.55
814;Entretenimiento;Hughes, Mclaughlin and Mullins;New Stevenville;528.64
456;Hotel;Jordan, Medina and Sosa;Morrisberg;981.89
3083;Airbnb;Rivera, Alexander and Wells;Lake Williamfort;129.48
4848;Hotel;Perry-Kirk;Bellland;160.42
2746;Transporte;Hamilton and Sons;Morrisberg;624.66
73;Transporte;Johnson Inc;Lake Amyberg;911.6
442;Transporte;Wright-Lee;East John;107.51
3393;Entretenimiento;Liu Group;North Jesse;871.74
4327;Hotel;Lopez, Williams and Mcconnell;New Angela;583.58
3508;Airbnb;Potts Ltd;Johnsonhaven;34.5
1696;Vuelo;Burgess-Hanna;Arroyoside;105.56
3397;Hotel;Hubbard-Bell;Jamesborough;469.63
1613;Airbnb;Johnson Inc;Scottfurt;295.02
2621;Entretenimiento;Watson LLC;Lake Williamfort;136.21
4569;Transporte;Ferrell-Crane;Morrisberg;294.91
2922;Hotel;Peterson, Peters and Fitzpatrick;Williamsburgh;950.48
4796;Vuelo;Cruz, Woodard and Adams;Lake Dwayne;808.13
603;Airbnb;Huffman-Curtis;East Nicolestad;627.77
2823;Vuelo;Morgan Inc;East Jordan;32.76
1930;Entretenimiento;Gilmore, Hays and Collier;Harpershire;787.1
4345;Transporte;Perry-Kirk;North Paulmouth;540.31
1902;Airbnb;Burgess-Hanna;Huntview;248.85
251;Entretenimiento;Cox, Clark and Jackson;Mccoybury;972.78
404;Entretenimiento;Thompson and Sons;Sanchezview;39.3
4285;Transporte;Phillips-Johnson;Martinezbury;148.84
3073;Transporte;Johnson Inc;New Jennifer;510.61
3438;Vuelo;Lopez, Williams and Mcconnell;New Danielberg;437.45
2799;Entretenimiento;Mcclure PLC;Bellland;77.27
456;Airbnb;Davis, Carey and Henry;East Jessicafurt;307.78
133;Vuelo;Thompson and Sons;North Zacharyland;338.79
1073;Airbnb;Hamilton and Sons;Bellland;246.24
4788;Transporte;Peterson, Peters and Fitzpatrick;New Angela;514.61
4746;Vuelo;Jordan, Medina and Sosa;Lake Dwayne;183.13
1397;Entretenimiento;Alexander LLC;Arroyoside;676.8
942;Vuelo;Cruz, Woodard and Adams;Johnsonhaven;721.2
777;Vuelo;Johnson-Larson;New Jennifer;453.61
3277;Vuelo;Hubbard-Bell;West Matthew;213.71
2753;Airbnb;Smith-Webster;Harpershire;579.14
77;Hotel;Rivera, Alexander and Wells;East Joelborough;671.47
3660;Hotel;Moreno and Sons;South Norman;592.3
2566;Entretenimiento;Ferrell-Crane;Lake Dwayne;546.81
3340;Entretenimiento;Jordan, Medina and Sosa;Williamsburgh;818.85
4735;Entretenimiento;Moreno and Sons;East Joelborough;569.65
4075;Transporte;Schmidt-Allen;Martinezbury;404.31
3101;Entretenimiento;Jennings-Horne;Martinezbury;27.27
4892;Airbnb;Hughes, Mclaughlin and Mullins;South Kenneth;576.83
251;Vuelo;Lopez, Williams and Mcconnell;New Danielberg;594.18
2518;Airbnb;Hubbard-Bell;Bellland;545.36
4212;Hotel;Davis Inc;East John;448.87
4480;Transporte;Hamilton and Sons;Whitemouth;227.67
1092;Hotel;Potts Ltd;South Crystalland;43.83
777;Airbnb;Hamilton and Sons;Harpershire;396.64
1333;Transporte;Johnson Inc;Port Michael;412.78
1360;Entretenimiento;Watson LLC;West Barbara;490.98
4848;Airbnb;Moreno and Sons;North Brittanychester;626.91
2860;Vuelo;Jordan, Medina and Sosa;New Stevenville;343.7
4942;Transporte;Ward, Bailey and Middleton;South Kenneth;121.18
4302;Hotel;Ward, Bailey and Middleton;East Jessicafurt;297.67
2499;Entretenimiento;Huffman-Curtis;East Jessicafurt;471.77
1695;Entretenimiento;Mcclure PLC;South Kenneth;865.39
961;Hotel;Thomas, Taylor and Johnson;Allenside;375.61
4581;Vuelo;Rodriguez Inc;Allenside;763.7
4489;Entretenimiento;Thomas, Taylor and Johnson;Lake Williamfort;290.42
2794;Vuelo;Lopez, Williams and Mcconnell;Johnsonhaven;999.46
1525;Transporte;Long-Cooper;Lake Alvin;43.95
4302;Transporte;Cruz, Woodard and Adams;Port Michael;71.25
1553;Airbnb;Liu Group;Mccoybury;93.12
2629;Hotel;Hamilton and Sons;Whitemouth;977.23
1711;Airbnb;Davis-Smith;East Jessicafurt;930.1
3609;Entretenimiento;Hamilton and Sons;Mccoybury;503.93
2278;Airbnb;Thompson and Sons;Judithburgh;473.46
3393;Airbnb;Wells-Castillo;Kathleenbury;743.04
3722;Transporte;Jennings-Horne;South Crystalland;907.48
4950;Vuelo;Villanueva, Pace and Mueller;Arroyoside;467.92
471;Hotel;Moreno and Sons;Mccoybury;896.17
2503;Transporte;Phillips-Johnson;New Danielberg;501.2
4027;Hotel;Phillips-Johnson;South Norman;266.37
3042;Hotel;Cruz, Woodard and Adams;Myerston;140.23
2776;Vuelo;Peterson, Peters and Fitzpatrick;North Zacharyland;557.54
4885;Entretenimiento;Perry-Kirk;East Jessicafurt;73.38
3471;Hotel;Hughes, Mclaughlin and Mullins;Kathleenbury;332.45
4942;Vuelo;Davis Inc;Allenside;700.67
3073;Transporte;Alexander LLC;Johnsonhaven;539.88
2334;Vuelo;Burgess-Hanna;Port Michael;381.09
708;Hotel;Davis Inc;Fosterhaven;416.27
4328;Vuelo;May-Patterson;East Nicolestad;392.63
1983;Transporte;Martinez-Day;New Jennifer;327.23
4942;Airbnb;Cruz, Woodard and Adams;South Kenneth;596.26
2797;Vuelo;Davis, Carey and Henry;Morrisberg;425.98
154;Airbnb;Villanueva, Pace and Mueller;Lake Alvin;170.18
4992;Hotel;Schmidt-Allen;East Jordan;380.06
708;Hotel;Hoover-Lewis;North Brittanychester;579.03
1820;Vuelo;Alexander LLC;East Stephenfurt;270.46
3657;Hotel;Ferrell-Crane;East Christopherstad;254.81
4219;Airbnb;Rodriguez Inc;Judithburgh;436.35
2226;Airbnb;Hughes, Mclaughlin and Mullins;Guerrerofort;958.56
391;Hotel;Villanueva, Pace and Mueller;Lake Amyberg;455.02
3486;Airbnb;Phillips-Johnson;Harpershire;397.14
2740;Hotel;Cruz, Woodard and Adams;Harpershire;945.45
1123;Entretenimiento;Miller and Sons;Port Michael;52.01
4362;Vuelo;Burgess-Hanna;Whitemouth;763.79
1553;Hotel;Jordan, Medina and Sosa;East Christopherstad;520.06
4995;Vuelo;May-Patterson;New Danielberg;392.59
4163;Entretenimiento;Johnson Inc;South Nicholastown;378.7
947;Hotel;Jennings-Horne;South Nicholastown;513.86
752;Vuelo;Miller and Sons;Whitemouth;601.29
2478;Vuelo;Phillips-Johnson;South Nicholastown;713.96
1323;Airbnb;Rivera, Alexander and Wells;Lake Alvin;722.92
2465;Airbnb;Cox, Clark and Jackson;New Stevenville;408.41
347;Entretenimiento;Thompson and Sons;Bellland;207.35
4623;Hotel;Perry-Kirk;South Norman;842.5
4219;Hotel;Phillips-Johnson;Judithburgh;567.76
3771;Vuelo;Hoover-Lewis;East John;94.94
2888;Entretenimiento;Johnson Inc;East Jessicafurt;591.39
1207;Vuelo;Wright-Lee;Lake Alvin;731.44
3310;Airbnb;Gilmore, Hays and Collier;Lake Williamfort;673.19
3609;Vuelo;Schmidt-Allen;New Danielberg;862.52
3559;Hotel;Liu Group;Mccoybury;477.32
4186;Airbnb;Rivera, Alexander and Wells;West Barbara;342.57
4219;Vuelo;Richardson Group;Johnsonhaven;571.78
2981;Hotel;Hubbard-Bell;South Norman;788.72
4892;Hotel;Johnson Inc;North Zacharyland;938.73
3586;Transporte;Hoover-Lewis;Lake Amyberg;221.52
3907;Entretenimiento;Walters-Martinez;Myerston;691.69
2397;Vuelo;Wright-Lee;North Brittanychester;622.54
3588;Hotel;Thompson and Sons;New Jennifer;165.27
497;Vuelo;Villanueva, Pace and Mueller;Arroyoside;662.23
2435;Hotel;Peterson, Peters and Fitzpatrick;Port Michael;529.29
3295;Entretenimiento;Murphy, Higgins and Montes;Fosterhaven;323.08
2107;Entretenimiento;Johnson-Larson;Jamesborough;448.48
281;Transporte;Moreno and Sons;Harpershire;456.15
4214;Hotel;Holt, Wright and Hayes;West Barbara;413.89
484;Hotel;Ward, Bailey and Middleton;New Angela;216.08
4157;Transporte;Phillips-Johnson;Lake Dianashire;929.29
3040;Vuelo;Holt, Wright and Hayes;West Matthew;485.47
3249;Transporte;Walters-Martinez;South Kenneth;24.86
3190;Hotel;Hoover-Lewis;East Nicolestad;269.18
999;Entretenimiento;Rodriguez Inc;Scottfurt;708.83
3490;Vuelo;Pollard PLC;South Nicholastown;385.71
1455;Transporte;Mcclure PLC;Bellland;726.59
4651;Hotel;Martinez-Day;Jamesborough;650.95
615;Transporte;Jordan, Medina and Sosa;Harpershire;830.08
2080;Hotel;Pollard PLC;East Christopherstad;555.83
1490;Airbnb;Wells-Castillo;Lake Williamfort;481.87
471;Transporte;Ward, Bailey and Middleton;North Jesse;141.48
796;Hotel;Liu Group;North Zacharyland;598.52
327;Hotel;Moreno and Sons;Porterstad;697.26
2987;Hotel;Phillips-Johnson;Arroyoside;313.06
76;Entretenimiento;Potts Ltd;Rhodesmouth;836.63
3462;Hotel;Johnson Inc;Lake Amyberg;926.26
4977;Transporte;Johnson-Larson;Williamsburgh;13.01
4396;Airbnb;Cruz, Woodard and Adams;Mccoybury;746.26
3580;Vuelo;Schmidt-Allen;Rhodesmouth;851.45
838;Vuelo;Thompson and Sons;Kathleenbury;613.17
305;Transporte;Perry-Kirk;Bellland;934.81
1997;Hotel;Watson LLC;East Joelborough;923.47
4811;Entretenimiento;Potts Ltd;Judithburgh;415.55
3490;Airbnb;Huffman-Curtis;South Kenneth;984.86
2404;Entretenimiento;Smith-Webster;North Paulmouth;92.82
206;Entretenimiento;Phillips-Johnson;Sanchezview;875.78
2806;Entretenimiento;Johnson Inc;Kathleenbury;740.67
811;Hotel;Martinez-Day;South Norman;774.0
105;Vuelo;Cruz, Woodard and Adams;Porterstad;111.34
4796;Entretenimiento;Martinez-Day;Porterstad;605.08
2564;Hotel;Holt, Wright and Hayes;West Barbara;84.14
3180;Entretenimiento;Ferrell-Crane;Huntview;575.42
2877;Transporte;Schmidt-Allen;Scottfurt;451.58
1597;Airbnb;Morgan Inc;South Nicholastown;995.47
1433;Vuelo;Hubbard-Bell;East Jordan;727.32
3989;Vuelo;Walters-Martinez;South Nicholastown;843.78
3427;Entretenimiento;Lopez, Williams and Mcconnell;East Joelborough;646.87
615;Entretenimiento;Chandler, Smith and Ryan;West Matthew;943.51
1820;Airbnb;Chandler, Smith and Ryan;New Stevenville;645.22
564;Entretenimiento;Hoover-Lewis;Arroyoside;849.85
2071;Transporte;Long-Cooper;Fosterhaven;193.89
1932;Airbnb;Davis-Smith;New Stevenville;75.95
2549;Vuelo;Ferrell-Crane;Williamsburgh;996.67
2773;Airbnb;Walters-Martinez;East Jessicafurt;132.47
3967;Entretenimiento;Hubbard-Bell;Porterstad;437.33
4201;Airbnb;Thomas, Taylor and Johnson;Jamesborough;246.29
1381;Transporte;Johnson-Larson;Mccoybury;745.86
2566;Entretenimiento;Murphy, Higgins and Montes;East Nicolestad;509.28
4076;Transporte;May-Patterson;West Matthew;186.48
4027;Vuelo;Ward, Bailey and Middleton;Porterstad;532.07
57;Hotel;Hughes, Mclaughlin and Mullins;New Jennifer;902.6
3189;Entretenimiento;Johnson Inc;West Barbara;927.18
3524;Transporte;Johnson-Larson;West Matthew;494.74
2149;Vuelo;Murphy, Higgins and Montes;New Danielberg;157.99
4464;Airbnb;Davis-Smith;Morrisberg;758.28
3989;Vuelo;Rivera, Alexander and Wells;Guerrerofort;874.82
1866;Vuelo;Martinez-Day;North Jesse;347.59
1621;Airbnb;Moreno and Sons;East Stephenfurt;428.86
3699;Hotel;Moreno and Sons;Martinezbury;908.62
3512;Vuelo;Hughes, Mclaughlin and Mullins;Martinezbury;77.47
567;Airbnb;Hoover-Lewis;Mccoybury;414.94
1205;Vuelo;Davis Inc;East Nicolestad;766.0
3289;Hotel;Murphy, Higgins and Montes;Harpershire;403.36
847;Vuelo;Davis Inc;West Barbara;601.5
1891;Vuelo;Cox, Clark and Jackson;Bellland;300.52
2333;Transporte;Cox, Clark and Jackson;Huntview;99.58
838;Airbnb;Peterson, Peters and Fitzpatrick;East Joelborough;837.17
3268;Hotel;Rivera, Alexander and Wells;South Norman;564.62
2404;Hotel;Cruz, Woodard and Adams;Bellland;349.74
2917;Hotel;Hubbard-Bell;Port Michael;224.48
3042;Transporte;Walters-Martinez;South Nicholastown;193.99
872;Transporte;Cox, Clark and Jackson;Sanchezview;686.24
814;Vuelo;Cox, Clark and Jackson;Port Michael;593.84
3345;Vuelo;Hughes, Mclaughlin and Mullins;Huntview;72.88
4714;Transporte;Long-Cooper;Harpershire;794.54
4263;Vuelo;Hamilton and Sons;Martinezbury;630.33
4970;Entretenimiento;Hubbard-Bell;South Nicholastown;173.11
115;Hotel;Walters-Martinez;Fosterhaven;126.4
2377;Entretenimiento;Davis Inc;Johnsonhaven;600.23
4970;Vuelo;Perry-Kirk;Whitemouth;249.01
2398;Hotel;Alexander LLC;East Jordan;624.23
4827;Airbnb;Ward, Bailey and Middleton;Williamsburgh;791.37
1475;Entretenimiento;Schmidt-Allen;East Stephenfurt;880.32
1790;Entretenimiento;Villanueva, Pace and Mueller;North Paulmouth;535.48
1750;Hotel;Jennings-Horne;Porterstad;218.64
4565;Hotel;Thomas, Taylor and Johnson;Williamsburgh;429.97
844;Transporte;Johnson-Larson;East Christopherstad;111.06
2871;Entretenimiento;Liu Group;East Nicolestad;413.24
1924;Transporte;Pollard PLC;Arroyoside;961.74
2922;Airbnb;May-Patterson;Martinezbury;99.31
3711;Vuelo;May-Patterson;Mccoybury;232.74
4787;Hotel;Davis Group;New Jennifer;51.27
1515;Hotel;Cruz, Woodard and Adams;Whitemouth;916.46
930;Entretenimiento;Ferrell-Crane;South Crystalland;380.29
2203;Vuelo;George Ltd;Jamesborough;870.6
4848;Airbnb;Mcclure PLC;East Joelborough;268.3
251;Transporte;Jennings-Horne;Rhodesmouth;466.66
2445;Hotel;Villanueva, Pace and Mueller;North Zacharyland;693.03
76;Vuelo;Burgess-Hanna;New Angela;798.03
4085;Entretenimiento;Watson LLC;Lake Williamfort;438.19
4831;Airbnb;Murphy, Higgins and Montes;Judithburgh;462.81
2658;Transporte;Peterson, Peters and Fitzpatrick;Kathleenbury;829.54
43;Airbnb;Pollard PLC;Lake Dianashire;397.38
2671;Transporte;Davis-Smith;East John;37.61
1859;Hotel;Hughes, Mclaughlin and Mullins;New Jennifer;634.15
3295;Vuelo;Jordan, Medina and Sosa;Fosterhaven;195.97
2818;Transporte;Miller and Sons;Johnsonhaven;667.62
3758;Vuelo;Davis Inc;Arroyoside;249.06
2080;Entretenimiento;Mcclure PLC;Fosterhaven;146.31
956;Entretenimiento;Moreno and Sons;East Stephenfurt;522.77
2860;Hotel;Walters-Martinez;Bellland;296.52
3758;Hotel;Burgess-Hanna;Morrisberg;711.14
3723;Hotel;Wright-Lee;Mccoybury;661.35
1161;Airbnb;Martinez-Day;Lake Amyberg;55.52
2054;Vuelo;Davis, Carey and Henry;North Jesse;672.1
251;Transporte;Cox, Clark and Jackson;Bellland;920.5
3615;Airbnb;Hoover-Lewis;South Crystalland;12.49
1217;Entretenimiento;Martinez-Day;South Kenneth;17.08
3811;Airbnb;Pollard PLC;Arroyoside;691.55
4565;Vuelo;Miller and Sons;Lake Maria;987.45
43;Entretenimiento;Hoover-Lewis;East Jordan;992.72
462;Transporte;Rodriguez Inc;East Nicolestad;188.21
4995;Vuelo;Villanueva, Pace and Mueller;Judithburgh;722.32
3562;Hotel;Lopez, Williams and Mcconnell;East Jessicafurt;421.43
4002;Entretenimiento;Davis-Smith;East Hannahside;624.31
2375;Transporte;Davis Group;South Kenneth;47.3
2440;Transporte;Cruz, Woodard and Adams;East John;378.15
2792;Entretenimiento;Wright-Lee;Lake Dianashire;431.37
2792;Hotel;Wells-Castillo;East Jordan;902.91
4876;Airbnb;Moreno and Sons;Guerrerofort;840.15
1979;Hotel;Villanueva, Pace and Mueller;South Kenneth;868.97
170;Entretenimiento;Peterson, Peters and Fitzpatrick;East Christopherstad;51.53
2841;Hotel;Jennings-Horne;West Barbara;85.11
4832;Hotel;Davis-Smith;Fosterhaven;15.1
4030;Transporte;Pollard PLC;Lake Williamfort;862.05
2507;Transporte;Davis Inc;East Stephenfurt;674.57
4986;Airbnb;Wright-Lee;Lake Dianashire;536.92
3787;Entretenimiento;Hubbard-Bell;South Nicholastown;883.27
1209;Airbnb;Davis-Smith;Lake Williamfort;694.9
4058;Airbnb;May-Patterson;Scottfurt;498.5
2625;Transporte;Davis Inc;South Crystalland;555.14
3647;Vuelo;Pollard PLC;Jamesborough;101.0
1547;Entretenimiento;Jennings-Horne;Port Michael;226.44
4163;Airbnb;Pollard PLC;Lake Williamfort;922.07
76;Transporte;Wells-Castillo;Arroyoside;164.26
2516;Airbnb;Rodriguez Inc;New Stevenville;163.94
4977;Vuelo;Liu Group;Guerrerofort;471.99
777;Airbnb;Hubbard-Bell;New Angela;887.29
3177;Entretenimiento;Jordan, Medina and Sosa;Martinezbury;24.78
930;Hotel;Phillips-Johnson;Huntview;302.98
128;Airbnb;Watson LLC;East Christopherstad;828.92
1683;Vuelo;Peterson, Peters and Fitzpatrick;South Nicholastown;878.02
3291;Vuelo;Rodriguez Inc;Williamsburgh;991.76
1997;Vuelo;Cox, Clark and Jackson;Port Michael;387.71
4345;Transporte;Wright-Lee;Harpershire;142.95
2183;Hotel;Jennings-Horne;Scottfurt;360.12
3882;Entretenimiento;Holt, Wright and Hayes;Lake Dianashire;95.69
4154;Hotel;Schmidt-Allen;North Brittanychester;525.14
1902;Airbnb;Moreno and Sons;Guerrerofort;707.79
2954;Transporte;Huffman-Curtis;Fosterhaven;616.53
4976;Vuelo;Schmidt-Allen;Allenside;868.33
2361;Airbnb;Villanueva, Pace and Mueller;East Christopherstad;389.63
1836;Airbnb;Lopez, Williams and Mcconnell;New Danielberg;502.94
4402;Airbnb;Ferrell-Crane;Morrisberg;768.41
1856;Entretenimiento;Cruz, Woodard and Adams;South Norman;484.77
2090;Hotel;Holt, Wright and Hayes;Rhodesmouth;411.62
2923;Vuelo;Lopez, Williams and Mcconnell;Port Michael;462.87
2203;Entretenimiento;Davis, Carey and Henry;Myerston;312.58
391;Hotel;Miller and Sons;Arroyoside;381.95
2984;Airbnb;Phillips-Johnson;New Angela;499.81
2807;Transporte;Villanueva, Pace and Mueller;Scottfurt;635.58
4646;Airbnb;Hubbard-Bell;Morrisberg;875.95
4231;Hotel;Mcclure PLC;South Nicholastown;192.45
4419;Entretenimiento;Davis Group;East Joelborough;500.19
2077;Vuelo;Chandler, Smith and Ryan;Lake Dianashire;728.17
512;Transporte;Jennings-Horne;Mccoybury;779.11
2334;Vuelo;Ferrell-Crane;Harpershire;942.74
4995;Vuelo;Holt, Wright and Hayes;Whitemouth;221.15
3157;Transporte;Phillips-Johnson;North Brittanychester;555.19
2183;Transporte;Johnson Inc;North Jesse;953.01
1267;Entretenimiento;Cox, Clark and Jackson;Allenside;198.4
3905;Airbnb;Chandler, Smith and Ryan;New Danielberg;513.72
2095;Hotel;Hubbard-Bell;Huntview;124.09
4551;Transporte;Johnson-Larson;Fosterhaven;999.25
1295;Transporte;Burgess-Hanna;East Jordan;546.06
4075;Entretenimiento;Martinez-Day;East Hannahside;96.72
384;Airbnb;George Ltd;Morrisberg;64.7
3158;Hotel;Thomas, Taylor and Johnson;Whitemouth;513.12
4214;Airbnb;Hamilton and Sons;New Angela;888.79
1750;Entretenimiento;Cox, Clark and Jackson;East Stephenfurt;412.02
2069;Entretenimiento;Phillips-Johnson;Fosterhaven;35.89
999;Transporte;Hamilton and Sons;East Stephenfurt;802.46
3165;Airbnb;Jennings-Horne;Williamsburgh;565.05
855;Transporte;Cox, Clark and Jackson;Sanchezview;583.4
3099;Airbnb;Hoover-Lewis;Lake Maria;914.1
2922;Airbnb;May-Patterson;East Jordan;302.44
1299;Transporte;Miller and Sons;Lake Dianashire;836.68
4044;Vuelo;Martinez-Day;South Norman;709.27
2922;Transporte;Hamilton and Sons;Martinezbury;147.71
4092;Vuelo;Moreno and Sons;East Jordan;688.32
4176;Vuelo;Potts Ltd;Harpershire;457.98
2292;Hotel;Jennings-Horne;East Jordan;716.62
1227;Hotel;Potts Ltd;Myerston;704.7
2196;Transporte;Richardson Group;Bellland;778.39
2549;Vuelo;Thomas, Taylor and Johnson;East Hannahside;464.5
942;Hotel;Alexander LLC;South Kenneth;776.56
276;Vuelo;Huffman-Curtis;Sanchezview;384.78
2936;Hotel;Cox, Clark and Jackson;Port Michael;721.55
88;Hotel;Murphy, Higgins and Montes;Whitemouth;239.58
1597;Vuelo;Liu Group;Myerston;410.16
580;Vuelo;Schmidt-Allen;Port Michael;17.69
465;Vuelo;Davis Group;South Kenneth;76.44
193;Transporte;Long-Cooper;Myerston;256.11
3580;Airbnb;Hughes, Mclaughlin and Mullins;New Danielberg;878.25
2286;Airbnb;Richardson Group;Morrisberg;898.86
835;Entretenimiento;Villanueva, Pace and Mueller;Mccoybury;281.71
3929;Transporte;Jennings-Horne;Harpershire;482.84
4978;Vuelo;Ward, Bailey and Middleton;Mccoybury;413.49
2518;Vuelo;Murphy, Higgins and Montes;Jamesborough;688.97
2959;Hotel;George Ltd;Williamsburgh;86.32
4485;Vuelo;Alexander LLC;East Christopherstad;767.98
246;Vuelo;George Ltd;Lake Dwayne;573.12
287;Airbnb;George Ltd;Judithburgh;856.44
4452;Transporte;Davis Inc;Myerston;239.21
129;Airbnb;Jordan, Medina and Sosa;New Stevenville;784.52
3536;Hotel;Pollard PLC;Williamsburgh;647.4
4919;Hotel;Burgess-Hanna;Bellland;81.27
3852;Airbnb;Jordan, Medina and Sosa;Jamesborough;110.33
4519;Hotel;Wright-Lee;Port Michael;286.4
4522;Entretenimiento;Pollard PLC;Lake Williamfort;392.2
2794;Hotel;Hamilton and Sons;Lake Dwayne;576.96
3510;Entretenimiento;Davis, Carey and Henry;Jamesborough;310.62
1077;Airbnb;Perry-Kirk;New Angela;246.63
1081;Entretenimiento;Johnson Inc;Sanchezview;443.0
3580;Transporte;Jennings-Horne;East Jessicafurt;89.4
3282;Entretenimiento;Davis Inc;New Jennifer;545.34
1477;Transporte;Holt, Wright and Hayes;North Zacharyland;136.76
777;Entretenimiento;Cruz, Woodard and Adams;Allenside;292.97
4386;Entretenimiento;Rodriguez Inc;East Nicolestad;458.96
4241;Vuelo;Miller and Sons;North Brittanychester;561.99
1035;Hotel;Rivera, Alexander and Wells;New Jennifer;388.44
3471;Airbnb;Phillips-Johnson;South Norman;331.37
1983;Airbnb;Watson LLC;West Barbara;185.36
1074;Vuelo;Rodriguez Inc;Harpershire;431.95
4277;Vuelo;Perry-Kirk;Lake Dianashire;266.24
4212;Vuelo;Morgan Inc;Allenside;97.18
577;Transporte;Jordan, Medina and Sosa;East Stephenfurt;88.2
860;Hotel;Watson LLC;New Jennifer;764.16
2652;Transporte;Mcclure PLC;West Barbara;871.22
1750;Airbnb;Ferrell-Crane;New Jennifer;712.68
4263;Vuelo;Hughes, Mclaughlin and Mullins;Harpershire;272.09
907;Airbnb;Holt, Wright and Hayes;Lake Williamfort;466.58
2936;Airbnb;Gilmore, Hays and Collier;East Nicolestad;383.37
989;Airbnb;Mcclure PLC;Huntview;949.57
183;Hotel;Johnson Inc;Martinezbury;516.03
3285;Airbnb;Watson LLC;Myerston;313.8
2896;Vuelo;Thomas, Taylor and Johnson;Arroyoside;763.54
2745;Vuelo;Thomas, Taylor and Johnson;Lake Dwayne;869.8
3471;Airbnb;May-Patterson;Jamesborough;125.46
2276;Transporte;Murphy, Higgins and Montes;Bellland;84.84
4181;Transporte;Potts Ltd;South Nicholastown;973.17
478;Hotel;Mcclure PLC;New Angela;518.63
4543;Airbnb;Moreno and Sons;Huntview;231.3
2260;Airbnb;Davis Inc;Fosterhaven;592.76
1842;Vuelo;Perry-Kirk;Lake Dianashire;191.05
4885;Hotel;Perry-Kirk;East Stephenfurt;926.08
4154;Entretenimiento;Ward, Bailey and Middleton;Arroyoside;400.28
4986;Entretenimiento;Phillips-Johnson;East Jessicafurt;890.07
4760;Entretenimiento;Thompson and Sons;South Kenneth;916.44
2917;Hotel;Villanueva, Pace and Mueller;New Danielberg;323.55
4397;Airbnb;Martinez-Day;Johnsonhaven;246.4
1964;Airbnb;Wright-Lee;Mccoybury;202.1
3209;Hotel;Moreno and Sons;South Crystalland;918.3
3795;Hotel;Walters-Martinez;Myerston;296.65
4885;Vuelo;Davis Inc;Lake Alvin;36.94
696;Vuelo;Chandler, Smith and Ryan;Bellland;265.93
88;Airbnb;Jennings-Horne;Johnsonhaven;817.04
2350;Transporte;Liu Group;North Brittanychester;888.11
1360;Vuelo;May-Patterson;Bellland;159.65
796;Entretenimiento;Chandler, Smith and Ryan;Judithburgh;446.72
3706;Transporte;Schmidt-Allen;Lake Maria;808.44
1590;Vuelo;Hoover-Lewis;North Paulmouth;853.96
1032;Entretenimiento;Rodriguez Inc;Allenside;340.46
166;Airbnb;Alexander LLC;New Angela;574.52
4758;Entretenimiento;Villanueva, Pace and Mueller;Johnsonhaven;31.89
4777;Transporte;Peterson, Peters and Fitzpatrick;Harpershire;637.86
894;Vuelo;Moreno and Sons;Sanchezview;579.79
4057;Transporte;Lopez, Williams and Mcconnell;North Paulmouth;486.73
4432;Vuelo;Cruz, Woodard and Adams;Lake Maria;804.2
3929;Vuelo;Perry-Kirk;North Jesse;511.63
1433;Transporte;Jordan, Medina and Sosa;South Kenneth;512.64
4832;Vuelo;Hubbard-Bell;East Joelborough;150.74
3289;Transporte;Phillips-Johnson;Martinezbury;324.96
484;Entretenimiento;Rivera, Alexander and Wells;Myerston;640.39
4581;Hotel;Ward, Bailey and Middleton;New Angela;54.35
3277;Hotel;Davis Inc;Williamsburgh;910.73
1108;Entretenimiento;Peterson, Peters and Fitzpatrick;Huntview;474.24
2096;Vuelo;Long-Cooper;South Kenneth;19.83
4758;Airbnb;Watson LLC;East Jessicafurt;547.86
3588;Entretenimiento;Thomas, Taylor and Johnson;New Stevenville;449.29
696;Vuelo;Schmidt-Allen;Sanchezview;352.8
4154;Vuelo;Thomas, Taylor and Johnson;Lake Amyberg;384.67
1496;Airbnb;Lopez, Williams and Mcconnell;Allenside;405.18
2095;Vuelo;Murphy, Higgins and Montes;East Stephenfurt;425.36
2478;Airbnb;Watson LLC;East Nicolestad;835.27
4214;Vuelo;Jordan, Medina and Sosa;North Zacharyland;485.24
4681;Hotel;Peterson, Peters and Fitzpatrick;Williamsburgh;536.77
377;Entretenimiento;Cruz, Woodard and Adams;East Jessicafurt;23.95
223;Hotel;Cox, Clark and Jackson;North Jesse;405.94
3706;Airbnb;Davis Group;North Jesse;59.2
3268;Vuelo;Mcclure PLC;Johnsonhaven;781.29
28;Hotel;Smith-Webster;Port Michael;48.55
2877;Vuelo;Hamilton and Sons;New Danielberg;509.42
547;Transporte;Huffman-Curtis;Williamsburgh;799.18
465;Entretenimiento;Murphy, Higgins and Montes;Harpershire;438.57
4440;Airbnb;Schmidt-Allen;Porterstad;612.03
965;Hotel;Phillips-Johnson;New Jennifer;804.6
1755;Transporte;Johnson-Larson;East Jessicafurt;624.16
2896;Transporte;Jennings-Horne;East Hannahside;856.12
3426;Airbnb;Burgess-Hanna;Port Michael;604.98
4204;Entretenimiento;Watson LLC;North Brittanychester;839.02
4802;Airbnb;Liu Group;Guerrerofort;248.96
2466;Vuelo;Holt, Wright and Hayes;Lake Alvin;897.83
3892;Vuelo;Walters-Martinez;Williamsburgh;507.87
3749;Transporte;Wells-Castillo;East John;530.31
2753;Transporte;Murphy, Higgins and Montes;South Nicholastown;501.87
1515;Hotel;Davis Group;Guerrerofort;952.43
1194;Airbnb;Davis Group;Myerston;194.62
3830;Entretenimiento;Davis Group;Sanchezview;404.63
1711;Transporte;Peterson, Peters and Fitzpatrick;Huntview;329.11
945;Hotel;Ferrell-Crane;East Nicolestad;840.23
2275;Entretenimiento;Davis Inc;Johnsonhaven;519.41
1640;Entretenimiento;Cruz, Woodard and Adams;Porterstad;295.25
4027;Airbnb;Davis Group;Morrisberg;459.31
2687;Hotel;Villanueva, Pace and Mueller;Judithburgh;780.73
1426;Entretenimiento;Pollard PLC;Allenside;614.45
3800;Entretenimiento;Smith-Webster;East Hannahside;147.51
1335;Entretenimiento;Smith-Webster;South Nicholastown;742.82
930;Entretenimiento;Schmidt-Allen;South Nicholastown;14.21
3299;Vuelo;Pollard PLC;Sanchezview;645.5
3767;Airbnb;Holt, Wright and Hayes;Bellland;316.61
4135;Transporte;Long-Cooper;East Jessicafurt;675.99
4399;Entretenimiento;Jennings-Horne;Kathleenbury;259.41
220;Transporte;Davis Group;East John;165.31
3508;Airbnb;Davis-Smith;Whitemouth;106.19
2896;Vuelo;Phillips-Johnson;Williamsburgh;388.69
4577;Entretenimiento;Villanueva, Pace and Mueller;Lake Alvin;519.97
4747;Hotel;Morgan Inc;East Nicolestad;420.07
3802;Transporte;Walters-Martinez;Mccoybury;705.33
3580;Transporte;Jennings-Horne;Martinezbury;505.84
4241;Hotel;Wright-Lee;East Joelborough;478.31
2941;Entretenimiento;Rodriguez Inc;Fosterhaven;605.68
4955;Airbnb;Gilmore, Hays and Collier;South Norman;710.53
4059;Entretenimiento;May-Patterson;Johnsonhaven;229.7
38;Entretenimiento;Richardson Group;West Matthew;390.4
4813;Airbnb;Moreno and Sons;Arroyoside;70.78
945;Entretenimiento;Smith-Webster;Porterstad;767.84
1339;Vuelo;Smith-Webster;North Paulmouth;319.23
1339;Transporte;George Ltd;Port Michael;986.39
3775;Transporte;Schmidt-Allen;Lake Dianashire;642.74
3830;Vuelo;Johnson Inc;Johnsonhaven;449.73
4241;Transporte;Hughes, Mclaughlin and Mullins;Lake Maria;43.55
2458;Entretenimiento;Schmidt-Allen;Huntview;924.7
2792;Vuelo;Mcclure PLC;Jamesborough;671.85
2812;Hotel;Jordan, Medina and Sosa;East John;868.82
4350;Entretenimiento;Schmidt-Allen;Morrisberg;616.5
294;Transporte;Gilmore, Hays and Collier;Lake Dianashire;227.46
406;Airbnb;Jordan, Medina and Sosa;East Jessicafurt;900.42
2625;Entretenimiento;Richardson Group;East Stephenfurt;439.71
4092;Airbnb;Martinez-Day;South Nicholastown;834.79
963;Transporte;Davis-Smith;Myerston;717.05
28;Transporte;Davis-Smith;Lake Dwayne;571.5
967;Transporte;Wright-Lee;Lake Dianashire;37.06
1185;Hotel;Holt, Wright and Hayes;East Hannahside;125.34
458;Hotel;Hamilton and Sons;Morrisberg;633.88
3533;Airbnb;Hoover-Lewis;North Brittanychester;150.9
7;Transporte;Jordan, Medina and Sosa;Jamesborough;314.68
2226;Hotel;Wells-Castillo;East Hannahside;675.64
2792;Entretenimiento;Johnson Inc;Whitemouth;161.16
2080;Airbnb;Wells-Castillo;East Joelborough;521.55
88;Airbnb;Murphy, Higgins and Montes;Whitemouth;92.63
3985;Entretenimiento;Hughes, Mclaughlin and Mullins;East Christopherstad;799.27
1028;Transporte;Schmidt-Allen;South Kenneth;290.37
2968;Airbnb;Schmidt-Allen;Lake Maria;166.64
2755;Hotel;Ward, Bailey and Middleton;Martinezbury;832.17
2773;Airbnb;Thompson and Sons;New Danielberg;91.61
1997;Hotel;Alexander LLC;Kathleenbury;721.93
1624;Entretenimiento;Thompson and Sons;Martinezbury;486.42
3295;Entretenimiento;Burgess-Hanna;Allenside;908.59
965;Airbnb;Hubbard-Bell;Jamesborough;980.18
4049;Vuelo;Miller and Sons;Morrisberg;907.6
1866;Hotel;Davis, Carey and Henry;Lake Williamfort;320.52
3510;Entretenimiento;Miller and Sons;Lake Amyberg;635.37
4493;Hotel;Hughes, Mclaughlin and Mullins;Kathleenbury;988.57
1209;Entretenimiento;Hoover-Lewis;Mccoybury;389.02
76;Entretenimiento;Jennings-Horne;Lake Maria;917.56
3605;Vuelo;Phillips-Johnson;East Christopherstad;224.34
547;Airbnb;Richardson Group;Fosterhaven;995.64
3158;Transporte;Thomas, Taylor and Johnson;East John;80.5
1360;Vuelo;Watson LLC;Lake Williamfort;899.35
1624;Hotel;Alexander LLC;Guerrerofort;524.76
1483;Entretenimiento;Perry-Kirk;Porterstad;91.75
796;Transporte;Davis Inc;East Jordan;284.45
2981;Hotel;Huffman-Curtis;Port Michael;728.73
1995;Hotel;Miller and Sons;Lake Williamfort;950.32
3907;Vuelo;Phillips-Johnson;East Stephenfurt;945.53
1640;Airbnb;Chandler, Smith and Ryan;Lake Maria;572.69
1039;Entretenimiento;May-Patterson;New Jennifer;19.21
356;Transporte;Jennings-Horne;Lake Williamfort;641.63
2440;Hotel;Jordan, Medina and Sosa;West Matthew;817.56
2165;Hotel;Hubbard-Bell;South Norman;746.9
4976;Airbnb;Huffman-Curtis;East Christopherstad;714.61
2807;Entretenimiento;Davis, Carey and Henry;New Angela;689.66
2703;Transporte;Perry-Kirk;North Brittanychester;331.75
926;Vuelo;Chandler, Smith and Ryan;East John;904.13
2260;Vuelo;Thomas, Taylor and Johnson;Scottfurt;158.29
128;Hotel;Hubbard-Bell;Lake Maria;68.56
3056;Vuelo;Davis-Smith;Lake Williamfort;478.31
619;Vuelo;Potts Ltd;South Norman;139.68
531;Airbnb;Rivera, Alexander and Wells;South Norman;266.43
3035;Entretenimiento;Davis Group;Lake Williamfort;237.87
3158;Airbnb;Wright-Lee;South Crystalland;170.06
1291;Transporte;Peterson, Peters and Fitzpatrick;Fosterhaven;756.58
4163;Transporte;Thompson and Sons;North Paulmouth;459.34
3319;Transporte;Hamilton and Sons;Morrisberg;878.76
3777;Entretenimiento;Thomas, Taylor and Johnson;Morrisberg;687.51
1751;Airbnb;Burgess-Hanna;Whitemouth;279.7
3580;Hotel;Moreno and Sons;Allenside;14.86
3180;Transporte;Villanueva, Pace and Mueller;Lake Maria;162.44
387;Vuelo;Hughes, Mclaughlin and Mullins;Lake Williamfort;928.56
2745;Entretenimiento;Ferrell-Crane;Myerston;979.96
3186;Entretenimiento;Villanueva, Pace and Mueller;Port Michael;651.68
356;Hotel;Alexander LLC;South Kenneth;12.37
678;Vuelo;Wells-Castillo;East Jessicafurt;510.31
580;Vuelo;Lopez, Williams and Mcconnell;Lake Williamfort;738.98
1415;Hotel;Thomas, Taylor and Johnson;Kathleenbury;808.62
877;Hotel;Perry-Kirk;New Angela;264.15
2203;Entretenimiento;Murphy, Higgins and Montes;East Nicolestad;694.8
4371;Hotel;Perry-Kirk;East Jordan;327.21
356;Vuelo;Hamilton and Sons;North Jesse;858.27
4698;Transporte;Smith-Webster;Lake Williamfort;417.63
356;Hotel;Hoover-Lewis;Harpershire;895.61
59;Airbnb;Hoover-Lewis;South Kenneth;577.17
2484;Airbnb;Alexander LLC;Judithburgh;201.12
1808;Vuelo;Johnson-Larson;North Paulmouth;694.06
3353;Transporte;Davis-Smith;Arroyoside;469.57
1997;Vuelo;Huffman-Curtis;East Hannahside;475.88
4266;Hotel;Peterson, Peters and Fitzpatrick;New Angela;721.32
1619;Vuelo;Perry-Kirk;East Hannahside;270.33
3801;Entretenimiento;Davis Group;Lake Dwayne;243.09
2260;Transporte;Johnson Inc;South Nicholastown;613.02
1108;Hotel;Martinez-Day;Porterstad;377.07
3710;Airbnb;Peterson, Peters and Fitzpatrick;Guerrerofort;947.33
471;Vuelo;Hoover-Lewis;New Stevenville;804.59
1827;Entretenimiento;Johnson-Larson;Martinezbury;620.93
613;Transporte;Ferrell-Crane;New Stevenville;433.54
3289;Transporte;Thompson and Sons;Huntview;327.04
407;Transporte;Walters-Martinez;Port Michael;746.76
1188;Hotel;Hubbard-Bell;Rhodesmouth;622.34
2662;Hotel;Davis-Smith;Huntview;694.47
982;Transporte;Ward, Bailey and Middleton;North Paulmouth;90.41
2922;Entretenimiento;Morgan Inc;Lake Dianashire;470.63
4350;Vuelo;Gilmore, Hays and Collier;Judithburgh;191.39
2950;Hotel;Davis, Carey and Henry;East Jordan;724.8
88;Entretenimiento;Thompson and Sons;Mccoybury;988.97
3042;Entretenimiento;Davis-Smith;East Jordan;109.89
4212;Transporte;Burgess-Hanna;Myerston;416.02
1386;Vuelo;Davis Group;East Stephenfurt;699.72
4466;Transporte;Wright-Lee;South Kenneth;588.66
3455;Airbnb;Gilmore, Hays and Collier;North Jesse;639.34
3310;Hotel;Jennings-Horne;Bellland;144.6
220;Vuelo;Gilmore, Hays and Collier;Lake Williamfort;735.62
2397;Vuelo;George Ltd;West Matthew;23.46
4163;Hotel;Davis Group;Williamsburgh;281.79
4942;Vuelo;Richardson Group;North Paulmouth;345.42
1732;Entretenimiento;Rodriguez Inc;Fosterhaven;89.53
2549;Hotel;Cox, Clark and Jackson;Lake Maria;324.59
1757;Vuelo;Davis Group;Guerrerofort;52.13
702;Vuelo;Murphy, Higgins and Montes;South Kenneth;699.51
4777;Hotel;Long-Cooper;Judithburgh;471.56
3533;Hotel;Morgan Inc;North Jesse;229.2
76;Entretenimiento;Gilmore, Hays and Collier;Harpershire;336.67
4739;Entretenimiento;Smith-Webster;North Brittanychester;411.51
2451;Airbnb;George Ltd;Port Michael;17.18
3059;Transporte;Huffman-Curtis;Johnsonhaven;142.02
3874;Airbnb;Smith-Webster;Whitemouth;505.35
4163;Entretenimiento;Jennings-Horne;West Barbara;759.85
468;Airbnb;Schmidt-Allen;North Zacharyland;787.99
2278;Vuelo;Cruz, Woodard and Adams;Porterstad;742.77
3122;Transporte;Miller and Sons;South Norman;129.17
2183;Transporte;Villanueva, Pace and Mueller;East Stephenfurt;719.18
4976;Transporte;Hubbard-Bell;North Jesse;348.14
1485;Transporte;Jordan, Medina and Sosa;Mccoybury;619.93
2278;Transporte;Watson LLC;East Joelborough;394.9
3722;Transporte;Lopez, Williams and Mcconnell;East Jessicafurt;771.01
2755;Airbnb;Martinez-Day;Guerrerofort;497.39
2478;Transporte;Perry-Kirk;Lake Amyberg;446.94
3711;Transporte;Davis-Smith;Myerston;771.3
3525;Entretenimiento;Martinez-Day;Lake Alvin;275.95
1732;Vuelo;Ward, Bailey and Middleton;Williamsburgh;706.77
4300;Airbnb;Jordan, Medina and Sosa;East Jessicafurt;303.64
414;Transporte;Holt, Wright and Hayes;West Barbara;924.15
2776;Hotel;Smith-Webster;Scottfurt;812.5
1081;Entretenimiento;Martinez-Day;East Christopherstad;197.52
1983;Transporte;Johnson-Larson;South Kenneth;853.5
4059;Airbnb;Johnson Inc;Lake Dwayne;162.19
219;Airbnb;Long-Cooper;New Danielberg;434.88
4301;Transporte;Hamilton and Sons;Arroyoside;282.85
3645;Hotel;Jennings-Horne;Harpershire;717.31
1081;Hotel;Murphy, Higgins and Montes;West Barbara;466.33
2605;Entretenimiento;Lopez, Williams and Mcconnell;Huntview;62.09
2291;Vuelo;Watson LLC;Arroyoside;891.22
206;Transporte;Lopez, Williams and Mcconnell;East Christopherstad;709.29
2810;Vuelo;Hoover-Lewis;Guerrerofort;668.33
2214;Entretenimiento;Davis-Smith;North Jesse;802.29
2797;Entretenimiento;Walters-Martinez;West Matthew;966.0
1207;Vuelo;Davis, Carey and Henry;South Kenneth;736.18
3649;Hotel;Miller and Sons;West Barbara;11.39
3472;Vuelo;Cruz, Woodard and Adams;Jamesborough;758.98
1070;Airbnb;Hughes, Mclaughlin and Mullins;South Crystalland;782.48
4581;Entretenimiento;Moreno and Sons;Martinezbury;424.2
4795;Entretenimiento;Villanueva, Pace and Mueller;West Matthew;823.35
88;Hotel;Ferrell-Crane;Porterstad;797.86
2516;Entretenimiento;Walters-Martinez;East John;219.47
665;Transporte;Hamilton and Sons;Williamsburgh;221.13
3397;Entretenimiento;Cruz, Woodard and Adams;New Angela;570.16
1;Entretenimiento;Wright-Lee;North Jesse;843.37
940;Airbnb;Richardson Group;New Stevenville;756.44
1385;Hotel;Mcclure PLC;Morrisberg;938.64
2994;Hotel;Ward, Bailey and Middleton;Rhodesmouth;992.96
811;Entretenimiento;Johnson-Larson;Kathleenbury;372.72
3310;Entretenimiento;Thompson and Sons;Harpershire;331.02
4995;Entretenimiento;Moreno and Sons;New Jennifer;59.17
2344;Vuelo;Smith-Webster;Guerrerofort;374.36
2605;Vuelo;Watson LLC;Martinezbury;993.31
2689;Entretenimiento;Davis Group;Arroyoside;310.98
2069;Airbnb;Chandler, Smith and Ryan;Allenside;136.29
3368;Vuelo;Cox, Clark and Jackson;Johnsonhaven;804.56
4058;Airbnb;Morgan Inc;South Crystalland;258.95
4157;Entretenimiento;Hughes, Mclaughlin and Mullins;East Jessicafurt;309.59
1947;Airbnb;Jordan, Medina and Sosa;Sanchezview;914.5
4144;Vuelo;Davis Group;East Hannahside;566.57
4901;Airbnb;Moreno and Sons;Lake Maria;172.8
1625;Airbnb;Cruz, Woodard and Adams;Kathleenbury;248.25
4657;Hotel;Phillips-Johnson;South Nicholastown;731.06
3268;Entretenimiento;Richardson Group;South Norman;930.11
2810;Transporte;Mcclure PLC;South Crystalland;776.21
2674;Entretenimiento;Pollard PLC;Port Michael;10.51
4653;Airbnb;Schmidt-Allen;Morrisberg;122.64
4999;Airbnb;Burgess-Hanna;East Hannahside;635.31
2968;Entretenimiento;Hughes, Mclaughlin and Mullins;Guerrerofort;219.27
1490;Entretenimiento;Rodriguez Inc;Lake Dwayne;117.7
4126;Entretenimiento;Davis, Carey and Henry;Judithburgh;303.04
2863;Entretenimiento;Liu Group;East Joelborough;568.11
3280;Transporte;Cruz, Woodard and Adams;East Stephenfurt;418.32
1957;Transporte;Thompson and Sons;New Jennifer;663.52
2156;Hotel;Pollard PLC;Jamesborough;451.15
3209;Vuelo;Phillips-Johnson;South Norman;668.4
4685;Hotel;Davis, Carey and Henry;West Matthew;986.83
4692;Vuelo;Richardson Group;Myerston;927.82
1769;Hotel;Villanueva, Pace and Mueller;North Paulmouth;789.85
3147;Entretenimiento;Moreno and Sons;South Nicholastown;50.77
1736;Transporte;Ferrell-Crane;Martinezbury;754.49
4440;Vuelo;Davis Inc;Lake Dwayne;139.49
3472;Airbnb;Johnson Inc;Fosterhaven;378.97
2453;Vuelo;Murphy, Higgins and Montes;New Danielberg;781.47
3038;Hotel;Davis-Smith;East Hannahside;905.44
3228;Entretenimiento;Hamilton and Sons;Harpershire;576.46
166;Airbnb;Rodriguez Inc;East Stephenfurt;88.81
3133;Airbnb;Hoover-Lewis;Lake Alvin;65.82
1660;Airbnb;Alexander LLC;North Paulmouth;554.68
2163;Transporte;Phillips-Johnson;Mccoybury;941.59
537;Hotel;May-Patterson;North Brittanychester;79.72
2190;Hotel;Jennings-Horne;Myerston;279.35
1560;Vuelo;Schmidt-Allen;West Matthew;176.64
634;Transporte;Pollard PLC;Fosterhaven;345.57
1783;Airbnb;Davis-Smith;North Jesse;585.69
4552;Transporte;George Ltd;North Jesse;405.75
803;Entretenimiento;Pollard PLC;North Paulmouth;72.53
471;Transporte;Davis Group;Sanchezview;203.1
1384;Hotel;Gilmore, Hays and Collier;Bellland;388.35
4232;Airbnb;Chandler, Smith and Ryan;West Barbara;918.8
1784;Vuelo;Lopez, Williams and Mcconnell;New Stevenville;479.51
4014;Airbnb;Davis Inc;South Kenneth;125.95
3510;Transporte;Schmidt-Allen;Martinezbury;829.31
3894;Hotel;Cruz, Woodard and Adams;Sanchezview;164.66
4201;Vuelo;Thompson and Sons;West Matthew;225.12
1477;Vuelo;Pollard PLC;North Paulmouth;555.75
1042;Hotel;Thomas, Taylor and Johnson;Harpershire;659.14
4777;Entretenimiento;Johnson Inc;Sanchezview;808.27
2959;Transporte;Cruz, Woodard and Adams;West Matthew;472.98
3180;Transporte;Hoover-Lewis;South Nicholastown;692.37
4052;Hotel;Peterson, Peters and Fitzpatrick;Guerrerofort;689.62
3158;Entretenimiento;Mcclure PLC;Myerston;38.66
2148;Airbnb;Lopez, Williams and Mcconnell;Lake Dwayne;798.54
1458;Transporte;Smith-Webster;West Barbara;109.62
967;Transporte;Murphy, Higgins and Montes;Porterstad;300.63
4291;Hotel;Alexander LLC;Kathleenbury;201.02
3647;Entretenimiento;Davis-Smith;Allenside;732.63
2408;Transporte;Cruz, Woodard and Adams;Porterstad;171.03
3882;Hotel;Richardson Group;Arroyoside;152.22
986;Transporte;Lopez, Williams and Mcconnell;Lake Maria;455.57
968;Hotel;Long-Cooper;Morrisberg;831.84
2852;Entretenimiento;Wright-Lee;South Crystalland;824.25
1321;Transporte;Smith-Webster;South Nicholastown;250.19
4761;Vuelo;Peterson, Peters and Fitzpatrick;Myerston;356.27
4163;Airbnb;Thompson and Sons;South Kenneth;894.42
2069;Hotel;Davis-Smith;Scottfurt;118.47
223;Entretenimiento;Hoover-Lewis;North Jesse;53.44
1972;Hotel;Rivera, Alexander and Wells;South Crystalland;56.96
660;Entretenimiento;Moreno and Sons;Allenside;893.7
1964;Transporte;Smith-Webster;East Christopherstad;329.16
777;Airbnb;Schmidt-Allen;East Stephenfurt;650.17
193;Transporte;Watson LLC;Fosterhaven;850.58
2634;Transporte;Huffman-Curtis;Scottfurt;688.81
4694;Airbnb;Smith-Webster;Harpershire;358.28
4362;Entretenimiento;Schmidt-Allen;Lake Dianashire;790.87
3771;Entretenimiento;Ward, Bailey and Middleton;Porterstad;35.28
1787;Hotel;Moreno and Sons;Porterstad;216.76
3787;Transporte;Pollard PLC;New Angela;841.46
748;Transporte;Potts Ltd;West Barbara;986.81
3471;Hotel;May-Patterson;New Stevenville;337.05
1688;Entretenimiento;Holt, Wright and Hayes;Port Michael;282.81
4493;Transporte;Hoover-Lewis;Arroyoside;340.48
3099;Vuelo;Davis Inc;Huntview;809.3
930;Airbnb;Moreno and Sons;Fosterhaven;227.54
471;Airbnb;Johnson Inc;Jamesborough;765.57
1516;Hotel;Chandler, Smith and Ryan;Fosterhaven;658.95
3196;Airbnb;Schmidt-Allen;North Brittanychester;20.52
1267;Airbnb;Mcclure PLC;East Hannahside;59.15
1979;Transporte;Jennings-Horne;Martinezbury;717.23
577;Hotel;Morgan Inc;New Stevenville;213.67
4558;Hotel;Johnson Inc;East Nicolestad;804.34
1787;Vuelo;Holt, Wright and Hayes;Guerrerofort;550.66
4176;Vuelo;George Ltd;East Hannahside;222.87
2896;Transporte;Martinez-Day;East Christopherstad;41.88
4603;Vuelo;Mcclure PLC;West Barbara;623.1
4031;Vuelo;Martinez-Day;Kathleenbury;777.45
2493;Transporte;Villanueva, Pace and Mueller;Myerston;717.7
750;Vuelo;Davis-Smith;Morrisberg;712.14
2069;Vuelo;Thomas, Taylor and Johnson;Morrisberg;961.92
4167;Transporte;Alexander LLC;North Paulmouth;139.42
1997;Vuelo;Ward, Bailey and Middleton;East Jessicafurt;129.88
2864;Airbnb;Morgan Inc;New Danielberg;245.38
292;Airbnb;Schmidt-Allen;Allenside;890.16
193;Vuelo;Long-Cooper;Arroyoside;19.55
4558;Airbnb;Hoover-Lewis;Harpershire;732.74
3989;Vuelo;Davis-Smith;East Jessicafurt;275.67
3562;Hotel;Thomas, Taylor and Johnson;Jamesborough;228.22
4986;Transporte;Johnson Inc;New Jennifer;285.87
