id;servicioId;aerolinea;origen;destino;hora_salida;hora_llegada;numero_vuelo
4163;1365;Pollard PLC;New Angela;Fosterhaven;07:13:27;21:21:37;720-WH
8917;3774;Cruz, Woodard and Adams;North Brittanychester;Myerston;10:43:33;18:41:04;139-Gr
7840;1790;Davis Inc;Lake Alvin;Whitemouth;02:15:25;21:50:58;533-ez
3850;2683;Jordan, Medina and Sosa;Huntview;Lake Dwayne;02:37:38;20:52:40;454-ar
9056;1077;Hamilton and Sons;Scottfurt;East Jordan;02:07:40;21:05:05;229-hw
9333;967;Hughes, Mclaughlin and Mullins;Martinezbury;Whitemouth;11:21:45;13:22:47;639-iL
2126;1660;Jordan, Medina and Sosa;Whitemouth;South Kenneth;10:02:11;16:54:41;061-QV
1282;4760;Cox, Clark and Jackson;East Hannahside;Lake Dwayne;15:08:26;08:47:38;438-tR
1037;77;Alexander LLC;Fosterhaven;East Stephenfurt;19:43:36;16:09:33;321-fg
9418;4301;Pollard PLC;Lake Dianashire;Porterstad;23:25:01;01:18:26;283-EX
7193;716;Miller and Sons;North Paulmouth;Jamesborough;22:57:11;00:28:47;671-eE
8871;2334;Moreno and Sons;East Joelborough;South Norman;21:30:23;16:50:50;562-aU
4305;4657;Hughes, Mclaughlin and Mullins;Port Michael;East Jessicafurt;09:34:22;13:51:24;461-IH
2746;2941;Murphy, Higgins and Montes;Lake Maria;Martinezbury;11:30:50;15:07:41;919-EI
5642;2190;May-Patterson;Kathleenbury;Bellland;18:07:53;09:54:04;535-xC
8153;2451;Murphy, Higgins and Montes;North Jesse;East Nicolestad;12:36:27;22:36:02;459-AY
8337;1624;Long-Cooper;South Kenneth;Sanchezview;17:37:32;10:20:21;074-FG
772;752;Smith-Webster;West Matthew;Lake Amyberg;12:46:45;09:40:06;262-IT
3887;1526;Jordan, Medina and Sosa;New Stevenville;Lake Dianashire;21:38:06;11:04:37;080-fq
1999;619;Davis Group;East Jessicafurt;Huntview;11:44:13;23:25:54;774-RB
140;716;Morgan Inc;West Barbara;New Angela;17:05:14;14:51:00;527-NI
2235;3802;Hubbard-Bell;Rhodesmouth;East Nicolestad;17:36:31;02:29:23;073-rI
7139;1184;Hughes, Mclaughlin and Mullins;Myerston;Huntview;21:15:07;01:04:41;491-zd
494;2528;Hughes, Mclaughlin and Mullins;West Matthew;West Barbara;06:48:38;02:54:00;532-XY
6838;1979;Mcclure PLC;Port Michael;Williamsburgh;19:39:54;02:27:28;276-MM
1832;3186;Burgess-Hanna;Morrisberg;Lake Dwayne;19:22:09;14:16:40;310-eb
7011;3425;Lopez, Williams and Mcconnell;Guerrerofort;Judithburgh;12:10:53;19:41:28;960-qh
6363;2852;Davis Group;North Paulmouth;Jamesborough;20:00:49;14:31:11;384-Lw
4725;38;Huffman-Curtis;Lake Williamfort;Harpershire;01:58:59;11:19:09;821-FY
2610;3345;Morgan Inc;Port Michael;East Jordan;06:42:37;13:00:32;597-FN
3207;992;Phillips-Johnson;Mccoybury;Kathleenbury;13:00:07;12:52:33;682-wy
6109;3319;Ward, Bailey and Middleton;Lake Dwayne;Lake Dwayne;18:28:44;02:48:17;341-LE
7624;4362;Chandler, Smith and Ryan;New Angela;Lake Amyberg;05:08:45;21:39:42;756-Iw
6646;982;Gilmore, Hays and Collier;Martinezbury;Huntview;17:04:14;02:27:29;680-zR
9420;3009;Ward, Bailey and Middleton;South Nicholastown;Harpershire;13:31:39;12:39:08;889-QI
1545;3218;Rivera, Alexander and Wells;New Danielberg;Williamsburgh;19:43:33;22:43:25;479-sc
6175;3877;Pollard PLC;East Christopherstad;Kathleenbury;07:39:50;22:53:22;726-mr
8101;2506;Peterson, Peters and Fitzpatrick;Bellland;Harpershire;15:18:32;23:50:54;846-EJ
8434;115;Morgan Inc;East John;East Jordan;01:53:04;10:35:12;842-Jz
7048;1699;Johnson Inc;New Stevenville;South Crystalland;01:18:55;07:37:55;685-VD
1500;4452;Davis, Carey and Henry;South Norman;Bellland;16:44:24;19:41:04;914-aE
8931;2941;Phillips-Johnson;New Danielberg;New Stevenville;10:24:37;07:02:42;518-bJ
8629;57;Holt, Wright and Hayes;Allenside;Jamesborough;16:07:25;05:56:54;898-CI
1131;4393;Gilmore, Hays and Collier;East Christopherstad;West Barbara;12:47:15;20:19:39;718-Vx
8208;154;Watson LLC;North Zacharyland;Scottfurt;13:41:32;13:30:24;562-Eq
6728;4950;Schmidt-Allen;Martinezbury;Morrisberg;05:42:18;23:31:22;611-ZC
5492;2621;Davis-Smith;South Nicholastown;East Joelborough;03:54:20;12:51:41;723-ev
8195;4955;Miller and Sons;Sanchezview;North Brittanychester;07:25:48;07:29:27;949-AB
6353;4118;Ferrell-Crane;Whitemouth;New Jennifer;04:52:10;05:58:24;772-GF
5446;1784;Chandler, Smith and Ryan;Judithburgh;East Christopherstad;06:42:17;15:36:59;899-pJ
8773;3246;Pollard PLC;Scottfurt;Judithburgh;15:59:05;18:05:46;971-ZO
7709;1697;Burgess-Hanna;North Paulmouth;Williamsburgh;11:28:20;03:10:30;028-kD
3118;1516;Martinez-Day;North Zacharyland;Judithburgh;16:18:35;18:15:17;456-Po
138;129;Davis, Carey and Henry;Johnsonhaven;East Hannahside;05:32:20;23:36:36;469-Pr
8521;3649;Mcclure PLC;Lake Williamfort;North Paulmouth;00:54:08;11:21:39;796-oZ
8920;3425;Rodriguez Inc;Fosterhaven;Harpershire;14:30:19;10:46:41;130-Gd
3388;2836;Mcclure PLC;Harpershire;Mccoybury;01:24:57;16:42:06;436-hG
3566;3525;Davis Group;East Jessicafurt;Lake Maria;06:36:45;22:18:51;680-lD
3366;509;Burgess-Hanna;South Nicholastown;Huntview;23:55:26;09:49:42;820-im
5244;2528;Rodriguez Inc;Huntview;New Stevenville;03:02:44;00:35:46;736-CY
8654;796;May-Patterson;Jamesborough;East Stephenfurt;05:22:26;20:44:26;511-lr
7433;235;Miller and Sons;Mccoybury;East Jessicafurt;12:11:59;04:26:21;799-sB
6702;1291;Peterson, Peters and Fitzpatrick;Morrisberg;East John;05:05:39;20:03:29;157-Xo
4254;4076;Davis, Carey and Henry;South Nicholastown;Judithburgh;04:32:16;07:40:08;009-Ed
5670;246;Jennings-Horne;Myerston;Lake Dwayne;21:19:43;05:40:11;152-Vt
9535;1477;Huffman-Curtis;Lake Amyberg;Lake Amyberg;08:47:10;18:26:49;264-hj
5479;2981;Wells-Castillo;Guerrerofort;Judithburgh;20:59:11;05:19:52;452-hg
3185;3187;Holt, Wright and Hayes;Allenside;Johnsonhaven;02:40:17;13:18:57;852-OV
6566;2549;Thomas, Taylor and Johnson;New Angela;Lake Dianashire;07:44:25;07:25:38;654-ud
3628;2039;Wright-Lee;Whitemouth;Lake Amyberg;13:40:36;20:04:19;131-NX
3523;4796;Schmidt-Allen;Fosterhaven;East Joelborough;22:10:11;19:16:16;228-Iq
4080;1074;Ferrell-Crane;Guerrerofort;Mccoybury;07:33:08;08:24:53;021-hN
4658;1515;Johnson-Larson;East Jessicafurt;Lake Williamfort;23:14:51;17:10:26;691-Zy
524;512;Cox, Clark and Jackson;East Jordan;East Jordan;04:10:22;03:40:38;607-bc
3468;1625;Jennings-Horne;New Jennifer;Arroyoside;00:26:32;12:04:48;294-fz
9578;386;Holt, Wright and Hayes;Johnsonhaven;East Hannahside;22:34:02;02:07:26;879-XF
1662;166;Liu Group;Jamesborough;Porterstad;19:45:24;04:54:10;974-ul
6359;3758;Wright-Lee;Huntview;Guerrerofort;03:14:42;00:15:23;879-Go
580;3512;Johnson-Larson;Johnsonhaven;Port Michael;18:58:37;04:45:01;584-Ws
7316;3805;Cruz, Woodard and Adams;Johnsonhaven;Huntview;04:01:14;11:19:24;968-kr
2860;1972;George Ltd;New Angela;New Stevenville;22:41:26;11:27:35;761-kB
8720;3904;Liu Group;East Stephenfurt;Porterstad;05:28:51;22:28:01;000-gp
4110;4212;Phillips-Johnson;Martinezbury;East Stephenfurt;09:28:02;03:00:09;767-DX
5906;302;Burgess-Hanna;Porterstad;Lake Dwayne;06:07:27;11:22:20;022-oF
9226;4746;Davis, Carey and Henry;Lake Dianashire;South Kenneth;02:24:29;15:01:53;968-fr
2783;287;Alexander LLC;Harpershire;Johnsonhaven;08:06:05;05:59:32;525-VW
96;4698;Huffman-Curtis;Mccoybury;Judithburgh;15:04:52;12:31:45;671-lU
456;1401;Chandler, Smith and Ryan;Judithburgh;Myerston;03:22:31;04:40:43;306-xl
2982;1160;Watson LLC;Martinezbury;North Zacharyland;17:23:58;14:17:23;006-pT
6727;59;Davis Inc;Whitemouth;Fosterhaven;14:50:10;00:15:43;039-op
4579;3450;Smith-Webster;North Zacharyland;Whitemouth;23:24:36;08:02:23;895-Qy
2104;3368;Davis Group;Huntview;Mccoybury;21:40:12;02:24:28;487-Gt
8122;603;Ferrell-Crane;Judithburgh;North Paulmouth;02:17:22;11:02:35;152-wM
7719;319;Morgan Inc;Scottfurt;North Zacharyland;05:25:17;11:24:57;480-jH
3882;3510;Miller and Sons;Fosterhaven;Mccoybury;03:41:21;04:32:07;376-BM
8801;4942;Mcclure PLC;South Nicholastown;Port Michael;20:51:53;05:26:09;991-Yy
9692;319;Gilmore, Hays and Collier;New Stevenville;Lake Alvin;00:31:13;13:20:45;237-ya
7346;4714;Thompson and Sons;North Jesse;New Stevenville;04:56:50;07:15:31;747-WL
3540;4163;Villanueva, Pace and Mueller;Arroyoside;West Matthew;08:10:16;20:44:52;145-Do
1295;1893;Lopez, Williams and Mcconnell;New Danielberg;Guerrerofort;06:49:50;09:21:10;331-hN
2920;2451;Burgess-Hanna;Fosterhaven;Lake Dwayne;17:15:37;22:03:46;617-iF
8204;468;Chandler, Smith and Ryan;Rhodesmouth;Arroyoside;04:21:28;10:30:51;253-Fm
3453;2115;Long-Cooper;Huntview;Kathleenbury;06:28:08;21:36:07;953-sG
9455;4277;Villanueva, Pace and Mueller;Port Michael;New Jennifer;10:06:36;23:12:01;196-dt
2090;1972;Davis-Smith;East Hannahside;South Crystalland;04:16:27;19:35:03;900-Um
6757;3967;Hubbard-Bell;Lake Alvin;South Norman;04:16:12;12:23:49;770-Ie
4742;3795;Ward, Bailey and Middleton;New Danielberg;North Jesse;12:04:32;19:32:46;727-br
5870;2112;Smith-Webster;Allenside;Bellland;09:20:48;07:02:23;373-xC
9665;2095;Davis Group;Rhodesmouth;Porterstad;13:49:44;06:37:27;631-Hl
7690;2818;Mcclure PLC;Jamesborough;North Brittanychester;01:56:59;10:44:36;927-OQ
5543;4135;Jordan, Medina and Sosa;South Norman;Lake Dwayne;07:12:25;10:04:03;829-hV
8780;2397;Holt, Wright and Hayes;West Matthew;East Jessicafurt;16:23:44;16:07:57;000-zZ
5986;4950;Pollard PLC;Lake Williamfort;New Stevenville;17:10:24;06:45:36;405-Qw
6573;3676;Moreno and Sons;Martinezbury;South Crystalland;04:05:58;03:48:55;524-ba
1794;2191;Perry-Kirk;Huntview;East Stephenfurt;21:30:32;08:08:42;855-nM
5681;2658;Peterson, Peters and Fitzpatrick;Scottfurt;Lake Dianashire;17:17:52;07:49:04;196-lH
3467;1365;Richardson Group;East Christopherstad;New Jennifer;13:54:35;22:25:33;366-TE
3916;4608;Holt, Wright and Hayes;Lake Amyberg;North Brittanychester;18:30:34;15:01:05;563-dF
3816;2827;Davis-Smith;East Nicolestad;Martinezbury;13:58:32;16:49:37;354-Rj
4462;4569;Perry-Kirk;Kathleenbury;East Nicolestad;03:32:25;22:34:52;094-eO
2826;4044;Liu Group;West Barbara;Judithburgh;22:17:46;06:41:52;152-nT
4710;4804;Davis Group;Jamesborough;New Angela;23:54:07;04:28:47;197-Mu
3320;1769;Davis Inc;North Jesse;North Brittanychester;09:29:33;09:39:33;463-HO
4660;4777;Thomas, Taylor and Johnson;South Nicholastown;Lake Dwayne;22:29:52;18:46:09;346-kM
8628;2288;Johnson Inc;East Nicolestad;New Jennifer;15:59:30;20:10:43;318-wF
884;1381;Hubbard-Bell;South Kenneth;Lake Dianashire;01:46:02;18:29:36;005-Wv
2876;219;Holt, Wright and Hayes;East Hannahside;Whitemouth;15:37:53;00:22:38;558-IC
2542;4516;Lopez, Williams and Mcconnell;Kathleenbury;Port Michael;20:49:40;13:48:17;560-yz
3062;57;George Ltd;South Crystalland;Judithburgh;06:21:27;20:09:43;782-Dk
8424;2127;Wright-Lee;Port Michael;Morrisberg;09:24:45;00:03:28;275-OR
2513;3280;Martinez-Day;Lake Dwayne;Lake Alvin;01:41:30;07:23:05;936-Mk
5388;4045;Davis, Carey and Henry;East Nicolestad;Lake Dwayne;16:19:22;08:26:17;332-sw
1846;4976;Phillips-Johnson;West Barbara;Huntview;12:30:50;00:44:20;940-Vm
8402;2625;Mcclure PLC;South Kenneth;Porterstad;12:57:27;13:01:36;826-kQ
9055;3038;Hughes, Mclaughlin and Mullins;East Jessicafurt;North Brittanychester;07:31:06;04:41:54;370-Kh
9322;752;Johnson Inc;Morrisberg;Arroyoside;15:00:42;06:54:41;114-if
3249;3657;Johnson Inc;Huntview;New Stevenville;10:24:56;04:46:15;479-Rz
7736;2196;Wells-Castillo;New Stevenville;Jamesborough;23:19:09;01:19:23;259-nR
4044;3268;Smith-Webster;East Nicolestad;Lake Amyberg;03:14:43;00:59:28;191-lV
8448;1732;Alexander LLC;East Jessicafurt;East Hannahside;09:03:43;13:31:30;194-nF
8706;4885;Hamilton and Sons;West Barbara;East Stephenfurt;09:36:46;05:31:20;398-kd
9826;2408;Perry-Kirk;South Crystalland;New Jennifer;02:07:50;21:37:50;098-sI
6351;4849;Davis, Carey and Henry;Fosterhaven;Allenside;16:19:58;12:05:18;252-oa
5220;1525;Thomas, Taylor and Johnson;Morrisberg;East John;20:25:02;08:31:55;264-tb
637;1185;Thomas, Taylor and Johnson;Kathleenbury;Porterstad;06:38:02;15:29:48;278-ia
2595;4052;Hughes, Mclaughlin and Mullins;New Angela;Williamsburgh;19:20:06;16:49:50;741-uy
7202;2074;Ferrell-Crane;Bellland;Porterstad;21:48:51;03:31:57;893-jy
9032;4285;Miller and Sons;Scottfurt;East John;17:00:47;13:31:02;038-pE
2624;2465;Ferrell-Crane;East Christopherstad;South Crystalland;01:00:57;20:29:04;874-gm
182;1891;Davis, Carey and Henry;Whitemouth;North Zacharyland;13:19:02;10:52:43;043-cO
3906;138;Potts Ltd;South Nicholastown;Jamesborough;13:20:09;15:47:32;290-mn
133;4163;Burgess-Hanna;East Stephenfurt;Lake Williamfort;12:46:01;13:45:19;406-Ca
8168;1966;Lopez, Williams and Mcconnell;New Stevenville;East John;15:52:02;11:05:38;303-Ro
7096;4110;Rodriguez Inc;New Danielberg;Allenside;11:47:44;01:35:31;303-wF
9098;2191;Long-Cooper;New Stevenville;Martinezbury;23:19:03;03:12:27;254-lQ
6769;3455;Holt, Wright and Hayes;Scottfurt;Mccoybury;04:40:52;15:12:11;020-QB
9810;1122;Hughes, Mclaughlin and Mullins;New Jennifer;Porterstad;00:44:51;02:30:54;097-oZ
8907;2852;Cox, Clark and Jackson;Lake Amyberg;Port Michael;09:04:25;20:14:45;008-oE
9783;2528;Thompson and Sons;Scottfurt;Scottfurt;01:20:06;11:47:12;409-yI
4863;537;Davis Group;West Matthew;New Jennifer;22:51:38;12:33:27;880-jH
8145;780;Potts Ltd;Bellland;Jamesborough;01:43:34;04:55:58;983-Uo
6650;3615;Villanueva, Pace and Mueller;Whitemouth;Rhodesmouth;12:33:29;02:56:29;368-sR
3048;28;Lopez, Williams and Mcconnell;West Matthew;Lake Alvin;22:27:27;17:03:47;328-ZY
7343;4942;Morgan Inc;New Angela;North Paulmouth;02:20:53;20:14:57;781-YZ
2393;3326;Pollard PLC;Myerston;East Jordan;22:51:59;01:05:18;130-Ny
1434;3898;Huffman-Curtis;North Paulmouth;Lake Alvin;15:18:40;12:02:43;179-fl
1097;3645;Thompson and Sons;Lake Dianashire;Allenside;22:22:52;11:10:07;224-gs
4915;2493;Ferrell-Crane;South Norman;Rhodesmouth;16:17:55;16:30:28;708-VX
8860;1547;Watson LLC;Lake Dwayne;Myerston;01:51:10;10:49:21;112-Dr
630;3874;Johnson-Larson;Lake Maria;North Zacharyland;05:02:29;04:29:02;150-Tp
1389;2311;Long-Cooper;Porterstad;West Matthew;07:56:23;12:42:14;112-ao
8084;224;Alexander LLC;Port Michael;Huntview;14:12:17;12:53:56;175-iw
2359;4651;Chandler, Smith and Ryan;West Barbara;Allenside;03:07:59;18:55:08;382-PW
8138;662;Johnson-Larson;Huntview;North Zacharyland;14:18:47;04:35:36;229-pP
2331;2794;Chandler, Smith and Ryan;Jamesborough;Huntview;10:57:28;14:26:38;693-kC
6798;1560;Liu Group;Morrisberg;New Stevenville;02:40:41;20:20:33;334-tl
4623;775;Chandler, Smith and Ryan;Myerston;West Barbara;20:57:51;13:01:50;378-Ym
4355;4892;Johnson Inc;South Crystalland;Lake Dianashire;00:13:16;12:55:43;391-Rj
3321;711;Holt, Wright and Hayes;East Stephenfurt;Port Michael;11:01:00;20:53:59;718-pC
3234;634;Schmidt-Allen;East Joelborough;East Christopherstad;17:39:03;14:09:05;541-Zt
7226;3580;Jordan, Medina and Sosa;Lake Maria;Lake Dianashire;01:18:36;07:08:59;576-sk
2004;4977;Peterson, Peters and Fitzpatrick;East Stephenfurt;East John;03:02:49;21:14:03;807-pa
7168;2693;Cruz, Woodard and Adams;Rhodesmouth;Bellland;06:47:24;19:47:41;059-dD
3806;38;Johnson-Larson;Bellland;South Kenneth;14:39:54;06:45:34;760-LJ
26;1688;Thompson and Sons;North Zacharyland;Rhodesmouth;12:18:23;17:22:26;696-vc
1069;2061;Richardson Group;Whitemouth;Huntview;13:47:37;06:15:52;166-pI
3449;3898;Morgan Inc;East Stephenfurt;Morrisberg;07:56:43;14:45:27;719-dn
6668;2634;Davis Inc;East Christopherstad;West Barbara;18:43:15;06:42:59;019-Lf
189;1750;Ward, Bailey and Middleton;Lake Dianashire;Lake Amyberg;14:28:09;09:13:54;688-Xr
9361;2419;Burgess-Hanna;Martinezbury;West Matthew;05:05:02;08:20:18;701-DA
5010;4919;Jennings-Horne;Fosterhaven;Myerston;13:53:44;12:44:14;279-ud
1996;2671;Phillips-Johnson;East Hannahside;Arroyoside;12:31:09;23:20:48;747-Ll
7635;4410;Thomas, Taylor and Johnson;New Danielberg;Judithburgh;07:36:12;04:28:15;267-FJ
9090;1836;Richardson Group;East Jordan;South Nicholastown;13:04:53;06:57:52;914-YE
3731;4714;Alexander LLC;North Brittanychester;New Jennifer;19:45:30;21:29:41;564-ok
1917;678;Cruz, Woodard and Adams;New Danielberg;Mccoybury;02:09:48;13:38:37;726-cj
6210;3676;Huffman-Curtis;East John;Martinezbury;04:29:24;18:45:25;326-ZW
6098;2670;Chandler, Smith and Ryan;East Jordan;Martinezbury;01:58:59;05:45:18;198-Zk
9131;1385;Schmidt-Allen;Morrisberg;New Jennifer;23:20:52;14:53:25;844-WZ
6753;3641;Martinez-Day;Huntview;Guerrerofort;19:01:04;15:21:27;410-LA
4793;2518;Smith-Webster;East Stephenfurt;Fosterhaven;10:53:08;01:49:21;932-TX
20;434;Davis Inc;East Joelborough;Fosterhaven;02:36:43;10:47:39;252-Dm
4428;3438;Holt, Wright and Hayes;North Brittanychester;South Norman;05:08:37;06:13:05;357-Iu
84;407;Liu Group;South Crystalland;New Stevenville;15:40:56;21:42:45;385-Nc
54;1560;Johnson Inc;North Paulmouth;Port Michael;06:33:48;16:17:44;880-YJ
4861;338;Schmidt-Allen;New Jennifer;North Zacharyland;19:15:45;18:57:39;406-Xd
453;4454;Hamilton and Sons;North Brittanychester;Arroyoside;06:51:14;04:48:20;889-hv
6132;4735;Ferrell-Crane;East John;New Angela;00:43:17;09:12:48;672-kL
256;1950;Pollard PLC;Lake Dwayne;East Joelborough;06:08:51;13:16:32;014-uK
4434;3129;Moreno and Sons;Myerston;Fosterhaven;06:07:36;05:26:46;142-If
1981;4970;Johnson-Larson;Harpershire;South Kenneth;01:45:12;22:04:52;205-HD
288;1132;Holt, Wright and Hayes;West Matthew;Morrisberg;20:36:35;10:29:50;580-Na
7058;1360;Hoover-Lewis;Porterstad;Porterstad;02:19:08;02:44:17;353-va
1270;1441;Gilmore, Hays and Collier;Fosterhaven;New Angela;20:52:20;21:18:53;092-cD
9192;391;Johnson-Larson;South Norman;Williamsburgh;12:29:18;20:33:25;440-cd
5793;3099;Cox, Clark and Jackson;New Angela;Rhodesmouth;08:33:34;11:03:01;993-kH
6669;2127;Holt, Wright and Hayes;New Jennifer;Porterstad;10:14:55;23:14:04;930-XL
6199;2658;Potts Ltd;Sanchezview;Arroyoside;22:16:55;16:55:31;202-zm
2381;387;Rodriguez Inc;Johnsonhaven;East Jordan;23:58:46;06:42:07;805-ap
1857;3387;Hughes, Mclaughlin and Mullins;Kathleenbury;South Norman;19:09:26;00:08:56;570-rr
1698;3542;Burgess-Hanna;North Paulmouth;New Danielberg;18:26:12;17:05:42;055-Va
3496;4092;Lopez, Williams and Mcconnell;East Nicolestad;East John;19:11:55;01:23:20;250-td
2431;1516;Villanueva, Pace and Mueller;Guerrerofort;Rhodesmouth;03:34:16;23:10:05;340-Ct
7857;510;Wright-Lee;West Barbara;North Brittanychester;15:39:16;01:46:49;774-cl
440;1243;Davis Group;Port Michael;Scottfurt;22:24:46;19:44:25;718-mR
5541;2095;George Ltd;East Christopherstad;Huntview;17:02:21;10:02:15;712-sB
1427;2286;Long-Cooper;South Crystalland;South Crystalland;03:36:14;04:14:04;371-eH
2917;4892;Watson LLC;Lake Williamfort;Judithburgh;00:57:43;03:15:35;117-qv
1658;2852;Davis, Carey and Henry;North Brittanychester;North Paulmouth;21:33:15;20:55:12;728-jq
7350;3580;Cox, Clark and Jackson;East Jessicafurt;Lake Alvin;01:07:04;04:03:22;600-PU
1869;4986;Liu Group;Williamsburgh;West Barbara;20:58:06;09:42:59;302-jo
3073;2852;Richardson Group;Huntview;East Jessicafurt;23:47:11;14:54:25;812-Uc
8548;1531;Jordan, Medina and Sosa;North Jesse;Lake Alvin;05:41:08;13:51:59;457-Xc
1689;4955;Jordan, Medina and Sosa;East Joelborough;East Jordan;11:47:29;20:38:34;735-Si
168;1048;Jordan, Medina and Sosa;Williamsburgh;Lake Dianashire;02:28:13;06:27:22;784-mo
8726;1751;Johnson-Larson;Lake Dianashire;Allenside;01:40:47;01:24:01;846-ZG
8405;4464;Lopez, Williams and Mcconnell;Jamesborough;New Angela;01:46:41;08:03:47;451-ja
8751;1515;Hoover-Lewis;South Nicholastown;East Christopherstad;09:13:38;09:06:53;814-Xp
6628;725;Moreno and Sons;Lake Dianashire;Jamesborough;10:22:10;05:03:59;230-zv
7799;4420;Wells-Castillo;South Nicholastown;East John;09:30:25;23:00:18;470-Hu
1694;3285;Ward, Bailey and Middleton;Bellland;Lake Williamfort;23:29:03;16:31:44;969-Ad
5708;1211;Hughes, Mclaughlin and Mullins;Lake Maria;Arroyoside;03:47:07;18:36:19;078-Be
8746;3291;Davis Group;Whitemouth;Bellland;21:40:53;17:26:10;079-uV
5071;2090;Lopez, Williams and Mcconnell;Lake Maria;Port Michael;18:36:48;08:38:26;760-ft
6745;3785;Wells-Castillo;East Christopherstad;Lake Williamfort;02:55:49;09:09:46;582-xL
5826;1504;Johnson Inc;South Norman;East Hannahside;00:58:34;00:50:47;689-aH
7997;2832;Schmidt-Allen;North Zacharyland;Scottfurt;10:52:02;11:44:19;866-ga
3178;2812;Richardson Group;Johnsonhaven;Martinezbury;14:42:23;11:57:05;455-xU
7660;4049;Ward, Bailey and Middleton;East Hannahside;New Jennifer;10:01:58;23:58:16;239-aF
4150;4651;Johnson Inc;South Norman;Judithburgh;15:41:47;17:18:16;522-gO
2145;26;Hoover-Lewis;Mccoybury;Whitemouth;18:58:49;16:38:44;174-Rs
6571;560;Morgan Inc;Williamsburgh;Kathleenbury;12:32:24;21:33:39;946-td
6699;1211;Hamilton and Sons;Myerston;North Jesse;09:48:50;20:46:54;581-ee
340;1362;Chandler, Smith and Ryan;Jamesborough;East Hannahside;05:25:28;11:52:02;120-FC
122;945;Ward, Bailey and Middleton;Lake Alvin;Arroyoside;01:04:54;14:09:10;733-Wg
1117;3562;Schmidt-Allen;Huntview;Lake Alvin;03:28:30;04:09:42;835-qz
4920;4480;Chandler, Smith and Ryan;Lake Alvin;Scottfurt;16:10:23;10:59:45;044-Qd
27;4277;Smith-Webster;Judithburgh;Rhodesmouth;04:06:53;09:22:31;684-Db
7401;3397;Hughes, Mclaughlin and Mullins;Lake Amyberg;Allenside;10:09:22;04:07:00;955-WC
6469;2260;Cruz, Woodard and Adams;Harpershire;Judithburgh;06:26:04;15:54:22;229-sA
8209;3545;Chandler, Smith and Ryan;Allenside;South Nicholastown;02:31:05;19:47:08;060-eL
8320;4804;Wright-Lee;East Nicolestad;Lake Alvin;17:30:00;07:33:45;383-nc
7437;3449;Mcclure PLC;North Zacharyland;New Jennifer;14:53:51;06:01:03;582-OC
9299;835;Mcclure PLC;New Jennifer;Lake Dianashire;11:46:07;12:24:08;788-XC
4652;4324;Hughes, Mclaughlin and Mullins;North Paulmouth;Martinezbury;08:24:51;03:11:46;346-md
3584;2286;George Ltd;New Danielberg;Bellland;20:46:52;15:11:12;941-uh
7338;4827;Hoover-Lewis;Kathleenbury;Arroyoside;17:50:15;13:12:30;179-xU
373;4302;Jordan, Medina and Sosa;Porterstad;Porterstad;02:32:27;22:47:16;973-Hj
9332;4110;Phillips-Johnson;Lake Maria;East John;16:52:15;05:17:26;847-AJ
7072;945;Thomas, Taylor and Johnson;West Matthew;Bellland;08:43:12;18:13:28;336-Uu
7257;2888;Moreno and Sons;New Angela;Myerston;14:10:31;03:50:59;344-rt
5179;2855;Johnson Inc;Lake Alvin;Lake Dianashire;12:14:56;08:58:41;185-PK
7667;2127;Murphy, Higgins and Montes;Mccoybury;Harpershire;23:33:49;09:42:50;875-Iw
9211;2703;Murphy, Higgins and Montes;Whitemouth;New Angela;18:02:19;01:00:10;303-qT
2550;668;Thomas, Taylor and Johnson;Porterstad;Arroyoside;08:51:59;10:07:12;079-xp
4148;2119;May-Patterson;East Stephenfurt;New Danielberg;01:50:25;10:02:16;888-ee
3933;4724;Hubbard-Bell;South Norman;Kathleenbury;15:52:27;16:12:19;689-Hk
977;442;Rivera, Alexander and Wells;West Matthew;Bellland;15:20:43;15:11:40;207-oc
3342;2946;Davis-Smith;South Kenneth;South Norman;07:13:48;20:10:05;175-NJ
8038;2073;Moreno and Sons;North Jesse;North Zacharyland;13:15:10;06:45:01;528-nT
6137;1426;Perry-Kirk;South Kenneth;South Norman;22:49:42;18:52:01;752-gN
881;678;Moreno and Sons;New Stevenville;North Paulmouth;17:12:20;23:51:04;662-lV
8263;1117;Rivera, Alexander and Wells;Guerrerofort;South Norman;13:50:44;04:44:28;826-hK
7187;762;Morgan Inc;East Jessicafurt;South Kenneth;07:39:26;04:31:11;379-Uy
1402;888;Davis Inc;East Jordan;Porterstad;01:44:43;06:03:14;058-cl
7741;87;Thompson and Sons;East Christopherstad;Allenside;13:30:44;11:28:20;396-zX
5772;2662;Martinez-Day;North Paulmouth;Bellland;16:51:42;18:00:35;776-mk
1697;678;Johnson-Larson;Jamesborough;Johnsonhaven;11:51:43;23:11:19;971-pk
4343;74;Wright-Lee;Morrisberg;Guerrerofort;15:35:08;02:31:08;068-xs
8492;860;Davis-Smith;East Stephenfurt;South Kenneth;13:25:37;20:42:51;146-dI
482;4031;Davis Inc;Lake Dianashire;Harpershire;01:49:29;15:05:40;834-dK
6198;4059;May-Patterson;Port Michael;Sanchezview;21:18:45;14:32:07;872-No
9089;3657;Schmidt-Allen;New Jennifer;East Hannahside;07:47:26;12:22:25;410-Oc
7832;170;Potts Ltd;New Jennifer;South Crystalland;11:38:50;07:14:06;789-Cx
1226;2923;Pollard PLC;East Hannahside;Mccoybury;03:39:25;04:17:34;489-Tv
6206;796;Huffman-Curtis;South Nicholastown;Porterstad;09:59:07;15:51:37;888-gF
2598;1032;Martinez-Day;New Jennifer;West Barbara;12:49:57;22:20:26;727-Jp
8437;3014;Rivera, Alexander and Wells;Fosterhaven;Harpershire;04:06:20;18:40:27;454-Rn
9689;702;Peterson, Peters and Fitzpatrick;New Jennifer;North Brittanychester;21:44:11;09:58:20;912-YY
1143;2278;Wells-Castillo;Myerston;Lake Williamfort;09:11:20;04:47:02;743-sD
3328;3268;Phillips-Johnson;East Nicolestad;Arroyoside;22:37:39;00:04:13;281-CF
2899;4976;Jennings-Horne;Lake Dwayne;East Stephenfurt;10:06:21;10:00:45;561-Cr
3801;1381;Morgan Inc;New Angela;East Jessicafurt;19:40:56;00:40:13;393-cX
5733;1219;Murphy, Higgins and Montes;East Nicolestad;North Jesse;05:20:28;13:35:51;587-bF
8311;2837;Cox, Clark and Jackson;Lake Dianashire;Myerston;01:16:53;06:26:22;803-LK
2403;3733;Martinez-Day;New Angela;Bellland;16:29:08;16:28:20;667-eo
5964;2375;Moreno and Sons;Mccoybury;Scottfurt;06:06:31;09:40:00;977-NJ
8074;4045;Morgan Inc;South Kenneth;East Hannahside;06:02:14;17:09:52;463-oC
5873;442;Martinez-Day;South Nicholastown;Lake Dianashire;00:21:24;14:12:37;276-Rk
6692;1415;Wells-Castillo;West Barbara;South Kenneth;03:47:16;04:15:48;889-VX
1039;851;Rivera, Alexander and Wells;South Norman;East Joelborough;10:23:18;05:15:27;075-dR
5455;4843;Johnson-Larson;Mccoybury;Fosterhaven;11:47:41;12:31:47;725-nC
4022;2062;Wells-Castillo;Lake Maria;Jamesborough;20:53:23;23:09:04;165-Zr
569;4849;Hoover-Lewis;South Crystalland;West Barbara;04:47:26;00:09:51;596-gV
861;4362;Davis-Smith;Fosterhaven;East Christopherstad;06:14:14;01:28:27;485-gV
9168;4480;Rodriguez Inc;Sanchezview;Lake Alvin;08:34:54;09:46:04;876-xZ
8474;4302;Liu Group;Harpershire;West Matthew;11:49:46;19:49:59;576-Be
8458;1335;Hubbard-Bell;East Hannahside;Mccoybury;23:58:15;23:31:07;363-Aa
2394;1295;Schmidt-Allen;Fosterhaven;Lake Dianashire;09:27:15;09:45:25;971-im
6356;4244;Wells-Castillo;Johnsonhaven;Lake Alvin;17:06:52;15:24:57;301-ed
1339;224;Thomas, Taylor and Johnson;Whitemouth;New Danielberg;13:24:17;07:51:15;839-CA
4159;4126;Davis Group;Lake Amyberg;South Norman;02:09:12;11:55:54;882-GO
7017;4950;Burgess-Hanna;Guerrerofort;Bellland;16:52:31;21:24:19;486-ko
9892;4869;Pollard PLC;Lake Dwayne;East Christopherstad;14:10:18;00:16:59;991-JD
3621;2979;Hubbard-Bell;Fosterhaven;Porterstad;19:26:08;20:57:54;566-yh
5258;547;Long-Cooper;Judithburgh;Martinezbury;19:25:52;12:03:08;500-Id
2838;3215;Davis Group;Arroyoside;Judithburgh;09:01:10;09:41:16;662-WT
4391;106;Smith-Webster;Williamsburgh;North Paulmouth;13:50:25;00:55:36;976-ln
1728;4202;Villanueva, Pace and Mueller;Lake Dianashire;East Nicolestad;09:21:49;11:36:55;089-dw
7354;1787;Alexander LLC;Johnsonhaven;New Danielberg;12:32:57;19:03:57;907-Zn
191;3070;Cruz, Woodard and Adams;Harpershire;Lake Dianashire;19:07:34;01:07:43;045-OU
3389;3397;Davis Inc;Scottfurt;Johnsonhaven;05:33:01;00:20:40;738-Oc
4667;4569;Lopez, Williams and Mcconnell;Williamsburgh;Lake Alvin;00:32:01;03:35:08;508-jz
3719;4986;Morgan Inc;Jamesborough;West Matthew;04:21:16;15:30:57;514-we
6881;510;Johnson Inc;Huntview;Whitemouth;12:37:50;19:12:23;451-je
5341;1973;Miller and Sons;East Hannahside;East Joelborough;10:39:47;03:26:50;336-Kl
338;2403;Ferrell-Crane;Lake Maria;South Crystalland;14:29:58;10:37:05;027-rb
1436;4675;Thompson and Sons;Williamsburgh;Lake Maria;04:06:18;22:18:52;851-YQ
9243;1751;Hughes, Mclaughlin and Mullins;South Kenneth;North Zacharyland;09:00:58;01:02:39;902-FT
3137;4052;Johnson-Larson;North Brittanychester;East Nicolestad;18:29:43;15:24:37;035-HX
1333;3040;Martinez-Day;Arroyoside;Kathleenbury;00:42:13;16:49:59;552-mK
2850;3749;Ward, Bailey and Middleton;North Jesse;East Stephenfurt;22:49:06;07:46:15;818-Nf
2482;3215;Davis-Smith;Whitemouth;East Christopherstad;02:44:51;20:46:20;692-Ov
9352;4608;Lopez, Williams and Mcconnell;Lake Maria;North Jesse;14:56:34;16:22:43;887-Rn
5913;4017;Hoover-Lewis;Lake Dianashire;North Brittanychester;10:36:44;12:24:58;183-wS
8919;4849;Peterson, Peters and Fitzpatrick;South Crystalland;East Stephenfurt;02:26:54;03:18:25;364-ka
559;4207;Ferrell-Crane;South Crystalland;East Joelborough;18:31:22;18:41:23;027-Am
8389;1290;Ward, Bailey and Middleton;Sanchezview;Williamsburgh;13:50:40;04:35:35;001-ta
2022;2776;Pollard PLC;West Barbara;Johnsonhaven;02:47:28;21:14:41;870-dq
9719;2167;Schmidt-Allen;Fosterhaven;East Nicolestad;12:55:59;20:22:15;768-PV
6599;1970;Phillips-Johnson;Fosterhaven;Fosterhaven;02:36:17;18:14:14;779-sI
1595;2621;Hoover-Lewis;New Angela;East Nicolestad;06:51:44;11:57:46;518-EW
4911;2683;Walters-Martinez;East Christopherstad;Lake Amyberg;23:15:47;10:53:34;213-dV
3640;2863;Villanueva, Pace and Mueller;Jamesborough;Rhodesmouth;19:06:27;13:09:25;258-bm
2871;161;Hughes, Mclaughlin and Mullins;Guerrerofort;Lake Dwayne;12:47:28;01:29:20;657-NR
7438;223;Rivera, Alexander and Wells;East Joelborough;Bellland;14:59:08;22:50:34;952-NM
4007;138;Burgess-Hanna;Martinezbury;Lake Amyberg;09:53:19;00:30:00;281-Lv
5021;2127;Wright-Lee;Sanchezview;Mccoybury;01:31:22;23:28:44;899-sX
3113;851;Long-Cooper;South Norman;Williamsburgh;11:59:47;09:35:49;955-LW
5265;338;Hughes, Mclaughlin and Mullins;South Kenneth;Lake Maria;02:27:26;10:36:09;821-OC
5717;1496;Gilmore, Hays and Collier;East Joelborough;South Nicholastown;04:18:00;06:16:15;710-kG
1048;3795;Johnson Inc;Kathleenbury;New Stevenville;15:31:08;07:36:28;363-Gy
423;4724;Smith-Webster;New Angela;Rhodesmouth;19:27:21;19:42:47;663-Yq
5257;3495;Wright-Lee;South Crystalland;South Norman;21:53:11;04:51:43;115-RW
2264;3005;Johnson-Larson;Morrisberg;East Stephenfurt;04:12:04;22:14:58;145-Bj
7673;2453;Peterson, Peters and Fitzpatrick;Lake Williamfort;Bellland;09:18:11;03:14:31;282-MN
8173;2630;Cox, Clark and Jackson;Lake Dwayne;Kathleenbury;00:08:12;14:01:02;278-xG
9179;3257;Liu Group;Whitemouth;New Angela;11:26:41;09:41:25;887-Vm
7033;3787;Richardson Group;Scottfurt;New Jennifer;15:24:28;10:20:07;720-bi
2717;3774;Walters-Martinez;Martinezbury;Johnsonhaven;02:43:00;21:58:33;394-bb
5386;1187;Moreno and Sons;South Kenneth;Lake Amyberg;06:26:49;09:04:36;102-NU
5784;3411;Hubbard-Bell;North Paulmouth;North Paulmouth;01:26:11;14:53:34;704-pe
8442;468;Peterson, Peters and Fitzpatrick;East Jordan;North Jesse;17:55:54;03:30:30;512-iL
5483;613;Jordan, Medina and Sosa;East Hannahside;East Nicolestad;11:15:55;01:54:12;821-Ty
1268;1757;Johnson Inc;East Nicolestad;New Jennifer;07:42:16;09:00:33;278-lZ
6182;1825;Davis-Smith;East Jessicafurt;West Barbara;04:29:41;07:20:41;908-XM
2018;2962;Murphy, Higgins and Montes;Arroyoside;Rhodesmouth;23:35:19;15:17:52;957-im
4371;117;Hoover-Lewis;East Jordan;Scottfurt;02:21:12;10:12:55;982-io
3685;4432;Holt, Wright and Hayes;North Brittanychester;New Angela;22:14:16;11:25:37;893-ip
5161;4026;Holt, Wright and Hayes;South Crystalland;East Jordan;00:21:52;09:46:41;891-mT
8879;2799;Alexander LLC;Williamsburgh;Port Michael;12:01:37;18:57:43;321-vX
1040;2549;Chandler, Smith and Ryan;East Hannahside;Lake Alvin;15:35:03;01:36:16;331-Fv
67;2350;Wells-Castillo;Scottfurt;Lake Dianashire;03:18:43;18:03:10;908-Gc
5058;535;Alexander LLC;Martinezbury;New Jennifer;00:16:45;12:25:26;213-Da
4580;3397;Cox, Clark and Jackson;West Barbara;Judithburgh;07:20:05;08:43:30;742-Dg
1483;3319;Potts Ltd;East Jessicafurt;East Hannahside;09:42:17;22:13:37;107-PB
517;4986;Jennings-Horne;Lake Dwayne;Lake Alvin;18:21:22;02:21:05;719-ns
218;4995;Jordan, Medina and Sosa;Porterstad;Rhodesmouth;05:37:44;16:29:17;109-hO
6660;2465;Davis Inc;South Crystalland;New Jennifer;10:35:50;09:49:58;160-kN
9438;1783;Morgan Inc;Lake Alvin;East Stephenfurt;18:48:07;23:47:43;216-KI
2191;4568;Miller and Sons;Martinezbury;Martinezbury;19:35:09;18:20:23;691-ej
8623;1458;Jordan, Medina and Sosa;South Norman;Martinezbury;07:35:07;23:01:35;296-yl
3774;2825;Schmidt-Allen;New Jennifer;East Hannahside;19:29:01;22:20:06;547-ky
4621;138;Ferrell-Crane;East Jordan;South Crystalland;07:32:17;09:57:37;892-UI
9975;3595;Rivera, Alexander and Wells;South Nicholastown;East Joelborough;13:32:36;23:35:27;049-iA
7774;1820;Thompson and Sons;North Jesse;New Stevenville;12:21:03;08:39:14;525-dX
3180;3070;Morgan Inc;New Danielberg;Whitemouth;15:29:07;09:14:29;775-zP
4033;3595;Gilmore, Hays and Collier;West Matthew;Lake Amyberg;12:43:12;06:25:15;307-SX
2141;3434;Hubbard-Bell;Lake Alvin;Guerrerofort;12:08:45;11:29:36;692-fp
9790;662;Villanueva, Pace and Mueller;Porterstad;Judithburgh;03:28:49;21:19:38;795-XD
7263;4651;Long-Cooper;New Stevenville;East Jordan;02:41:07;17:00:59;044-GO
4754;1750;Pollard PLC;South Crystalland;Scottfurt;04:08:58;18:56:46;195-mS
6744;4276;Schmidt-Allen;East John;Fosterhaven;21:24:18;07:36:59;389-bb
7738;3683;Morgan Inc;Lake Maria;New Danielberg;16:13:38;07:24:09;669-IJ
390;70;Phillips-Johnson;New Jennifer;Sanchezview;10:32:13;18:40:26;074-uX
3390;4636;Jordan, Medina and Sosa;East Hannahside;South Crystalland;20:24:38;02:36:37;021-vl
3781;1550;George Ltd;East Jessicafurt;Fosterhaven;20:19:00;22:04:01;441-RY
9011;1790;Murphy, Higgins and Montes;South Kenneth;Morrisberg;02:22:42;20:54:33;252-Kj
1580;2807;Hubbard-Bell;Sanchezview;Martinezbury;07:17:18;08:46:20;479-EN
5427;1646;Cox, Clark and Jackson;East Christopherstad;South Nicholastown;13:41:58;12:06:30;060-aQ
6906;3787;George Ltd;Jamesborough;East Stephenfurt;19:43:20;19:09:23;482-zx
4334;1290;Huffman-Curtis;Bellland;North Jesse;08:50:01;06:28:23;319-Ft
5538;2888;Jordan, Medina and Sosa;Allenside;Fosterhaven;03:39:08;13:18:25;740-lK
9219;4692;George Ltd;Sanchezview;East Hannahside;14:54:01;22:58:07;974-oW
2112;2794;Watson LLC;Martinezbury;East Hannahside;22:14:54;22:27:03;400-tC
5234;4026;Hoover-Lewis;East Nicolestad;Huntview;23:01:40;22:56:11;494-Ny
5293;2503;Ferrell-Crane;Lake Maria;Guerrerofort;15:46:46;22:39:07;679-zY
2640;2549;Wright-Lee;East Hannahside;South Kenneth;08:48:54;11:27:03;986-kT
5396;2190;Holt, Wright and Hayes;Fosterhaven;West Matthew;14:04:45;09:05:56;043-mI
9224;3326;Ferrell-Crane;Guerrerofort;New Angela;01:24:38;08:53:07;851-aL
6065;2852;Morgan Inc;Harpershire;Bellland;01:24:32;14:33:44;119-Hs
9313;1490;Johnson-Larson;East Hannahside;New Stevenville;08:01:15;00:22:26;613-gT
7565;4186;Thompson and Sons;South Norman;Lake Dianashire;10:06:56;11:24:46;516-bp
3597;112;Watson LLC;Judithburgh;East Nicolestad;20:53:29;07:51:34;132-kb
4196;1211;Miller and Sons;New Jennifer;Williamsburgh;17:15:59;20:04:48;083-SG
5395;2528;Peterson, Peters and Fitzpatrick;Rhodesmouth;East Nicolestad;09:07:28;16:07:46;873-bc
5343;1893;Johnson-Larson;Allenside;South Kenneth;11:45:09;18:44:15;380-iG
1855;478;Davis-Smith;Martinezbury;East Jessicafurt;17:48:20;11:18:27;823-Te
7634;943;Mcclure PLC;Lake Maria;East Christopherstad;18:16:35;20:39:02;403-zt
4593;4262;Huffman-Curtis;Porterstad;East John;11:31:57;06:55:02;368-Yi
5169;1640;Hoover-Lewis;North Brittanychester;Lake Dianashire;12:10:05;07:27:32;908-mn
6464;2333;Smith-Webster;East Stephenfurt;Morrisberg;10:00:39;05:42:12;064-Ys
4866;3462;Perry-Kirk;Lake Amyberg;East Nicolestad;22:18:25;07:58:15;618-hs
9404;1641;Ferrell-Crane;North Jesse;Mccoybury;19:08:54;23:31:37;565-wD
4552;298;Ferrell-Crane;Lake Alvin;Allenside;08:48:03;17:38:13;649-AH
3177;1227;Richardson Group;South Nicholastown;Lake Amyberg;16:31:53;15:23:20;653-wm
9426;2463;Morgan Inc;Fosterhaven;East John;13:09:55;15:35:40;700-bH
862;1504;Martinez-Day;Bellland;East Stephenfurt;16:18:43;13:28:36;624-Lo
5274;3758;Pollard PLC;Kathleenbury;Myerston;09:31:17;19:19:48;411-ff
478;2674;Davis, Carey and Henry;Harpershire;New Danielberg;23:11:49;01:26:49;717-yh
6559;3562;Schmidt-Allen;Mccoybury;Whitemouth;15:52:51;09:50:28;135-yb
8359;3495;Huffman-Curtis;Arroyoside;Porterstad;16:46:54;00:05:10;132-Km
472;2083;Long-Cooper;South Nicholastown;South Norman;19:06:17;06:13:48;695-cS
6301;1188;Burgess-Hanna;Morrisberg;Rhodesmouth;04:29:38;09:57:19;746-zY
4308;1957;Wright-Lee;East Stephenfurt;Kathleenbury;06:30:06;23:57:45;510-NY
8765;2773;Davis Group;East Christopherstad;Williamsburgh;19:06:01;19:52:56;202-Be
2034;166;Villanueva, Pace and Mueller;Allenside;New Jennifer;02:10:09;05:38:28;809-WO
6180;3681;Thomas, Taylor and Johnson;Lake Amyberg;Lake Dwayne;17:49:45;01:33:23;822-SG
6569;619;Miller and Sons;South Kenneth;South Crystalland;04:45:08;07:55:19;371-Hr
2324;3594;Morgan Inc;North Paulmouth;South Kenneth;15:43:36;09:48:46;275-hI
4587;888;Moreno and Sons;East Nicolestad;Fosterhaven;13:41:48;03:01:50;045-gz
6522;1699;Martinez-Day;New Angela;South Crystalland;20:10:31;19:58:17;899-Kq
6375;1385;Hughes, Mclaughlin and Mullins;Porterstad;West Matthew;02:11:11;17:43:22;730-lS
8075;458;Pollard PLC;Allenside;Johnsonhaven;04:20:52;10:15:41;153-PV
8251;537;Gilmore, Hays and Collier;Harpershire;West Matthew;13:03:18;06:18:40;644-vF
855;554;Johnson-Larson;North Paulmouth;Lake Dianashire;05:50:45;01:30:50;798-LO
613;1276;Hoover-Lewis;Porterstad;Huntview;15:42:24;01:38:31;590-Xk
1024;4565;Walters-Martinez;New Jennifer;Lake Maria;16:10:55;10:51:28;745-aD
1762;2742;Peterson, Peters and Fitzpatrick;Huntview;Porterstad;20:35:07;02:29:53;505-kB
1300;4698;Hoover-Lewis;East Joelborough;New Danielberg;12:04:57;21:07:51;197-LF
9033;2203;Long-Cooper;Scottfurt;South Crystalland;00:18:31;22:41:52;322-wR
5947;564;Jordan, Medina and Sosa;South Norman;East Joelborough;03:55:04;02:03:39;198-Kl
8564;3801;Rodriguez Inc;East Jessicafurt;East Nicolestad;08:26:25;05:44:12;406-RU
4620;28;Richardson Group;Fosterhaven;Lake Dianashire;21:42:52;22:13:44;062-SW
1035;4675;Jordan, Medina and Sosa;West Matthew;Guerrerofort;06:32:12;14:28:52;249-Cz
9163;1360;George Ltd;Sanchezview;Porterstad;09:48:06;15:56:10;460-yO
8052;1184;Pollard PLC;North Zacharyland;West Matthew;09:29:10;09:48:34;331-BY
4809;4141;Smith-Webster;Jamesborough;Scottfurt;11:29:01;11:30:12;651-LR
3989;2950;Alexander LLC;Guerrerofort;West Barbara;08:15:20;01:58:07;261-VJ
2857;1385;Gilmore, Hays and Collier;Port Michael;North Jesse;20:32:23;08:30:04;848-wq
8003;3898;Smith-Webster;Myerston;Kathleenbury;13:52:06;16:27:47;817-kq
1392;4457;May-Patterson;East Christopherstad;Port Michael;06:15:20;07:54:15;483-QP
6331;4636;Wright-Lee;East Stephenfurt;East Jessicafurt;13:44:21;04:58:54;853-hK
5118;926;Phillips-Johnson;South Nicholastown;East Stephenfurt;19:10:03;18:15:31;497-KF
139;319;Potts Ltd;New Danielberg;South Nicholastown;17:21:06;06:29:27;446-yy
8996;468;Davis, Carey and Henry;South Norman;Huntview;22:48:02;00:09:54;025-XI
7309;4739;Huffman-Curtis;New Angela;South Crystalland;03:19:16;14:44:27;800-Qf
3410;3630;Ferrell-Crane;East Joelborough;Harpershire;07:54:43;15:39:32;319-Os
4296;1034;Phillips-Johnson;Johnsonhaven;Johnsonhaven;09:40:52;00:47:44;078-FY
1466;1894;Long-Cooper;Harpershire;North Jesse;18:15:52;15:54:26;736-kH
2370;3699;Morgan Inc;South Kenneth;West Barbara;04:11:37;21:14:33;550-iB
7413;3425;Richardson Group;East Stephenfurt;Arroyoside;19:14:57;14:33:29;230-Le
5926;2361;Villanueva, Pace and Mueller;South Crystalland;Scottfurt;06:36:52;05:46:43;425-xu
6888;2127;Ward, Bailey and Middleton;East Jordan;Williamsburgh;11:51:37;21:18:58;560-OM
7908;434;Moreno and Sons;Whitemouth;East Nicolestad;10:37:57;14:51:34;015-zr
1841;1403;Murphy, Higgins and Montes;East Joelborough;Jamesborough;17:39:30;22:20:12;142-qV
5604;4833;Rivera, Alexander and Wells;South Kenneth;North Brittanychester;19:53:12;13:17:52;636-Yh
6943;1295;Phillips-Johnson;Williamsburgh;New Angela;12:26:50;05:00:08;936-do
4414;154;Jordan, Medina and Sosa;South Nicholastown;Whitemouth;23:31:24;05:51:14;977-vg
9550;4832;Rodriguez Inc;Porterstad;East Joelborough;10:20:39;21:58:46;185-bL
2473;2377;Cox, Clark and Jackson;Port Michael;South Norman;05:03:59;07:05:08;893-LH
2325;560;Jennings-Horne;Judithburgh;South Norman;14:13:24;21:43:54;372-aH
3461;289;Burgess-Hanna;Lake Maria;Lake Dianashire;21:05:22;13:42:44;867-ej
3430;1360;Cox, Clark and Jackson;South Nicholastown;East Joelborough;04:05:52;16:11:31;375-UP
6633;106;Watson LLC;Scottfurt;Bellland;22:39:58;23:19:46;139-st
4501;3942;Pollard PLC;Arroyoside;Kathleenbury;09:06:12;19:03:00;122-QI
5473;4396;Liu Group;Huntview;East Stephenfurt;03:30:45;18:12:13;440-aF
620;4747;Pollard PLC;Whitemouth;Guerrerofort;14:07:55;18:05:14;367-lZ
3890;1836;Wells-Castillo;Sanchezview;Lake Alvin;02:28:38;02:55:34;676-zn
4487;2528;Murphy, Higgins and Montes;Jamesborough;Williamsburgh;00:33:41;21:28:28;720-Ae
7509;2848;Potts Ltd;Port Michael;North Jesse;08:11:19;00:24:53;712-lU
8724;82;Gilmore, Hays and Collier;East Christopherstad;East Nicolestad;07:17:17;11:53:20;169-nC
7246;3196;Hughes, Mclaughlin and Mullins;Lake Maria;North Zacharyland;10:52:54;15:34:15;671-FO
9677;3580;Peterson, Peters and Fitzpatrick;West Barbara;Johnsonhaven;10:30:15;14:23:40;053-UV
8274;3683;Murphy, Higgins and Montes;West Barbara;East Joelborough;11:58:45;06:19:05;074-hn
6105;3455;Holt, Wright and Hayes;Lake Dwayne;Jamesborough;01:14:11;10:19:28;586-jh
3228;2096;Davis Group;Sanchezview;East Hannahside;15:40:52;21:40:45;836-SM
9993;3462;Hamilton and Sons;New Danielberg;Bellland;07:08:54;04:04:42;746-pZ
1639;1899;Peterson, Peters and Fitzpatrick;Allenside;East Jordan;23:15:05;12:12:48;260-AX
4447;2888;Wells-Castillo;Lake Dwayne;Harpershire;11:57:50;08:33:22;553-uz
1952;4804;Huffman-Curtis;Lake Alvin;Johnsonhaven;03:18:54;22:44:58;993-Gv
2570;1593;Davis Inc;New Angela;Fosterhaven;20:21:12;10:29:35;425-tu
3900;1613;Davis, Carey and Henry;Porterstad;Huntview;00:14:37;17:38:13;851-Te
336;668;Wells-Castillo;Lake Dwayne;Guerrerofort;11:50:42;09:58:15;982-om
5921;965;Mcclure PLC;East Jessicafurt;Guerrerofort;00:40:10;05:20:32;776-bI
4433;2375;Phillips-Johnson;Lake Williamfort;Lake Dwayne;06:57:45;23:05:50;298-pF
9600;3699;Rivera, Alexander and Wells;East Joelborough;South Crystalland;03:04:35;20:55:48;998-AR
5577;347;Richardson Group;North Jesse;Huntview;02:11:13;23:01:47;000-Jc
9396;3641;Cruz, Woodard and Adams;Arroyoside;Myerston;17:55:14;18:17:01;282-ny
5354;564;Cruz, Woodard and Adams;East Stephenfurt;East Nicolestad;12:52:33;20:43:43;438-Oz
1987;2440;Murphy, Higgins and Montes;Johnsonhaven;New Jennifer;23:42:54;00:27:50;131-qX
2569;2755;Walters-Martinez;Guerrerofort;South Nicholastown;02:25:08;16:04:47;266-NR
3848;851;Hamilton and Sons;Whitemouth;New Jennifer;10:31:56;21:30:52;599-qI
195;1593;Davis Inc;East Hannahside;West Matthew;03:10:03;18:20:56;000-gb
5322;3340;Watson LLC;East Jessicafurt;Harpershire;00:53:31;08:47:27;719-FK
9875;4849;Johnson Inc;Porterstad;Huntview;17:33:52;03:12:05;184-pK
7466;3649;Chandler, Smith and Ryan;Myerston;North Jesse;10:13:10;00:05:57;419-ex
7805;711;Schmidt-Allen;East Hannahside;East John;09:29:27;19:07:57;889-UB
5699;613;Davis, Carey and Henry;Rhodesmouth;Lake Dianashire;18:56:09;15:58:52;458-Qa
8573;930;Pollard PLC;New Stevenville;West Barbara;08:11:45;20:07:34;775-HR
7432;4551;May-Patterson;New Angela;Judithburgh;04:50:35;08:46:11;413-Nt
304;4017;Walters-Martinez;Mccoybury;East Jordan;11:02:25;20:04:25;861-ay
4247;3512;Cruz, Woodard and Adams;East Nicolestad;Lake Amyberg;03:08:52;21:37:22;585-XU
2591;3595;Gilmore, Hays and Collier;South Nicholastown;New Angela;08:59:10;23:43:32;582-cC
2052;4992;Alexander LLC;Allenside;Rhodesmouth;04:33:31;07:09:19;144-Va
7180;4207;Watson LLC;Mccoybury;Martinezbury;18:47:21;22:58:06;403-nh
4092;2093;Davis-Smith;Scottfurt;Morrisberg;13:27:28;23:42:34;361-SC
6068;1696;Schmidt-Allen;North Brittanychester;Huntview;16:35:06;15:25:46;199-sq
7657;407;Wells-Castillo;Fosterhaven;South Crystalland;05:57:20;11:58:21;915-ce
8554;1475;Perry-Kirk;Harpershire;North Jesse;23:18:40;10:03:56;805-Cy
2400;1108;Holt, Wright and Hayes;North Brittanychester;West Matthew;11:07:01;21:25:35;609-hJ
4089;547;Hubbard-Bell;Kathleenbury;South Kenneth;06:22:15;22:25:44;644-IW
9952;3645;Miller and Sons;Bellland;East Joelborough;23:39:14;21:31:01;005-jm
555;3645;Davis-Smith;South Crystalland;East John;11:47:27;08:02:00;058-JX
223;1184;Miller and Sons;Williamsburgh;Jamesborough;00:26:52;06:14:11;465-Hj
1081;1032;Perry-Kirk;Judithburgh;New Angela;18:45:58;21:42:34;632-yc
4263;811;May-Patterson;North Paulmouth;New Stevenville;02:59:40;03:06:35;323-qX
7138;4772;Davis, Carey and Henry;Lake Maria;East Stephenfurt;00:30:35;23:17:21;661-ir
5977;835;Jennings-Horne;New Danielberg;South Crystalland;20:27:13;03:50:55;441-Rc
1764;535;Holt, Wright and Hayes;Myerston;Huntview;04:16:03;21:46:25;458-MW
2880;497;Johnson Inc;Martinezbury;North Jesse;00:26:25;21:53:42;139-qG
3233;3972;Chandler, Smith and Ryan;South Nicholastown;Guerrerofort;13:08:09;22:19:25;458-MO
5968;219;Phillips-Johnson;East Jordan;East John;14:12:30;16:38:16;385-Az
8098;4848;Wells-Castillo;Lake Williamfort;New Angela;16:21:31;15:43:46;299-jo
4955;2564;Schmidt-Allen;Allenside;North Paulmouth;20:06:34;02:39:09;601-gT
1304;1697;May-Patterson;Sanchezview;East Hannahside;16:05:53;21:25:36;429-Ve
9087;2768;Burgess-Hanna;Bellland;West Matthew;00:55:00;11:41:28;142-ad
2334;2641;Morgan Inc;Harpershire;East John;19:59:47;08:52:41;557-nw
7286;2073;Moreno and Sons;Lake Amyberg;Mccoybury;11:40:57;17:44:52;924-xx
1484;1360;May-Patterson;New Jennifer;New Angela;09:54:37;17:30:02;314-Iu
2188;1028;Hubbard-Bell;Lake Williamfort;South Crystalland;06:07:42;03:56:34;034-ul
1556;3215;Liu Group;South Crystalland;New Stevenville;00:40:23;12:49:09;935-YJ
4090;3811;Villanueva, Pace and Mueller;Whitemouth;Lake Maria;05:54:50;15:46:19;823-yU
4581;2852;Cruz, Woodard and Adams;Lake Dianashire;Morrisberg;11:29:26;13:39:18;770-DL
4099;1665;Davis Group;Harpershire;Huntview;23:50:56;10:34:46;465-pU
8745;619;Alexander LLC;Bellland;Lake Amyberg;04:20:29;01:05:22;484-aq
5639;3802;Potts Ltd;Fosterhaven;Williamsburgh;01:13:22;09:38:18;240-QJ
668;3054;Potts Ltd;Port Michael;North Brittanychester;22:01:01;15:26:01;119-vr
6780;580;Mcclure PLC;North Zacharyland;South Norman;08:22:31;20:00:14;772-Ox
7481;3886;Holt, Wright and Hayes;North Jesse;South Kenneth;05:42:35;05:35:30;425-Ro
6179;2799;Davis-Smith;Mccoybury;New Stevenville;21:12:11;02:09:07;841-rH
2981;4433;Perry-Kirk;East Jordan;Lake Amyberg;02:22:05;20:07:38;909-fd
4889;2605;Cox, Clark and Jackson;South Nicholastown;South Norman;22:15:52;21:59:01;968-Cw
6911;589;Morgan Inc;Guerrerofort;East Jordan;01:41:30;14:26:19;647-nu
3952;4614;Potts Ltd;East Jordan;South Nicholastown;20:19:02;22:03:29;194-je
7531;4026;Johnson Inc;East Christopherstad;Porterstad;01:07:29;05:08:30;393-Fs
7967;1;May-Patterson;Scottfurt;New Danielberg;18:22:33;04:36:00;898-YD
2794;965;Thompson and Sons;South Nicholastown;Martinezbury;00:27:32;21:05:03;571-iD
414;3101;Ferrell-Crane;Huntview;Lake Amyberg;21:23:02;23:43:25;289-MV
8077;860;Johnson-Larson;Whitemouth;New Stevenville;15:47:13;19:38:51;866-HP
89;1794;Peterson, Peters and Fitzpatrick;Fosterhaven;New Stevenville;02:54:36;14:17:37;079-XG
3706;2836;Liu Group;Johnsonhaven;Porterstad;10:04:58;10:14:21;155-ZN
7771;2827;Jordan, Medina and Sosa;West Matthew;South Crystalland;20:08:16;03:30:30;735-Yd
6254;1415;Rodriguez Inc;West Matthew;South Crystalland;16:40:05;01:16:19;854-CZ
3644;660;Potts Ltd;Jamesborough;East Nicolestad;11:09:20;07:32:33;373-El
9342;3904;Villanueva, Pace and Mueller;Huntview;Whitemouth;00:33:20;08:49:15;510-nf
5210;2288;Walters-Martinez;Myerston;South Crystalland;04:11:40;18:12:35;103-fk
8330;4694;Schmidt-Allen;East Christopherstad;Lake Alvin;08:03:42;00:34:57;390-ju
2413;4358;Thomas, Taylor and Johnson;East Jessicafurt;Harpershire;08:34:13;17:43:01;891-kZ
7195;1836;Watson LLC;Bellland;Arroyoside;07:57:01;00:43:39;113-eI
728;3972;Thompson and Sons;East Jordan;Morrisberg;12:26:17;00:41:59;182-zG
9864;4772;Wells-Castillo;Lake Dianashire;Lake Williamfort;04:14:57;08:56:53;671-Wm
9082;512;Hughes, Mclaughlin and Mullins;Rhodesmouth;Lake Amyberg;10:14:08;03:58:39;024-pJ
5036;3630;Cox, Clark and Jackson;Mccoybury;New Danielberg;04:03:26;22:08:21;209-fQ
8883;1108;Gilmore, Hays and Collier;West Matthew;East Joelborough;12:05:05;10:56:34;991-rO
5752;2865;Smith-Webster;New Danielberg;Guerrerofort;18:47:24;07:14:13;280-nB
5573;2860;Davis Group;East Hannahside;New Stevenville;06:36:10;02:09:52;394-zu
3939;1956;Johnson-Larson;East Stephenfurt;Johnsonhaven;20:13:43;03:31:43;712-MD
2946;4901;Miller and Sons;Lake Dwayne;Huntview;22:18:38;23:31:10;733-YU
9042;3368;May-Patterson;South Nicholastown;Jamesborough;16:13:56;06:51:11;193-Oh
458;1950;Phillips-Johnson;Williamsburgh;Arroyoside;06:51:28;01:34:50;415-lP
9109;1568;Mcclure PLC;West Matthew;Lake Amyberg;06:16:45;00:09:08;220-yX
9315;3368;Liu Group;New Stevenville;Lake Dwayne;16:35:15;02:04:47;118-Rp
6200;4608;Gilmore, Hays and Collier;Myerston;Judithburgh;20:15:49;14:39:31;732-wk
6452;1022;Richardson Group;Lake Maria;Harpershire;10:45:36;07:13:02;068-iF
9906;4432;Jennings-Horne;Port Michael;South Nicholastown;01:34:51;22:06:43;179-Al
4015;860;May-Patterson;Williamsburgh;North Brittanychester;11:01:54;21:31:34;883-nQ
2559;3695;Moreno and Sons;East John;Sanchezview;16:10:02;23:16:47;927-Ck
5769;1477;Holt, Wright and Hayes;Huntview;Judithburgh;18:10:45;06:11:29;709-Mz
7324;4804;George Ltd;East Hannahside;Port Michael;06:38:12;06:34:56;426-uy
2255;4440;Long-Cooper;Bellland;South Nicholastown;07:43:34;23:27:09;417-FM
6823;4976;Schmidt-Allen;Harpershire;South Crystalland;00:23:12;12:23:26;195-ON
3519;1784;George Ltd;Lake Alvin;North Zacharyland;19:46:27;05:51:23;219-hW
3689;3427;Davis Inc;Harpershire;North Paulmouth;21:55:37;01:50:39;047-lO
1517;4843;Mcclure PLC;Lake Alvin;South Norman;07:09:23;10:58:40;951-Nd
5631;2069;Hughes, Mclaughlin and Mullins;Kathleenbury;Scottfurt;22:09:56;06:16:26;721-ev
3443;2039;Cruz, Woodard and Adams;Jamesborough;East Hannahside;03:29:49;17:58:43;532-xg
2137;3725;Phillips-Johnson;Harpershire;Bellland;11:15:19;09:34:16;070-Oj
5811;3450;Watson LLC;New Stevenville;Lake Amyberg;18:16:08;05:17:55;648-tR
5325;3083;Phillips-Johnson;Morrisberg;Arroyoside;22:59:47;09:48:42;655-ha
493;2311;Hubbard-Bell;Lake Alvin;Lake Maria;04:27:30;03:42:19;491-lh
9529;1787;Moreno and Sons;North Brittanychester;Bellland;22:36:53;13:01:38;924-BD
2881;4017;Wright-Lee;Sanchezview;South Norman;02:09:45;06:02:17;787-Vo
7964;3706;Smith-Webster;Fosterhaven;Arroyoside;05:37:25;03:23:19;995-jo
7991;3787;Gilmore, Hays and Collier;Arroyoside;Morrisberg;14:51:35;08:45:03;868-VV
2372;965;Watson LLC;Mccoybury;Guerrerofort;06:28:41;02:36:25;294-qN
4563;74;Lopez, Williams and Mcconnell;East Christopherstad;Lake Dianashire;21:12:36;01:18:21;141-Aj
6890;3282;Pollard PLC;East Hannahside;Guerrerofort;19:23:57;08:18:51;449-YI
8638;4692;Johnson Inc;East Christopherstad;New Angela;15:04:05;23:02:06;436-wx
9135;2806;Walters-Martinez;North Paulmouth;Williamsburgh;21:35:07;04:58:35;384-Oh
3165;4350;Thomas, Taylor and Johnson;New Jennifer;Kathleenbury;09:35:56;21:11:26;606-lK
2887;2671;Walters-Martinez;South Kenneth;South Norman;22:35:03;06:08:56;751-ve
9468;4516;Hubbard-Bell;Lake Amyberg;Huntview;19:17:00;04:02:08;633-oL
4985;2090;Johnson Inc;New Stevenville;Bellland;13:13:09;17:32:17;549-Vp
4153;3801;Davis Inc;New Angela;Lake Maria;15:07:42;02:53:32;256-MV
2063;2807;Davis, Carey and Henry;East Christopherstad;Williamsburgh;10:01:44;07:13:11;505-OL
1793;3777;Thomas, Taylor and Johnson;Morrisberg;Martinezbury;04:58:30;23:35:27;773-He
3286;2516;Hoover-Lewis;South Crystalland;New Stevenville;05:31:45;16:35:45;783-zC
4064;3559;Lopez, Williams and Mcconnell;Fosterhaven;West Barbara;19:19:47;20:17:48;461-bN
2827;4030;Richardson Group;Kathleenbury;Lake Dianashire;12:41:47;14:45:08;001-yC
7250;1947;Schmidt-Allen;Kathleenbury;East Nicolestad;01:10:22;13:45:15;930-En
1025;1688;George Ltd;Huntview;Bellland;16:46:16;21:41:47;667-Pg
4480;3767;Thompson and Sons;Guerrerofort;East Hannahside;00:16:06;00:41:49;948-tq
206;4832;Chandler, Smith and Ryan;Lake Dwayne;South Norman;22:07:31;01:10:28;502-CF
7889;2852;Johnson-Larson;Scottfurt;Harpershire;07:23:45;16:00:40;805-LM
4665;1950;Wells-Castillo;South Crystalland;South Crystalland;07:23:32;20:52:43;051-WI
7462;509;Richardson Group;East Nicolestad;Martinezbury;02:56:13;23:41:17;087-IX
7725;750;Burgess-Hanna;South Kenneth;West Barbara;04:44:29;01:53:57;552-Df
2249;4760;Johnson Inc;Judithburgh;Mccoybury;20:18:24;22:13:00;774-iC
8642;57;George Ltd;North Zacharyland;Morrisberg;07:58:24;01:05:59;207-yB
7855;2936;Ward, Bailey and Middleton;East Hannahside;Harpershire;11:06:35;00:58:07;862-fR
1323;2097;Gilmore, Hays and Collier;West Barbara;East Jordan;10:25:21;06:12:47;450-Yf
6014;990;Hoover-Lewis;East Nicolestad;Guerrerofort;21:54:39;22:07:00;101-Ou
1450;2350;Smith-Webster;Porterstad;Lake Williamfort;20:12:12;12:51:34;511-db
8580;4552;Peterson, Peters and Fitzpatrick;New Jennifer;East Stephenfurt;07:31:16;04:58:16;626-lp
8710;3000;Martinez-Day;New Angela;Johnsonhaven;16:47:27;16:25:37;480-Qy
8911;1074;Jennings-Horne;Mccoybury;South Kenneth;20:32:42;19:31:44;676-PB
5235;2946;George Ltd;Judithburgh;Harpershire;01:51:12;12:52:21;059-dJ
754;702;George Ltd;East Hannahside;South Nicholastown;09:09:41;01:25:06;288-TT
7694;813;Richardson Group;Arroyoside;East Nicolestad;23:45:40;14:21:21;600-OS
6118;4841;Smith-Webster;West Matthew;North Paulmouth;12:26:00;00:57:15;659-op
9642;3641;Walters-Martinez;Port Michael;North Zacharyland;09:23:31;09:27:11;227-WL
1215;4288;Mcclure PLC;Mccoybury;Rhodesmouth;01:49:12;11:38:05;190-Dr
6611;2361;Potts Ltd;Jamesborough;Lake Dianashire;22:07:34;04:05:38;029-Fz
841;1525;Davis Group;Porterstad;South Norman;08:07:34;22:52:25;327-wA
1661;2896;Johnson-Larson;Judithburgh;Myerston;05:37:45;18:24:12;828-Aj
895;4452;Thompson and Sons;East Christopherstad;Allenside;10:39:31;09:08:00;649-aw
3786;1077;George Ltd;East Jessicafurt;Bellland;16:49:04;14:54:01;160-Vl
2872;1836;Morgan Inc;Fosterhaven;New Angela;23:29:44;08:37:07;197-Ww
9872;3213;Hubbard-Bell;North Brittanychester;Judithburgh;23:02:12;04:37:43;285-Ra
215;4977;Cruz, Woodard and Adams;East Christopherstad;Whitemouth;01:59:35;18:49:36;841-Dq
5702;456;Rivera, Alexander and Wells;New Stevenville;Lake Dwayne;02:50:12;18:57:49;607-Tq
8194;1184;Hughes, Mclaughlin and Mullins;East John;South Nicholastown;19:46:27;03:11:04;454-Jw
1885;2463;Pollard PLC;North Paulmouth;Allenside;05:21:59;21:50:11;978-Pk
7599;2625;Davis Group;Bellland;Allenside;12:05:45;18:40:09;503-TX
7430;3056;Hughes, Mclaughlin and Mullins;West Barbara;East Nicolestad;02:30:10;09:37:59;944-QS
3739;4698;Thomas, Taylor and Johnson;Whitemouth;East Jessicafurt;08:13:52;22:37:51;754-Dw
5130;4262;Martinez-Day;Kathleenbury;New Stevenville;15:10:35;10:54:43;699-So
1536;2936;Johnson-Larson;Jamesborough;Kathleenbury;13:01:36;03:17:16;703-xw
5447;3586;Hubbard-Bell;Huntview;Judithburgh;04:07:27;11:36:44;678-Na
303;4144;Davis Group;East John;Judithburgh;11:59:08;04:59:00;473-Op
3764;2689;Rivera, Alexander and Wells;East John;Sanchezview;01:31:54;18:14:22;706-rY
7757;3771;Davis, Carey and Henry;Lake Dwayne;South Norman;08:14:57;00:36:34;616-FN
4030;1547;Ward, Bailey and Middleton;West Matthew;Lake Alvin;03:43:14;20:20:18;865-rL
8763;4832;Wright-Lee;Huntview;East Joelborough;06:27:01;22:30:57;693-ZV
9613;2658;Long-Cooper;Lake Maria;Port Michael;15:13:42;14:11:58;630-yQ
743;1526;Wells-Castillo;Arroyoside;Bellland;16:48:00;14:22:49;579-mf
1482;2506;Hubbard-Bell;Arroyoside;Scottfurt;07:33:27;01:44:00;402-Jf
3218;4955;Huffman-Curtis;Allenside;New Danielberg;07:03:16;05:03:56;634-is
1511;4474;Smith-Webster;Port Michael;Mccoybury;04:07:10;08:54:28;368-Jv
3931;1108;Davis-Smith;Rhodesmouth;New Stevenville;10:50:39;05:13:20;464-UB
2505;2799;Morgan Inc;East Hannahside;Morrisberg;20:44:19;14:10:58;641-pF
9006;1333;Smith-Webster;Lake Dwayne;Rhodesmouth;06:50:40;19:35:48;146-Om
6477;3157;Thompson and Sons;West Barbara;Huntview;09:45:07;00:12:21;645-Hw
9546;3874;Peterson, Peters and Fitzpatrick;Williamsburgh;East Jordan;07:26:10;05:28:07;006-Xp
762;4358;Phillips-Johnson;Judithburgh;East Nicolestad;00:54:04;15:51:16;795-BO
4104;4241;Peterson, Peters and Fitzpatrick;East Christopherstad;South Kenneth;10:46:15;04:59:26;811-TD
3456;3906;Alexander LLC;Sanchezview;New Angela;16:26:34;16:35:51;474-sr
1767;4681;Long-Cooper;Huntview;Porterstad;04:42:08;14:47:01;047-IK
8992;129;Lopez, Williams and Mcconnell;South Nicholastown;South Norman;07:58:04;17:58:03;701-JZ
5016;2634;Smith-Webster;New Jennifer;Arroyoside;17:25:43;07:25:09;034-sD
645;4976;George Ltd;Lake Maria;North Brittanychester;03:02:50;17:10:37;509-ic
6259;2278;Miller and Sons;Huntview;Huntview;23:17:57;14:31:37;875-UI
751;2506;Chandler, Smith and Ryan;Myerston;West Matthew;03:29:28;04:43:28;272-xT
1847;4075;Ward, Bailey and Middleton;Myerston;East Christopherstad;02:21:11;14:30:18;099-ch
2392;4327;Chandler, Smith and Ryan;East Hannahside;Lake Williamfort;08:49:31;22:27:24;888-MK
4709;2466;Lopez, Williams and Mcconnell;East Hannahside;East Stephenfurt;03:38:19;10:07:24;006-jj
7569;1583;Hughes, Mclaughlin and Mullins;South Nicholastown;South Kenneth;14:28:32;21:20:27;529-qV
1229;1983;May-Patterson;Whitemouth;South Norman;21:22:29;23:06:41;761-mK
508;2855;Burgess-Hanna;South Norman;Lake Williamfort;17:17:59;09:27:41;109-Sn
2480;4849;Wells-Castillo;West Matthew;Sanchezview;07:21:05;08:46:49;461-KL
9737;156;Murphy, Higgins and Montes;Martinezbury;East Joelborough;14:22:14;20:35:19;931-QC
5117;4399;Gilmore, Hays and Collier;Bellland;East Hannahside;22:17:33;06:02:34;015-Hj
3122;1568;Morgan Inc;West Barbara;Sanchezview;22:08:38;01:29:48;418-le
6608;2466;Long-Cooper;North Zacharyland;East Nicolestad;00:06:16;20:44:48;416-Ld
6698;711;George Ltd;North Zacharyland;Bellland;00:54:01;09:05:16;331-kH
7449;2397;May-Patterson;Kathleenbury;North Zacharyland;18:36:56;08:33:24;079-cp
3187;2841;Perry-Kirk;Mccoybury;Rhodesmouth;06:20:26;02:49:21;844-MT
6929;4049;May-Patterson;New Stevenville;Sanchezview;08:07:48;00:19:21;952-yt
1682;2231;Ward, Bailey and Middleton;Myerston;New Stevenville;21:22:02;08:03:22;762-HZ
9105;1035;Pollard PLC;Rhodesmouth;South Norman;01:27:09;15:41:35;890-zO
8634;3711;Wells-Castillo;East Jessicafurt;Sanchezview;17:12:05;23:46:06;112-uk
8670;133;Huffman-Curtis;West Barbara;New Angela;20:30:09;07:53:11;653-tr
8118;1187;Gilmore, Hays and Collier;Martinezbury;South Norman;03:47:16;18:36:43;467-sM
2184;3438;Mcclure PLC;Scottfurt;South Norman;16:35:37;03:35:10;419-Lo
4894;3425;Jennings-Horne;Williamsburgh;South Kenneth;17:22:42;12:52:39;841-ZH
4995;2841;Morgan Inc;Harpershire;North Jesse;16:32:40;16:22:43;860-Rm
7328;3559;Potts Ltd;North Paulmouth;Lake Amyberg;04:14:12;10:28:07;062-At
4669;3220;Ferrell-Crane;East Stephenfurt;East John;20:53:55;19:00:50;280-fy
8921;4811;Murphy, Higgins and Montes;Rhodesmouth;New Stevenville;02:29:39;21:27:21;323-Am
6;4832;Watson LLC;West Matthew;Jamesborough;01:26:23;01:52:31;340-mK
623;2812;Peterson, Peters and Fitzpatrick;Bellland;East Hannahside;04:41:09;08:35:47;631-vB
8946;3725;Thompson and Sons;Lake Alvin;Lake Maria;19:26:36;17:00:49;893-lU
9257;327;Rivera, Alexander and Wells;New Angela;West Barbara;07:40:19;10:58:21;668-rR
3034;3426;May-Patterson;Porterstad;Morrisberg;19:45:01;07:11:09;258-xJ
9365;3048;Hubbard-Bell;Harpershire;Lake Alvin;19:08:00;23:29:30;387-vP
5684;4399;Wright-Lee;New Jennifer;East Stephenfurt;03:11:57;22:37:09;126-OL
4983;4263;Miller and Sons;East Stephenfurt;New Angela;18:05:37;11:53:27;275-CG
5167;3345;Rodriguez Inc;North Brittanychester;Porterstad;16:53:56;12:33:15;771-QF
6462;702;Davis Inc;Porterstad;Mccoybury;16:35:23;22:16:37;618-Gq
9587;1697;Lopez, Williams and Mcconnell;North Jesse;Myerston;09:35:31;06:43:52;968-QU
2247;1995;Hoover-Lewis;Harpershire;East Christopherstad;00:05:48;23:57:31;783-rj
6909;1906;Davis Group;West Matthew;Lake Dwayne;01:49:26;16:56:16;599-pB
5401;509;Cruz, Woodard and Adams;Judithburgh;Lake Dwayne;10:33:41;05:08:53;928-Zi
7538;4328;Schmidt-Allen;Lake Dwayne;Jamesborough;22:35:40;09:35:58;965-Ss
4689;1231;Hamilton and Sons;Jamesborough;South Crystalland;15:38:58;04:17:12;332-tL
3097;3641;Peterson, Peters and Fitzpatrick;Lake Dianashire;Porterstad;03:36:22;22:14:55;047-vI
6528;2984;Johnson Inc;East Nicolestad;Jamesborough;02:48:09;04:37:02;636-Fb
9524;4014;Jordan, Medina and Sosa;Lake Alvin;Arroyoside;23:32:53;15:00:45;583-IV
1582;2691;Johnson Inc;South Norman;Williamsburgh;15:19:39;22:41:24;356-Sp
6443;2629;Gilmore, Hays and Collier;South Crystalland;Harpershire;00:19:08;12:54:19;036-lp
2003;3605;Cox, Clark and Jackson;New Angela;East Christopherstad;00:41:01;09:50:38;758-nd
3741;1043;Davis Inc;Arroyoside;Lake Williamfort;20:45:58;18:55:55;729-ww
3356;750;Cruz, Woodard and Adams;Sanchezview;Lake Amyberg;10:27:13;18:39:15;386-bk
2749;2404;Pollard PLC;Porterstad;South Crystalland;13:38:04;12:47:50;677-io
6197;3894;Schmidt-Allen;Scottfurt;South Norman;13:20:08;07:52:48;921-ib
1148;1560;Peterson, Peters and Fitzpatrick;Bellland;East Jessicafurt;02:55:39;22:01:45;203-sn
7615;3427;George Ltd;Lake Williamfort;Guerrerofort;12:47:03;06:37:36;623-XZ
4731;3497;Moreno and Sons;East Jessicafurt;East Jessicafurt;04:50:12;04:21:46;424-WZ
8396;4800;Cox, Clark and Jackson;Lake Dwayne;Lake Dianashire;07:16:59;21:40:07;856-gB
2084;4420;Alexander LLC;South Crystalland;Whitemouth;02:40:58;06:02:20;984-oD
9648;3699;Murphy, Higgins and Montes;Williamsburgh;Allenside;11:38:00;11:40:01;401-sP
2731;1043;Thomas, Taylor and Johnson;Scottfurt;West Matthew;02:54:03;01:38:37;718-oh
433;4603;Wright-Lee;Lake Amyberg;Lake Maria;10:22:33;04:23:40;384-SW
29;1047;Pollard PLC;South Norman;Williamsburgh;23:16:34;12:49:47;881-sO
2755;2062;Morgan Inc;Fosterhaven;South Norman;11:14:55;19:22:49;804-st
3246;1426;Miller and Sons;South Norman;East Jordan;16:06:57;18:18:19;119-mi
1786;2528;Ferrell-Crane;East Christopherstad;Lake Dianashire;06:27:37;08:45:03;409-DO
3963;4869;Hughes, Mclaughlin and Mullins;New Angela;Arroyoside;02:30:24;10:40:43;860-uX
2077;2039;Cruz, Woodard and Adams;Lake Maria;New Jennifer;04:43:32;16:21:23;169-Fi
6746;3486;Wright-Lee;Lake Dwayne;New Stevenville;20:25:40;09:53:24;160-Rs
8262;1687;Hoover-Lewis;West Matthew;East Jessicafurt;12:50:01;11:09:33;095-pf
4676;3005;Jordan, Medina and Sosa;South Norman;South Kenneth;01:22:52;19:22:54;184-dZ
1900;1188;Hoover-Lewis;Lake Dwayne;Lake Alvin;11:23:07;15:30:58;033-dr
8825;2449;Davis Inc;Mccoybury;New Stevenville;03:54:01;17:17:12;279-sL
1166;3779;Miller and Sons;Myerston;East Stephenfurt;20:22:28;10:04:48;963-ZO
8990;860;Cox, Clark and Jackson;South Nicholastown;Johnsonhaven;18:53:23;06:51:28;637-Tv
4246;2740;Hubbard-Bell;Lake Amyberg;East Jessicafurt;21:29:00;20:47:05;350-Lr
4922;2453;Watson LLC;Huntview;Lake Williamfort;23:20:51;02:31:16;864-EI
3402;2085;Wells-Castillo;South Crystalland;Guerrerofort;01:38:37;18:49:31;591-vW
7793;406;Gilmore, Hays and Collier;Kathleenbury;Huntview;03:10:50;11:52:17;452-uK
3055;1381;Davis Inc;New Angela;Arroyoside;01:07:23;02:12:18;141-iK
7605;3967;Jordan, Medina and Sosa;Mccoybury;Lake Dwayne;06:10:49;17:49:04;460-ov
3659;4440;Hubbard-Bell;Lake Amyberg;South Nicholastown;00:48:56;21:48:25;494-bc
1589;1475;Wells-Castillo;Harpershire;Martinezbury;11:57:36;01:26:27;592-af
2113;1633;Cox, Clark and Jackson;Harpershire;Williamsburgh;02:04:32;18:43:39;958-YY
5149;3869;Murphy, Higgins and Montes;New Stevenville;New Stevenville;19:31:29;04:59:32;496-BV
3681;990;Morgan Inc;Scottfurt;East Jessicafurt;04:46:52;02:21:16;280-uc
7998;4266;Thomas, Taylor and Johnson;Huntview;Porterstad;23:21:28;00:15:15;435-ai
8293;2693;Jordan, Medina and Sosa;South Kenneth;Williamsburgh;01:40:34;16:00:28;554-iC
9052;4760;Johnson Inc;North Jesse;East John;15:42:53;20:29:03;379-hJ
203;986;Davis-Smith;Huntview;Kathleenbury;13:12:37;13:21:13;654-Td
2000;386;Holt, Wright and Hayes;North Zacharyland;Lake Williamfort;10:40:48;09:19:35;150-bZ
1826;3525;Alexander LLC;New Angela;New Danielberg;02:20:20;08:49:57;159-hF
7513;3277;Schmidt-Allen;Port Michael;New Stevenville;14:01:22;09:14:01;363-Kp
9264;1866;Davis-Smith;Port Michael;Lake Alvin;06:09:55;22:25:35;141-kV
3127;2435;Wells-Castillo;Jamesborough;Johnsonhaven;05:54:42;08:24:11;621-sf
2161;1477;Martinez-Day;East John;Johnsonhaven;19:14:02;15:07:07;811-cL
6672;2344;Martinez-Day;Allenside;New Jennifer;05:21:07;15:32:18;239-jj
389;2855;Thomas, Taylor and Johnson;Arroyoside;East Stephenfurt;03:27:58;15:56:06;250-fW
2142;3882;Johnson-Larson;Morrisberg;Guerrerofort;09:24:27;16:54:26;716-QE
4602;1875;Perry-Kirk;Harpershire;Lake Maria;08:31:28;02:21:42;434-Py
3316;3359;Moreno and Sons;New Stevenville;Sanchezview;04:24:52;03:43:49;138-xc
2842;4457;Johnson Inc;Lake Dwayne;East Jessicafurt;02:42:22;05:49:39;872-GJ
1374;3699;Martinez-Day;South Norman;West Matthew;22:40:25;16:36:56;389-ex
8723;2841;Wells-Castillo;Rhodesmouth;West Matthew;20:41:03;19:41:30;248-GW
6451;813;Ward, Bailey and Middleton;East Stephenfurt;Mccoybury;17:51:00;02:52:18;200-ff
3991;2855;Lopez, Williams and Mcconnell;Bellland;Lake Amyberg;03:33:56;16:15:45;477-zw
3590;2115;Jennings-Horne;Lake Maria;Kathleenbury;06:09:33;22:39:53;466-zT
5162;414;Long-Cooper;Lake Amyberg;Lake Dwayne;06:51:59;20:02:02;756-Fv
3463;2377;Liu Group;Jamesborough;Judithburgh;13:42:31;10:56:56;816-yV
2636;1043;Morgan Inc;Lake Amyberg;Lake Dwayne;15:59:28;19:51:44;598-wr
8435;2115;Cox, Clark and Jackson;East Stephenfurt;East Joelborough;14:49:10;13:49:38;838-jZ
7992;3711;Wells-Castillo;South Norman;Bellland;07:39:36;10:16:40;751-qA
6236;2621;Jordan, Medina and Sosa;Sanchezview;South Kenneth;18:01:53;13:03:03;991-ej
3642;1589;Jennings-Horne;West Barbara;East Jessicafurt;00:21:26;15:54:38;541-KG
1922;1403;Long-Cooper;Johnsonhaven;South Nicholastown;19:42:35;22:56:39;034-fY
5500;2054;Perry-Kirk;Rhodesmouth;East Nicolestad;05:11:16;10:19:39;859-au
6979;26;Lopez, Williams and Mcconnell;West Matthew;Guerrerofort;16:28:16;02:25:15;661-hS
6510;965;Watson LLC;North Zacharyland;Rhodesmouth;14:07:13;17:31:36;029-xB
6980;377;Perry-Kirk;Mccoybury;North Jesse;08:30:13;15:11:20;778-Ll
2456;4999;Hamilton and Sons;Johnsonhaven;Johnsonhaven;06:57:49;11:49:28;892-tZ
7726;247;Watson LLC;South Nicholastown;East Hannahside;00:26:42;17:20:23;336-yC
724;3967;Jennings-Horne;Scottfurt;South Kenneth;06:01:54;23:20:38;233-ox
550;716;Wright-Lee;North Brittanychester;Allenside;23:08:21;11:55:13;593-Qx
3955;3828;Perry-Kirk;Judithburgh;East Jessicafurt;00:10:45;03:06:34;418-ne
6211;1560;Long-Cooper;Rhodesmouth;Martinezbury;06:32:21;15:35:43;803-JC
5339;2148;Richardson Group;Allenside;Bellland;06:43:29;05:57:15;915-uj
9553;356;Alexander LLC;North Jesse;Porterstad;11:31:08;17:51:01;731-po
8810;4017;Rivera, Alexander and Wells;North Brittanychester;New Danielberg;10:23:39;10:13:18;256-Oq
3905;2288;Jennings-Horne;New Danielberg;Judithburgh;02:04:03;03:24:52;374-BM
1032;4419;Huffman-Curtis;Allenside;Rhodesmouth;19:16:16;02:57:56;882-Am
8297;246;Johnson Inc;Johnsonhaven;East Jordan;02:35:12;05:11:59;525-VQ
2580;965;Pollard PLC;East Stephenfurt;Lake Maria;22:35:14;01:48:21;248-GG
6373;1909;Holt, Wright and Hayes;Huntview;Port Michael;12:24:29;13:25:07;487-LQ
8164;1163;May-Patterson;East Stephenfurt;Johnsonhaven;11:51:19;01:05:21;357-HG
8930;1516;Watson LLC;Whitemouth;Allenside;14:24:18;08:24:56;500-Jq
5555;4493;Potts Ltd;Fosterhaven;North Zacharyland;03:00:27;21:45:19;020-Fz
2391;4551;Phillips-Johnson;North Brittanychester;North Brittanychester;03:08:41;16:05:47;284-Gr
3868;3158;Jennings-Horne;Scottfurt;West Barbara;08:36:17;02:46:38;248-nL
1316;2440;Cox, Clark and Jackson;North Brittanychester;Port Michael;03:39:08;14:03:21;486-Kb
8218;4076;Potts Ltd;Porterstad;Port Michael;05:54:17;12:39:01;322-NJ
264;1750;Martinez-Day;North Brittanychester;Port Michael;00:04:55;07:13:44;993-br
3119;1426;Ferrell-Crane;East Jessicafurt;Lake Dwayne;23:06:46;04:23:37;232-er
7919;2039;Gilmore, Hays and Collier;East Stephenfurt;South Nicholastown;14:18:42;23:56:02;256-Te
8156;956;Moreno and Sons;Martinezbury;South Norman;10:13:30;17:41:36;398-qh
5123;3048;Morgan Inc;Huntview;West Barbara;11:16:46;02:11:20;132-Tn
7345;456;Thompson and Sons;Harpershire;North Jesse;21:26:37;20:44:49;405-hZ
4970;188;Miller and Sons;Harpershire;New Jennifer;15:11:15;15:35:31;177-uN
5053;3679;Ward, Bailey and Middleton;South Nicholastown;Martinezbury;01:29:48;00:29:11;227-HU
8722;3817;Miller and Sons;East Jessicafurt;New Angela;17:17:09;14:45:51;537-Sc
2597;2652;Liu Group;Huntview;Arroyoside;13:27:40;14:31:41;904-Fd
4008;3828;Alexander LLC;New Jennifer;East Jessicafurt;05:17:08;21:54:09;222-Mq
9158;1415;Johnson Inc;New Danielberg;West Barbara;09:16:22;18:38:37;710-Nu
2180;4747;Chandler, Smith and Ryan;South Crystalland;New Danielberg;05:24:12;21:20:09;269-TT
3171;1964;Huffman-Curtis;Lake Dwayne;Lake Williamfort;12:44:31;23:43:18;773-uk
7540;4220;Murphy, Higgins and Montes;East Joelborough;Lake Alvin;11:20:33;08:37:13;153-hF
2694;4433;Moreno and Sons;North Zacharyland;South Nicholastown;10:50:42;09:39:31;480-My
7708;1365;George Ltd;South Nicholastown;West Matthew;06:32:06;03:22:45;799-Dc
7576;2085;Jennings-Horne;Allenside;Morrisberg;02:04:25;14:25:29;433-Bf
3520;2959;Potts Ltd;Mccoybury;Lake Williamfort;16:25:16;05:05:41;240-pf
3679;4827;Jordan, Medina and Sosa;Arroyoside;Martinezbury;01:40:12;19:43:16;408-zP
1343;2053;Perry-Kirk;New Jennifer;Harpershire;22:12:55;11:57:43;885-iM
5437;3411;Thompson and Sons;West Barbara;North Jesse;04:17:00;14:31:18;914-wf
6227;4419;Davis-Smith;South Norman;North Zacharyland;07:16:45;17:05:41;358-OA
9458;1745;Walters-Martinez;South Norman;North Paulmouth;17:06:11;04:38:00;789-Bi
4819;3562;Davis, Carey and Henry;Porterstad;Lake Alvin;03:32:23;22:59:38;536-Ky
7789;188;Alexander LLC;Jamesborough;Guerrerofort;10:01:52;04:02:14;604-qK
4753;302;Peterson, Peters and Fitzpatrick;Lake Alvin;New Angela;10:18:45;22:27:20;372-Pa
934;894;Chandler, Smith and Ryan;North Paulmouth;North Jesse;14:52:40;21:01:25;064-wx
3010;4358;Cruz, Woodard and Adams;Whitemouth;South Nicholastown;17:36:50;04:12:30;139-ps
5872;4263;Ferrell-Crane;Lake Alvin;Lake Dianashire;00:52:16;19:59:52;943-Ky
4005;1769;Hoover-Lewis;North Jesse;North Brittanychester;10:44:32;13:32:56;307-NW
9649;1629;May-Patterson;Lake Dianashire;Lake Dwayne;14:09:17;11:12:28;912-DJ
1036;1207;Cox, Clark and Jackson;Sanchezview;East Jordan;01:11:41;11:47:47;285-jC
2315;391;Davis Inc;New Stevenville;South Norman;00:45:34;15:45:04;566-io
7474;154;Lopez, Williams and Mcconnell;New Jennifer;South Kenneth;01:38:56;18:52:36;119-aJ
4236;3289;Lopez, Williams and Mcconnell;Lake Maria;Sanchezview;08:12:51;16:47:54;847-sS
5276;2408;Rodriguez Inc;New Jennifer;Porterstad;21:53:29;11:12:47;697-lZ
6793;603;Johnson Inc;East Jessicafurt;New Danielberg;09:25:44;17:04:28;732-Rc
8162;4694;Potts Ltd;West Barbara;Allenside;21:41:33;05:27:21;337-Bv
7626;2799;Rodriguez Inc;East Joelborough;Huntview;12:09:40;12:00:54;955-xh
6075;4231;Cruz, Woodard and Adams;East Christopherstad;Kathleenbury;04:56:18;21:04:59;486-Rb
4522;4333;Smith-Webster;Bellland;Lake Williamfort;18:23:35;14:29:27;510-Ic
3440;3438;Wells-Castillo;Mccoybury;Lake Williamfort;22:59:41;03:30:47;697-Dv
2131;434;Rivera, Alexander and Wells;Porterstad;Myerston;11:11:01;05:53:20;132-Pk
3067;2837;Perry-Kirk;South Norman;North Jesse;09:04:38;23:24:29;768-gX
3783;2518;Davis Group;Scottfurt;Lake Amyberg;06:55:42;02:05:05;971-Ga
2181;2080;Walters-Martinez;Lake Dwayne;South Norman;09:32:33;06:41:32;321-Ic
9424;2174;Walters-Martinez;North Brittanychester;Kathleenbury;15:57:29;08:05:19;627-pR
598;1042;Richardson Group;Lake Amyberg;Scottfurt;01:57:45;08:51:27;364-hS
5064;1970;Walters-Martinez;Bellland;Arroyoside;06:40:27;23:56:52;394-PN
147;3723;Hamilton and Sons;Morrisberg;East Joelborough;02:44:08;17:12:03;220-Qo
8558;4473;Hoover-Lewis;Harpershire;East Stephenfurt;14:34:58;00:39:44;591-kg
8605;1842;Watson LLC;Guerrerofort;East Joelborough;07:14:19;21:20:16;699-Pd
7296;4892;Watson LLC;Lake Alvin;Martinezbury;10:55:39;17:51:09;276-al
6311;4202;Lopez, Williams and Mcconnell;Port Michael;Morrisberg;12:34:06;22:30:11;985-cq
5015;3738;Huffman-Curtis;Allenside;Lake Alvin;21:04:27;01:04:38;508-XS
7680;1593;Johnson Inc;Scottfurt;Martinezbury;09:39:32;08:44:44;563-Fm
5760;1629;Perry-Kirk;Sanchezview;Scottfurt;13:43:52;18:08:24;586-aW
4545;3569;Rivera, Alexander and Wells;Allenside;Judithburgh;23:40:51;15:42:15;519-fd
9611;2855;Phillips-Johnson;South Kenneth;Lake Amyberg;05:59:48;02:31:41;988-wa
9939;4485;Burgess-Hanna;East Stephenfurt;South Norman;21:33:30;14:31:01;698-KE
3364;2917;Potts Ltd;Lake Alvin;East Hannahside;19:00:51;12:42:48;999-CI
7933;3157;Richardson Group;New Danielberg;Martinezbury;15:57:40;13:56:08;237-jO
893;1665;Gilmore, Hays and Collier;Mccoybury;New Danielberg;01:13:16;03:36:46;692-ET
1480;1625;Pollard PLC;Williamsburgh;Arroyoside;12:29:46;07:27:41;102-WC
3873;947;Perry-Kirk;New Stevenville;Lake Dwayne;09:29:05;10:19:16;851-ss
6004;305;Lopez, Williams and Mcconnell;Morrisberg;Whitemouth;05:08:18;08:40:31;361-hh
6362;3462;Johnson Inc;Williamsburgh;Porterstad;08:53:17;20:53:37;142-yd
5982;1593;Ferrell-Crane;Rhodesmouth;North Brittanychester;20:20:19;17:26:11;172-vD
953;4386;Walters-Martinez;East Stephenfurt;East Jessicafurt;07:15:52;22:42:42;894-Bk
4352;1047;Watson LLC;Whitemouth;Lake Alvin;06:26:51;09:42:32;288-eW
6184;1077;Alexander LLC;Morrisberg;Fosterhaven;04:22:56;16:12:54;652-WT
8207;138;Davis-Smith;East Hannahside;New Danielberg;18:44:54;18:13:28;648-Wc
7587;1856;Miller and Sons;East Christopherstad;East Nicolestad;23:27:35;13:35:00;953-mx
2458;3989;Miller and Sons;Martinezbury;Guerrerofort;04:43:40;06:20:50;794-Pt
4375;4399;Villanueva, Pace and Mueller;East John;South Nicholastown;18:19:45;21:18:32;724-Uw
3334;1348;Gilmore, Hays and Collier;East Nicolestad;Guerrerofort;18:34:40;08:06:30;553-yu
4851;894;Davis-Smith;New Stevenville;South Kenneth;20:31:29;11:20:47;861-Sh
4154;989;Davis Group;Lake Dianashire;East Nicolestad;01:05:31;11:37:49;310-Wj
4616;1205;Wells-Castillo;Lake Amyberg;Lake Dianashire;11:38:47;19:28:51;550-QP
1133;4516;Ferrell-Crane;Myerston;South Nicholastown;17:50:54;06:46:58;602-WE
5187;4360;Alexander LLC;West Matthew;North Paulmouth;01:53:31;06:27:05;728-Wo
1190;990;Davis Inc;Lake Dianashire;New Stevenville;11:27:30;17:44:31;387-IO
6275;2062;Cruz, Woodard and Adams;Kathleenbury;East Hannahside;16:25:16;18:47:29;183-XP
7243;1048;Wells-Castillo;East Christopherstad;Bellland;08:35:59;12:55:43;796-Nb
1350;999;Long-Cooper;New Jennifer;Allenside;21:58:14;14:50:17;314-ds
6836;404;Miller and Sons;Johnsonhaven;Sanchezview;00:07:24;08:48:40;313-xz
4055;302;Davis Group;Arroyoside;Lake Maria;03:18:21;12:47:15;000-ZN
8285;2093;Jennings-Horne;North Jesse;Allenside;11:16:40;21:05:50;600-Hw
3911;3886;Pollard PLC;South Crystalland;East Christopherstad;06:34:20;05:22:40;198-ds
8481;1205;Hamilton and Sons;Bellland;Allenside;07:13:28;12:49:57;453-pX
1473;4568;Rivera, Alexander and Wells;Arroyoside;Lake Amyberg;02:49:45;03:14:34;906-JN
3009;3699;Watson LLC;East Jessicafurt;Lake Dianashire;21:30:44;01:35:34;350-cD
713;3353;Pollard PLC;West Matthew;South Nicholastown;03:27:36;11:54:36;285-Fy
6967;4906;Morgan Inc;Judithburgh;East John;06:52:03;06:17:07;719-Yo
8620;1695;Davis, Carey and Henry;New Angela;Lake Amyberg;23:21:53;14:46:09;231-NG
4205;2361;Villanueva, Pace and Mueller;Rhodesmouth;Harpershire;06:07:17;19:32:22;314-Br
1672;224;Peterson, Peters and Fitzpatrick;Lake Dianashire;Johnsonhaven;11:42:48;09:50:05;438-DC
9792;1042;Thompson and Sons;New Angela;Lake Alvin;02:56:34;19:39:19;548-QN
882;2841;Watson LLC;Lake Amyberg;Guerrerofort;05:28:49;12:08:24;402-LB
9283;2768;Murphy, Higgins and Montes;Porterstad;New Danielberg;00:38:08;20:40:03;088-mm
3612;3257;Pollard PLC;East Joelborough;Lake Dwayne;00:44:03;17:34:26;643-Kk
2551;2806;Wright-Lee;Johnsonhaven;Rhodesmouth;00:57:56;06:07:20;326-pQ
8939;76;Mcclure PLC;Kathleenbury;Huntview;02:54:23;03:01:52;138-WE
2259;478;Hoover-Lewis;East John;South Norman;20:49:15;07:30:50;571-Fh
9563;3835;Pollard PLC;North Brittanychester;East Nicolestad;16:04:07;21:21:34;786-eT
8934;3586;Jordan, Medina and Sosa;Mccoybury;New Stevenville;04:52:27;14:23:04;053-OA
3417;2397;Hughes, Mclaughlin and Mullins;Lake Williamfort;Lake Maria;13:04:33;23:44:21;827-ko
4752;2950;Holt, Wright and Hayes;Lake Amyberg;Lake Alvin;06:59:46;14:28:24;568-uV
2934;3805;Cox, Clark and Jackson;Lake Dwayne;Morrisberg;02:23:47;09:14:51;450-Gs
9044;3326;Smith-Webster;Myerston;Jamesborough;21:13:22;02:10:37;251-fw
6989;1108;Chandler, Smith and Ryan;New Danielberg;North Paulmouth;01:44:20;01:37:29;736-uU
9736;1665;Ward, Bailey and Middleton;Judithburgh;North Brittanychester;11:55:51;22:32:18;443-YK
8147;4163;Miller and Sons;North Jesse;Judithburgh;09:07:31;08:00:26;568-se
5519;3725;Alexander LLC;New Jennifer;New Jennifer;09:06:22;16:44:11;779-Kk
2412;1727;Thomas, Taylor and Johnson;Lake Dwayne;New Angela;12:23:43;23:54:51;967-uC
8732;4118;Murphy, Higgins and Montes;Port Michael;Williamsburgh;04:54:49;05:13:05;281-UZ
2654;2941;Pollard PLC;East Hannahside;North Brittanychester;12:35:07;09:54:34;513-BD
8775;1483;Murphy, Higgins and Montes;Lake Amyberg;North Brittanychester;23:33:25;02:55:01;216-JU
600;3777;Cruz, Woodard and Adams;North Brittanychester;South Norman;09:17:26;03:09:14;018-LT
9269;1613;Pollard PLC;New Jennifer;North Zacharyland;05:44:31;07:43:15;820-NG
6520;4118;Thompson and Sons;Harpershire;Lake Williamfort;22:34:57;05:13:02;821-PN
9506;2954;Ward, Bailey and Middleton;Porterstad;Huntview;07:42:31;09:39:28;826-uO
6679;2156;Rodriguez Inc;Lake Amyberg;Martinezbury;09:59:18;06:49:58;553-bB
1891;4901;Huffman-Curtis;Bellland;Sanchezview;03:06:38;08:01:20;705-aL
1112;4843;Long-Cooper;Lake Amyberg;Rhodesmouth;05:26:36;15:33:05;499-SX
6058;246;Ferrell-Crane;Morrisberg;Johnsonhaven;04:44:03;12:46:18;339-Py
5841;3099;Hughes, Mclaughlin and Mullins;New Stevenville;East John;11:08:29;23:35:40;338-Nc
7289;4300;Davis Inc;East Hannahside;Lake Williamfort;18:28:46;00:14:03;779-fN
9996;4843;Smith-Webster;Morrisberg;East Hannahside;20:57:26;10:34:20;375-Cl
9666;1483;Lopez, Williams and Mcconnell;East Jordan;South Norman;14:32:22;03:32:57;035-mb
1921;219;Peterson, Peters and Fitzpatrick;East Jordan;East Jordan;03:26:02;01:06:36;490-Nk
406;1790;Smith-Webster;North Paulmouth;South Norman;21:31:30;01:10:21;321-Pn
5221;4302;Villanueva, Pace and Mueller;West Matthew;Sanchezview;06:10:36;15:47:10;369-ix
7158;1375;Lopez, Williams and Mcconnell;East Joelborough;South Kenneth;07:37:54;21:17:58;607-gY
4877;965;Pollard PLC;Johnsonhaven;Huntview;18:43:52;00:48:37;262-tC
3065;4301;Mcclure PLC;Kathleenbury;South Norman;20:38:21;08:44:40;589-Qu
5644;2827;Moreno and Sons;Martinezbury;Allenside;09:01:15;11:44:06;575-bE
6759;3906;Jennings-Horne;Lake Maria;West Matthew;23:12:43;14:39:01;199-Qw
2543;963;Davis, Carey and Henry;Sanchezview;Lake Alvin;23:33:20;18:33:21;884-qM
2734;3213;May-Patterson;North Paulmouth;Lake Maria;09:11:40;17:39:27;041-VM
9277;2507;Wells-Castillo;East Hannahside;East Jordan;01:17:04;16:55:07;973-gz
7960;4027;Watson LLC;Judithburgh;Porterstad;02:11:58;06:39:20;947-Tv
1365;3316;Ward, Bailey and Middleton;Bellland;East John;00:43:12;06:03:05;512-wr
4470;3830;Schmidt-Allen;New Angela;East Joelborough;23:10:23;02:55:04;869-WM
6645;76;Perry-Kirk;East Christopherstad;East Joelborough;04:33:45;18:55:30;490-vj
8023;3425;Phillips-Johnson;Morrisberg;East Jordan;14:28:43;01:22:19;594-if
2797;2807;Perry-Kirk;East Hannahside;South Nicholastown;21:31:54;17:32:42;716-Rq
596;2027;Davis, Carey and Henry;Lake Dwayne;Lake Maria;01:26:14;22:46:23;621-ui
5612;2061;Ward, Bailey and Middleton;South Crystalland;Lake Maria;13:52:47;12:59:34;265-Pj
1572;3817;Rivera, Alexander and Wells;Arroyoside;Mccoybury;16:13:05;21:44:46;916-sF
8875;4076;George Ltd;Fosterhaven;Lake Maria;01:56:37;07:03:45;871-cg
62;4030;Wells-Castillo;Whitemouth;Arroyoside;08:16:45;20:27:26;711-DW
7872;3462;Davis, Carey and Henry;East John;South Crystalland;03:31:20;11:50:32;813-jn
4410;1496;Murphy, Higgins and Montes;East Joelborough;Sanchezview;02:15:38;03:58:06;243-Ef
973;1490;Johnson Inc;East Christopherstad;Lake Maria;07:37:59;23:48:41;025-Ip
586;3533;Rodriguez Inc;East Christopherstad;South Kenneth;01:54:51;13:05:52;598-bN
8450;2592;Huffman-Curtis;Bellland;West Barbara;01:11:35;04:45:44;311-LW
